block,plots,VCP0.32,VCP0.71,VCP1.18,lo1inph,lo2inph,lo3inph,lo1err,lo2err,lo3err,HCP0.32,HCP0.71,HCP1.18,hi1inph,hi2inph,hi3inph,hi1err,hi2err,hi3err,repeat,treatment,name
1,1,23.17,25.64,31.27,2.87,3.21,3.51,0,0.2,0.1,23.1,30.45,39.65,3.12,3.32,3.77,0,0.2,0.4,1,55,Akteur
1,1,23.58,26.8,32.11,2.85,3.08,3.39,0,0.1,0.1,22.75,31.48,40.78,3.05,3.32,3.79,0.1,0.2,0.3,2,55,Akteur
1,1,23.99,26.58,31.67,2.86,3.1,3.4,0,0.1,0.3,22.59,30.73,39.93,3.07,3.34,3.81,0.2,0.1,0.1,3,55,Akteur
1,2,22.11,25.19,29.95,2.85,3.1,3.42,0,0.1,0.2,22,29.15,37.2,3.09,3.34,3.85,0.2,0.2,0,1,46,Cadenza
1,2,23.05,24.59,28.54,2.84,3.08,3.35,0.1,0.2,0.1,22.55,28.3,35.85,3.06,3.3,3.72,0.1,0,0,2,46,Cadenza
1,2,22.39,23.89,27.32,2.87,3.05,3.31,0,0.1,0,20.44,26.55,33.74,3.08,3.33,3.79,0.2,0.2,0.2,3,46,Cadenza
1,3,20.37,22.5,26.86,2.86,3.06,3.17,0.2,0,0.2,18.9,25.73,33.21,3.02,3.15,4.17,0,0.1,0,1,5,JB Diego
1,3,21.92,22.26,26.92,2.79,3.06,3.29,0.1,0,0,22.33,26.78,34.6,3.05,3.26,3.87,0,0.3,0.3,2,5,JB Diego
1,3,21.12,23.53,27.83,2.75,2.47,2.64,0,0,0.2,20.22,28.01,36.86,2.99,3.24,3.73,0,0,0,3,5,JB Diego
1,4,25.17,26.2,31.98,3.44,3.04,2.35,0.2,0.1,0.7,23.06,32.42,41.38,3.03,3.29,3.81,0,0.1,0.1,1,19,AC Unity
1,4,23.59,26.75,31.98,2.85,3.04,3.35,0.2,0,0,22.96,30.39,39.06,3.06,3.34,3.79,0,0.1,0,2,19,AC Unity
1,4,20.97,23.7,28.77,2.92,3.12,3.41,0.1,0,0,20.41,27.23,35.96,3.07,3.35,3.78,0.1,0.2,0.2,3,19,AC Unity
1,5,23.91,25.67,29.92,2.9,3.19,3.6,0.3,0,0.5,23.89,30.08,37.46,3.11,3.36,3.81,0.1,0.1,0,1,25,Oakes
1,5,21.85,23.77,27.48,2.85,3.06,3.37,0,0,0.1,20.43,25.66,34.01,3.01,3.29,3.68,0,0,0,2,25,Oakes
1,5,21.22,23.43,27.27,2.86,3.09,3.38,0,0,0,20.93,26.87,35.24,3.09,3.33,3.74,0.3,0.2,0.2,3,25,Oakes
1,6,22.09,23.66,27.8,2.9,3.22,3.54,0,0,0.1,21.61,26.88,33.48,3.03,3.33,3.77,0.2,0,0.1,1,35,Gallant (med)
1,6,23.2,24.02,27.28,2.88,3.09,3.38,0.1,0.1,0,20.7,25.85,31.79,3.04,3.31,3.72,0,0,0.3,2,35,Gallant (med)
1,6,20.77,22.41,26.08,2.88,3.09,3.35,0.2,0.2,0.5,18.83,24.02,30.15,3.06,3.31,3.72,0,0.3,0,3,35,Gallant (med)
1,7,20.52,21.18,24.2,2.84,3.07,3.41,0.1,0,0.2,20.28,23.64,30.86,3.06,3.34,3.78,0.4,0.6,0.4,1,68,Cellule
1,7,21.86,21.68,24.44,2.87,3.06,3.32,0,0,0.4,20.94,24.25,30.08,3.05,3.32,3.78,0,0.3,0.4,2,68,Cellule
1,7,21.25,20.71,24.06,2.87,3.08,3.35,0.1,0.1,0.4,18.86,23.63,31.56,3.07,3.33,3.76,0,0.3,0,3,68,Cellule
1,8,21.48,23.32,27.39,2.89,3.09,3.43,0,0,0.3,22.78,28.27,35.72,3.05,3.3,3.76,0.2,0.1,0.1,1,72,Bermude
1,8,21.23,23.53,27.93,2.87,3.09,3.39,0,0.1,0.1,21.39,27.24,34.52,3.11,3.36,3.81,0,0.2,0,2,72,Bermude
1,8,21.76,23.86,27.93,2.9,3.09,3.38,0,0,0.6,20.35,27.23,35.76,3.09,3.34,3.84,0.1,0,0.2,3,72,Bermude
1,9,20.41,22.76,27.65,2.91,3.13,3.42,0.1,0,0.8,20.03,27.06,34.98,3.02,3.32,3.79,0.1,0.4,0.2,1,24,SY Southwind
1,9,21.22,23.8,28.32,2.89,3.11,3.42,0.1,0.1,0,21.86,27.04,35.46,3.06,3.31,3.75,0,0.1,0.1,2,24,SY Southwind
1,9,21.86,23.31,27.78,2.9,3.11,3.39,0.1,0.4,0.2,22.28,26.53,35.5,3.02,3.32,3.73,0.1,0.4,0.2,3,24,SY Southwind
1,10,20.96,22.66,26.2,2.87,3.08,3.33,0,0.3,0.1,20.14,25.31,32.65,3.04,3.29,3.77,0,0,0.4,1,6,KWS Kielder
1,10,23.04,22.26,25.91,2.87,3.1,3.38,0.5,0.1,0,19.6,23.52,29.83,3.01,3.28,3.75,4,3.1,2.7,2,6,KWS Kielder
1,10,23.91,24.03,26.41,2.85,3.04,3.36,0,0,0,21.46,23.78,29.73,3.09,3.35,3.78,0,0,0.1,3,6,KWS Kielder
1,11,20.57,22.01,25.31,2.87,3.11,3.39,0,0,0,19.54,25.02,31.8,3.1,3.38,3.81,0.1,0,0.1,1,63,Interet
1,11,23.07,22.66,25.28,2.88,3.1,3.44,0,0,0.2,18.73,24.81,32.46,3.07,3.3,3.72,0.1,0.3,0,2,63,Interet
1,11,21.58,22.62,26.36,2.89,3.13,3.43,0,0,0,20.89,25.61,32.73,3.09,3.34,3.78,0.2,0.4,0.2,3,63,Interet
1,12,21.46,22.31,25.8,2.89,3.09,3.32,0.1,0.1,0.3,19.66,25.28,32.76,3.04,3.29,3.69,0,0,0.1,1,36,RhtC
1,12,23.73,23.65,26.95,2.86,3.11,3.39,0.1,0,0,19.73,25.68,32.94,3.11,3.31,3.7,0,0.1,0.1,2,36,RhtC
1,12,22.2,23.53,27.66,2.9,3.18,3.47,0,0.2,0.3,21.09,26.12,33.36,3.1,3.33,3.75,0.1,0,0.4,3,36,RhtC
1,13,20.47,21.76,27.13,2.87,3.15,3.43,0.1,0.1,0.6,18.2,26.15,36.23,3.1,3.32,3.78,0.1,0.2,0.1,1,64,SYNAB108101
1,13,24.99,38.66,33.18,2.87,2.54,3.43,0.1,0,0.1,22.84,25.41,41.48,3.08,3.72,3.77,0.3,0.6,0,2,64,SYNAB108101
1,13,23.56,28.01,33.89,2.95,3.14,3.46,0.1,0.1,0.1,23.63,32.64,43.04,3.07,3.32,3.82,0.1,0.1,0,3,64,SYNAB108101
1,14,18.24,21.26,25.77,2.92,3.11,3.36,0,0,0.2,18.61,25.39,34.38,3,3.29,3.81,0,0.1,0.1,1,32,Dickens (med)
1,14,18.78,21.14,25.68,2.91,3.12,3.39,0.2,0.2,0,19.15,25.34,33.99,2.99,3.27,3.75,0.1,0,0.1,2,32,Dickens (med)
1,14,19.74,22.19,26.5,2.91,2.98,2.97,0,0,0.1,19,25.45,33.36,3.1,3.17,3.62,0.2,0.3,0,3,32,Dickens (med)
1,15,21.46,24.85,28.92,2.88,3.09,3.35,0,0,0.2,21.41,27.15,34.06,3.06,3.33,3.73,0,0.1,0,1,26,SY Rowyn
1,15,23.82,24.91,28.53,2.86,3.08,3.33,0,0,0.2,24.2,28.76,34.91,3.04,3.31,3.74,0.1,0.1,0,2,26,SY Rowyn
1,15,24.17,25.39,29.79,2.89,3.13,3.41,0.1,0.2,0.2,22.75,29.12,36.35,3.02,3.29,3.76,0,0,0.3,3,26,SY Rowyn
1,16,22.48,25.55,30.54,2.89,3.12,3.38,0.1,0,0.3,22.31,30.48,40,3.07,3.33,3.78,0.1,0.1,0,1,41,SY112-277 (short)
1,16,22.57,26.28,31.48,2.92,3.13,3.43,0,0.2,0,22.8,29.8,39.91,3.08,3.33,3.67,0,0.1,0.1,2,41,SY112-277 (short)
1,16,22.52,27.45,32.34,2.94,3.03,3.35,0,0.4,0.2,22.78,30.11,39.74,3.05,3.28,3.74,0,0,0,3,41,SY112-277 (short)
1,17,24.99,28.05,32.95,2.89,3,3.13,0,0,0,23.62,32.43,41.11,3.02,2.93,4.4,0,0.1,0,1,57,Meteor 
1,17,24.63,28.75,33.93,2.89,3,3.21,0,0,0.1,23.56,31.2,40.54,3.07,3.28,3.72,0,0.1,0,2,57,Meteor 
1,17,24.57,27.28,32.61,2.93,3.14,3.44,0.2,0.2,0,24.82,32.67,41.49,3.09,3.29,3.78,0.1,0.1,0.2,3,57,Meteor 
1,18,22.07,24.72,29.17,2.96,3.18,3.51,0.1,0.1,0.1,23.72,28.81,35.39,3.02,3.26,3.75,0,0,0.2,1,7,KWS Santiago
1,18,24.14,25.53,29.61,2.9,3.13,3.39,0,0,0,22.05,27.34,34.7,3.07,3.27,3.73,0,0.1,0,2,7,KWS Santiago
1,18,19.92,24.11,28.73,2.93,3.13,3.38,0,0.2,0.4,20.45,26.78,34.09,3.08,3.29,3.73,0.2,0.3,0,3,7,KWS Santiago
1,19,19,21.28,25.7,2.9,3.04,3.34,0.2,0.1,0.1,19.61,26.31,34.1,3.04,3.26,3.79,0,0.1,0.1,1,33,Edward (tall)
1,19,19.5,21.73,25.95,2.97,3.18,3.47,0.2,0.3,0.5,18.52,25.36,33.52,3.08,3.25,3.79,0,0.1,0.2,2,33,Edward (tall)
1,19,19.08,20.49,25.92,2.92,3.18,3.45,0.2,0.3,0.3,18.53,24.87,34.41,3.17,3.42,3.82,0,0,0.2,3,33,Edward (tall)
1,20,24.23,28.07,34.3,2.86,3.13,3.47,0.2,0.2,0.1,23.03,32.03,41.62,3.12,3.38,3.83,0,0,0,1,44,SY112-933 (short)
1,20,25.26,27.49,32.29,2.89,3.14,3.44,0.1,0.1,0,23.57,31.71,39.64,3.07,3.27,3.74,0,0.1,0.2,2,44,SY112-933 (short)
1,20,20.77,22.99,27.5,2.9,3.14,3.44,0,0.2,0.4,20.11,26.79,34.77,3.08,3.33,3.79,0,0.6,0,3,44,SY112-933 (short)
1,21,20.96,21.79,25.58,2.87,3.13,3.43,0.3,0.2,0.5,19.63,23.34,31.36,3.09,3.33,3.71,0.3,0,0,1,13,Riband
1,21,19.4,20.9,25.28,2.93,3.15,3.41,0.1,0,0.3,18.31,23.22,31.07,3.06,3.32,3.73,0.1,0.3,0.1,2,13,Riband
1,21,20.31,22.27,26.98,2.93,3.16,3.45,0,0.3,0.1,20.52,25.35,33.84,3.05,3.3,3.7,0,0,0.1,3,13,Riband
1,22,18.69,22.05,26.34,2.92,3.13,3.42,0.1,0.3,0,19.86,25.47,33.09,3.07,3.31,3.75,0.2,0.3,0.1,1,28,SY Ovation
1,22,21.57,24.31,27.94,2.9,3.11,3.4,0,0.3,0.2,20.97,25.84,31.4,3.15,3.32,3.73,0.2,0,0.1,2,28,SY Ovation
1,22,20.7,23.21,26.44,2.95,3.16,3.44,0,0,0,18.22,23.76,30.85,2.97,3.26,3.72,0.1,0.1,0,3,28,SY Ovation
1,23,21.92,22.56,26.46,2.89,3.1,3.37,0.2,0.3,0,20.66,26.17,32.29,3.07,3.3,3.73,0,0.3,0.1,1,18,5602HR:1-
1,23,24.41,23.82,26.64,2.85,3.11,3.39,0.1,0.2,0.4,23.18,26.93,34.1,3.04,3.31,3.71,0,0.3,0.3,2,18,5602HR:1-
1,23,21.33,22.58,26.39,2.93,3.13,3.34,0,0,0.1,19.79,26.14,35.32,3,3.24,3.66,0,0.1,0.2,3,18,5602HR:1-
1,24,21.31,23.55,28.59,2.91,3.16,3.44,0.1,0.1,0.1,21.71,28.33,36.51,3.04,3.3,3.76,0.1,0.2,0,1,56,Kranich 
1,24,22.79,24.36,28.4,2.9,3.15,3.44,0.1,0,0.1,21.67,27.98,37.3,3.05,3.29,3.77,0,0.1,0.1,2,56,Kranich 
1,24,22.01,23.35,27.92,2.9,3.15,3.44,0.1,0,0,20.51,27.61,37.96,3.04,3.31,3.75,0.1,0.2,0,3,56,Kranich 
1,25,22.11,24.56,29.87,2.92,3.14,3.46,0.1,0.1,0.2,21.26,27.17,37.25,3.01,3.31,3.78,0.2,0,0.1,1,47,Gladiator
1,25,21.87,24.71,30.06,2.89,3.12,3.44,0,0.1,0.2,22.63,27.94,36.83,3.02,3.31,3.83,0,0,0,2,47,Gladiator
1,25,23.55,25.54,31.14,2.88,3.13,3.46,0.1,0,0,24.52,29.8,39.11,3.03,3.29,3.73,0.3,0.1,0.8,3,47,Gladiator
1,26,22.58,24.93,29.39,2.89,3.1,3.39,0,0.1,0.2,22.29,28.33,35.78,3.1,3.33,3.79,0,0,0.1,1,51,Türkis 
1,26,23.78,25.29,29.21,2.86,3.08,3.38,0,0.2,0.3,21.56,26.86,34.42,3.14,3.34,3.81,0.1,0.1,0.1,2,51,Türkis 
1,26,24.31,24.74,28.53,2.88,3.12,3.43,0,0.1,0.4,21.7,26.99,34.03,3.07,3.32,3.77,0.1,0.1,0.3,3,51,Türkis 
1,27,21.08,23.29,26.59,2.89,3.14,3.42,0,0.3,0.4,19.72,26.23,34.67,3.11,3.35,3.74,0,0.1,0.3,1,8,Oakley
1,27,21.62,22.24,25.98,2.9,3.12,3.37,0,0.1,0.3,21.55,26.25,31.62,3.08,3.33,3.74,0,0.1,0.2,2,8,Oakley
1,27,23.14,20.95,24.47,2.93,3.17,3.48,0,0.1,0.3,20.53,24.72,30.67,3.08,3.33,3.82,0.1,0.1,0,3,8,Oakley
1,28,21.74,24.76,28.8,2.93,3.12,3.41,0,0,0,21.47,26.93,32.8,3.08,3.34,3.74,0.1,0,0.2,1,31,Cubanita (med)
1,28,21.82,22.6,26.48,2.88,3.13,3.38,0,0.1,0.3,19.67,24.33,31.7,3.07,3.4,3.73,0,0.2,0.1,2,31,Cubanita (med)
1,28,18.97,19.97,24.21,2.93,3.13,3.43,0,0.1,0.2,16.71,21.88,30.78,3.06,3.35,3.78,0.1,0.5,0,3,31,Cubanita (med)
1,29,19.3,21.46,25.79,2.9,3.1,3.39,0.1,0.4,0.1,17.69,23.95,32.51,3.06,3.33,3.79,0,0.2,0.5,1,59,Helmond
1,29,21.72,23.55,27.75,2.89,3.14,3.43,0.4,0.2,0.3,19.06,25.35,34.16,3.12,3.37,3.8,0,0.1,0,2,59,Helmond
1,29,23.47,25.63,29.86,2.89,3.13,3.42,0.1,0.2,0,19.59,26.72,35.65,3.11,3.34,3.76,0,0.5,0,3,59,Helmond
1,30,20.91,22.45,27.78,2.87,3.12,3.35,0.1,0.1,0,19.7,28.45,37.07,3.07,3.36,3.95,0,0.1,0.1,1,2,Cordiale
1,30,24.64,23.22,28.21,2.97,3.16,3.45,0,0,0,19.67,24.9,34.23,3.08,3.23,3.76,0.1,0.1,0.1,2,2,Cordiale
1,30,20.75,23.22,27.88,2.9,3.11,3.41,0.1,0.5,0.5,20.47,27.12,35.75,3.08,3.3,3.78,0.1,0,0.1,3,2,Cordiale
1,31,21.01,23.84,27.75,2.88,2.99,3.09,0.1,0.1,0.2,20.78,27.02,33.7,3.04,3.18,3.7,0.1,0.3,0,1,38,Reflection (short)
1,31,24.54,24.75,27.38,2.76,2.57,2.78,0.3,0.6,0.4,20.61,27.05,33.96,2.98,3.19,3.69,0.1,0.1,0.3,2,38,Reflection (short)
1,31,20.78,23.01,27.13,2.93,3.12,3.39,0,0,0.1,19.7,25.29,32.33,3.02,3.3,3.73,0,0.4,0.1,3,38,Reflection (short)
1,32,21.68,25.83,31.29,2.88,3.1,3.42,0.1,0.2,0.1,21.38,29.56,38.41,3.07,3.33,3.79,0.1,0.1,0.2,1,14,Scout
1,32,23.64,26.54,31.89,2.87,3.12,3.43,0.1,0.1,0.2,22.56,31.36,41.35,3.1,3.31,3.8,0,0,0.2,2,14,Scout
1,32,23.57,27.4,32.87,2.9,3.13,3.44,0,0.2,0.2,23.56,30.66,40.54,3.13,3.33,3.78,0.8,0.2,0.2,3,14,Scout
1,33,22.52,27.11,32.44,2.88,3.07,3.31,0.1,0.1,0,23.68,31.13,39.65,3.07,3.28,3.72,0.1,0,0,1,61,SY 11DE11228
1,33,21.25,26.09,31.3,2.89,3.1,3.4,0,0,0,22.06,30.74,39.7,3.11,3.35,3.85,0.2,0.1,0,2,61,SY 11DE11228
1,33,22.39,25.47,30.67,2.89,3.09,3.37,0.1,0.3,0.1,21.68,29.58,38.01,3.06,3.3,3.92,0,0.2,0,3,61,SY 11DE11228
1,34,21.56,23.4,27.24,2.91,3.11,3.4,0,0.2,0,20.77,27.21,33.85,3.08,3.32,3.83,0.1,0.5,0.2,1,9,Player
1,34,23.67,24.9,28.65,2.88,3.02,3.22,0,0.2,0.3,22.57,28.35,33.91,3.07,3.32,3.89,0,0,0.2,2,9,Player
1,34,22.69,25.35,28.65,2.86,3.01,3.35,0,0.2,0.4,21.96,27.65,34.72,3.12,3.31,3.76,0.1,0,0,3,9,Player
1,35,20.58,23.6,28.72,2.91,3.11,3.42,0.7,0,0.4,21.27,27.24,36.73,3.07,3.34,3.8,0,0.2,0,1,30,SY Flint
1,35,21.65,23.66,28.22,2.87,3.1,3.4,0,0.3,0,20.35,26.72,35.55,3.04,3.36,3.79,0.1,0.2,0.2,2,30,SY Flint
1,35,21,24.21,29.59,2.87,3.13,3.42,0.1,0,0.4,21.46,28.62,37.03,3.04,3.3,3.81,0.1,0,0.2,3,30,SY Flint
1,36,21.91,25.97,30.41,2.89,3.12,3.47,0,0,0,21.99,29.33,37.89,3.1,3.41,3.82,0.2,0,0.1,1,60,SY Ferry
1,36,22.35,24.91,29.34,2.91,3.14,3.43,0.1,0.1,0.4,20,25.7,34.34,3.1,3.34,3.77,0,0.4,0.2,2,60,SY Ferry
1,36,19.51,21.31,25.67,2.9,3.13,3.39,0.2,0.2,0.1,18.4,24.5,32.41,3.08,3.35,3.75,0,0,0,3,60,SY Ferry
1,37,18.14,19.43,23.65,2.87,3.1,3.41,0,0.2,0,15.21,22.61,31.94,3.19,3.38,3.79,0.2,0.1,0,1,21,Jagger
1,37,19.51,21.86,26.17,2.89,3.11,3.37,0,0,0,20.06,24.94,33.24,3.15,3.38,3.76,0.1,0,0,2,21,Jagger
1,37,20.67,22.53,26.87,2.88,3.1,3.37,0,0,0.2,20.12,26.37,35.37,3.09,3.34,3.72,0.1,0,0,3,21,Jagger
1,38,20.47,21.89,25.31,2.9,3.13,3.4,0,0.1,0.1,19.38,23.84,31.1,3.09,3.35,3.77,0.1,0.2,0.2,1,58,Bernstein
1,38,21.01,22.45,26.12,2.88,3.1,3.36,0,0,0.1,21.01,24.78,31.82,3.11,3.3,3.71,0,0.1,0,2,58,Bernstein
1,38,22.77,24.93,27.99,2.87,3.07,3.36,0,0,0.2,20.78,26.75,34.18,3.12,3.39,3.8,0.1,0,0.2,3,58,Bernstein
1,39,23.82,26.11,30.09,2.85,3.06,3.32,0,0.2,0.3,22.65,28.17,35.99,3.1,3.38,3.83,0,0.1,0.1,1,49,Rialto
1,39,24.6,26.2,29.3,2.89,3.09,3.35,0,0,0,21.48,28.41,37.04,3.12,3.36,3.87,0.1,0,0.1,2,49,Rialto
1,39,21.8,25.18,30.12,2.9,3.1,3.38,0,0.1,0.3,21.46,27.52,37.62,3.15,3.38,3.81,0,0,0.2,3,49,Rialto
1,40,20.57,24.77,30.2,2.92,3.13,3.43,0,0,0.1,22.73,29.32,39.32,3.11,3.34,3.85,0.1,0.2,0.1,1,3,Glasgow
1,40,22.03,24.74,29.8,2.89,3.1,3.39,0.1,0,0.3,23.29,29.69,38.63,3.07,3.29,3.85,0,0.4,0.3,2,3,Glasgow
1,40,22.35,24.75,29.06,2.87,3.08,3.39,0.1,0,0.1,21.95,28.28,37.68,3.09,3.39,3.81,0.1,0.1,0.2,3,3,Glasgow
1,41,22.97,27.54,32.58,2.82,3.02,3.38,0,0,0.2,26.75,33.58,41.16,3.09,3.37,3.92,0,0,0.2,1,53,Inspiration
1,41,23.52,26.59,30.91,2.91,3.1,3.42,0,0.4,0.3,22.78,30.26,39.87,3.07,3.35,3.88,0.1,0.1,0.2,2,53,Inspiration
1,41,22.26,25.66,31.01,2.89,3.13,3.45,0.1,0.2,0,23.03,29.76,38.44,3.05,3.32,3.84,0.1,0.2,0.1,3,53,Inspiration
1,42,25.57,28.16,32.05,2.87,3.07,3.38,0,0,0.1,24.86,30.03,36.89,3.08,3.34,3.8,0,0.1,0.4,1,50,Avalon
1,42,24.54,27.06,31.3,2.85,3.07,3.38,0.1,0,0.3,24.86,30.94,37.88,3.1,3.33,3.85,0.1,0,0,2,50,Avalon
1,42,25.61,27.92,31.66,2.86,3.08,3.38,0,0.2,0.5,23.46,29.34,37.08,3.11,3.37,3.86,0,0.1,0,3,50,Avalon
1,43,24.65,26.5,29.78,2.86,3.09,3.39,0.1,0,0,25.96,29.37,35.96,3.11,3.35,3.8,0,0,0.1,1,66,Bologna 902109
1,43,22.68,24.13,27.68,2.89,3.12,3.4,0.1,0.1,0.1,21.41,24.72,31.43,3.1,3.39,3.8,0,0,0,2,66,Bologna 902109
1,43,20.69,22.32,26,2.84,3.08,3.39,0.1,0.2,0,18.63,23.82,31.19,3.17,3.43,3.86,0,0,0.1,3,66,Bologna 902109
1,44,22.46,24.62,28.52,2.81,2.77,3.16,0,0.2,0.2,21.2,27.54,34,3.13,3.38,4.53,0,0,0,1,12,Revelation
1,44,23.05,24.81,28.39,2.74,2.92,3.3,0,0.2,0.3,21.95,27.68,33.83,3.07,3.4,3.83,0,0.3,0.1,2,12,Revelation
1,44,20.57,23.09,26.36,2.79,2.98,3.48,0,0.1,0.2,19.75,26.11,32.56,3.12,3.5,4.11,0,0,0,3,12,Revelation
1,45,20.49,23.4,28.13,2.88,3.1,3.36,0,0.1,0.3,19.44,26.28,33.66,3.15,3.4,3.82,0.2,0.1,0,1,42,SY112-499 (tall)
1,45,24.06,26.06,29.7,2.89,3.13,3.42,0.1,0.2,0.1,21.86,27.14,33.5,3.08,3.33,3.76,0.1,0.3,0.1,2,42,SY112-499 (tall)
1,45,23.49,25.31,28.88,2.87,3.1,3.35,0.1,0,0.1,22.93,28.49,35.12,3.09,3.34,3.78,0.2,0.3,0.3,3,42,SY112-499 (tall)
1,46,21.19,23.43,27.82,2.89,3.09,3.41,0,0,0.2,19.4,27.54,36.81,3.1,3.32,3.78,0,0.1,0.2,1,69,Syllon
1,46,20.75,23.91,28.39,2.89,3.11,3.41,0,0,0.6,20.48,27.29,35.33,3.07,3.33,3.74,0.1,0,0,2,69,Syllon
1,46,21.85,25.24,29.51,2.9,3.09,3.36,0,0.2,0.1,22.09,28.99,36.06,3.08,3.32,3.81,0,0.1,0.1,3,69,Syllon
1,47,22.5,26.53,31.05,2.86,2.99,3.28,0,0.2,0,23.01,29.71,37.09,3.06,3.27,3.79,0,0,0.1,1,1,Altigo
1,47,24.1,26.48,30.76,2.89,3.1,3.38,0,0.3,0,23.41,28.8,35.92,3.05,3.33,3.77,0.1,0,0.1,2,1,Altigo
1,47,25.22,26.36,30.15,2.84,3.05,3.3,0.3,0.3,0.1,22.28,29.11,35.78,3.11,3.35,3.81,0.2,0.2,0,3,1,Altigo
1,48,21.04,24.72,29.45,2.89,3.09,3.33,0,0,0,21.58,28.98,38.19,3.06,3.29,3.86,0.2,0,0,1,23,Brennan
1,48,22.28,25.45,29.68,2.88,3.02,3.3,0,0.2,0.1,18.74,27.57,37.02,3.11,3.28,3.75,0,0,0.3,2,23,Brennan
1,48,22.1,25.44,30.01,2.86,3.02,3.26,0.1,0,0.2,22.31,28.8,36.52,3.03,3.26,3.8,0,0,0,3,23,Brennan
1,49,21.69,24.26,29.03,2.86,3.13,3.4,0.2,0.2,0,20.99,28.4,37.14,3.05,3.3,3.81,0.1,0.3,0.1,1,39,Rht3 Mercia 2014
1,49,21.79,25.4,30.12,2.89,3.09,3.34,0.1,0,0.2,23.67,30.82,39.42,3.06,3.26,3.65,0.1,0,0,2,39,Rht3 Mercia 2014
1,49,27.81,26.53,30.62,2.81,3.07,3.32,0,0.2,0,6.94,29.16,38.85,3.3,3.28,3.67,0.1,0.1,0.1,3,39,Rht3 Mercia 2014
1,50,22.22,25.95,30.32,2.88,3.08,3.36,0,0.1,0.2,22.91,29.58,36.53,3.05,3.3,3.8,0.1,0,0,1,40,Skyfall (med)
1,50,23.99,26.83,30.93,2.85,3.06,3.34,0.1,0.2,0,22.92,29.67,37.36,3.05,3.29,3.76,0,0.2,0.1,2,40,Skyfall (med)
1,50,23.16,26.29,31.53,2.88,3.08,3.33,0,0.1,0.1,24.16,30.45,38.91,3.02,3.24,3.82,0.1,0.1,0,3,40,Skyfall (med)
1,51,20.61,24.58,28.99,2.85,3.08,3.35,0,0,0.1,22.03,28.5,36.39,3.05,3.32,3.83,0,0,0.2,1,34,Elixer (tall)
1,51,21.71,24.5,28.56,2.89,3.09,3.37,0.1,0.2,0.2,21.09,26.97,34.62,3.05,3.33,3.77,0.1,0.2,0.4,2,34,Elixer (tall)
1,51,23.07,24.69,28.92,2.83,3.12,3.36,0.1,0.1,0.3,19.52,26.54,36.07,3.05,3.3,3.75,0.1,0,0.1,3,34,Elixer (tall)
1,52,20.03,23.49,28.21,2.88,3.09,3.34,0.2,0.2,0.1,20.33,27.2,34.87,3.03,3.32,3.79,0,0.3,0,1,20,BW445-101
1,52,21.62,23.81,27.61,2.84,3.08,3.35,0.1,0,0.1,21.29,27.73,34.99,3.09,3.36,3.8,0,0,0.2,2,20,BW445-101
1,52,20.4,22.59,27.17,2.85,3.09,3.37,0.1,0.2,0.5,19.33,25.58,34.26,3.07,3.31,3.71,0,0.2,0.2,3,20,BW445-101
1,53,17.87,21.74,26.94,2.82,3.01,3.3,0,0,0.1,18.33,24.86,32.85,3.09,3.37,3.85,0,0,0,1,43,SY112-889 (short)
1,53,22.12,24.49,28.64,2.8,3,3.4,0.1,0.1,0.2,21.26,27.7,34.38,3.05,3.3,3.71,0,0.2,0,2,43,SY112-889 (short)
1,53,20.97,23.95,27.62,2.82,3,3.41,0.1,0,0.1,21.99,28.18,34.84,3.01,3.25,3.63,0,0,0.2,3,43,SY112-889 (short)
1,54,17.5,20.49,24.65,2.89,3.1,3.39,0,0,0.2,17.42,23.34,31.72,3.04,3.36,3.81,0,0.2,0,1,45,Tobak (tall)
1,54,19.81,23.24,27.16,2.9,3.13,3.4,0,0,0.3,18.69,24.46,32.55,3.02,3.32,3.74,0,0,0.3,2,45,Tobak (tall)
1,54,21.56,24.19,28.73,2.9,3.1,3.36,0.2,0.5,0.1,22.21,29.08,37.12,3.12,3.34,3.84,0,0.1,0.2,3,45,Tobak (tall)
1,55,21.12,25.23,30.51,2.82,3.05,3.38,0.6,0.3,0.3,22.8,30.09,39.73,3.11,3.39,3.79,0.1,0,0.1,1,27,SY Wolf
1,55,23.98,27.88,32.35,2.87,3.08,3.37,0.3,0.2,0.4,24.29,32.43,40.48,3.11,3.36,3.86,0,0.1,0,2,27,SY Wolf
1,55,23.11,27.19,32.01,2.87,3.09,3.38,0.2,0.2,0.1,24.49,33.05,42.32,3.09,3.32,3.79,0.1,0,0,3,27,SY Wolf
1,56,23.88,25.29,30.23,2.83,3.09,3.38,0,0,0.2,23.03,29.42,38.41,3.07,3.32,3.9,0,0,0.1,1,70,Armada
1,56,22.85,26.15,31.29,2.88,3.09,3.41,0.1,0,0.3,24,31.72,42.34,3.1,3.34,3.9,0,0,0.1,2,70,Armada
1,56,23.68,28.15,32.51,2.89,3.1,3.43,0.1,0.1,0,23.97,32.14,41.64,3.07,3.33,3.92,0.1,0,0.2,3,70,Armada
1,57,23.02,28.23,33.29,2.86,3.08,3.37,0,0.1,0,26.04,34.55,43.93,3.02,3.4,4.17,0.2,0.3,0,1,29,Nudakota
1,57,23.95,27.38,32.34,2.88,3.06,3.35,0.1,0,0.5,23.9,31.3,41.58,3.07,3.38,4.09,0.2,0.1,0,2,29,Nudakota
1,57,24.84,27.06,32,2.83,3.08,3.37,0.1,0,0.4,24.99,31.69,41.74,3.1,3.39,4.09,0,0.1,0,3,29,Nudakota
1,58,24.15,27.62,33.02,2.86,3.06,3.32,0.5,0,0.5,23.86,30.43,39.63,3.05,3.32,3.88,0.1,0.4,0.2,1,67,Expert
1,58,24.44,28.15,33.2,2.82,3.03,3.35,0.1,0.1,0.1,25.79,31.54,39.59,3.02,3.39,3.98,0.2,0,0,2,67,Expert
1,58,24.05,28.79,32.99,2.87,3.05,3.4,0,0,0.2,23.47,30.04,38.31,3.15,3.38,3.9,0,0,0.1,3,67,Expert
1,59,20.17,23.48,28.49,2.85,3.06,3.35,0.1,0.1,0.1,20.43,26.26,34.46,3.06,3.35,3.86,0,0.3,0.2,1,65,Buenno
1,59,21.99,23.84,27.36,2.81,3.04,3.45,0.1,0,0.5,20.11,25.74,34.71,3.09,3.33,3.76,0.3,0.3,0,2,65,Buenno
1,59,23.93,25.95,29.05,2.81,3.04,3.31,0.1,0,0.3,21.23,26.94,33.5,3.18,3.39,3.83,0.2,0.2,0.1,3,65,Buenno
1,60,20.22,23.32,27.12,2.78,2.98,3.25,0,0,0,20.24,26.32,33.14,3.1,3.39,3.93,0.1,0.2,0.1,1,48,Spark
1,60,21.4,23.97,28.17,2.78,2.93,3.22,0,0.1,0.7,20.36,25.83,33.03,3.08,3.37,4,0.1,0.4,0.3,2,48,Spark
1,60,22.93,24.92,28.66,2.72,2.72,3.05,0,0,0.4,22.25,28.08,34.33,3.02,3.39,3.98,0,0.1,0.1,3,48,Spark
1,61,19.78,22.83,26.7,2.84,3.06,3.33,0.2,0,0.1,18.73,24.55,31.67,3.02,3.31,3.72,0,0,0.2,1,16,SY Epson
1,61,20.82,22.66,26.77,2.85,3.09,3.39,0.1,0,0.3,19.55,23.77,31.58,3.05,3.32,3.73,0,0.1,0.2,2,16,SY Epson
1,61,19.91,22.68,26.65,2.86,3.08,3.34,0.3,0.1,0.1,19.19,24.62,32.06,3.09,3.32,3.75,0.2,0.2,0.3,3,16,SY Epson
1,62,19.21,21.21,25.49,2.82,3.06,3.31,0,0.1,0.2,18.38,24.3,33.8,3.04,3.28,3.71,0,0,0.2,1,71,SY Moisson
1,62,20,22.3,26.11,2.86,3.08,3.36,0.2,0,0,19.04,24.09,31.61,3.11,3.39,3.83,0.1,0,0.5,2,71,SY Moisson
1,62,21,23.08,27.36,2.85,3.07,3.39,0,0,0.2,20.78,25.67,32.73,3.06,3.32,3.77,0.2,0.4,0.4,3,71,SY Moisson
1,63,22.21,27.45,33.04,2.82,3.03,3.3,0.2,0,0,25.48,30.88,41.75,3.09,3.45,3.93,0,0.1,0.1,1,37,Memory (tall)
1,63,24.34,28.14,32.23,2.86,3.05,3.35,0.2,0,0,25.01,31.88,39.81,3.06,3.34,3.81,0,0,0,2,37,Memory (tall)
1,63,22.22,27.16,32.09,2.86,3.07,3.36,0.1,0.1,0.1,23.68,29.92,38.03,3.07,3.33,3.82,0,0.1,0.2,3,37,Memory (tall)
1,64,21.77,25.2,30.4,2.82,3.02,3.28,0.2,0,0,21.88,29.5,39.04,3.04,3.26,3.73,0,0,0.1,1,17,Xi19
1,64,21.99,25.29,29.55,2.87,3.05,3.32,0,0.1,0.3,21.89,29.17,38.07,3.01,3.27,3.67,0.1,0.1,0.3,2,17,Xi19
1,64,21.02,24.29,28.79,2.9,3.1,3.38,0.1,0,0.3,22.03,28.71,36.65,3.02,3.27,3.73,0.5,0.2,0.1,3,17,Xi19
1,65,20.98,23.67,28.87,2.86,3.08,3.35,0,0,0.3,20.16,26.45,35.47,3.08,3.38,3.89,0.1,0,0,1,4,Hereford
1,65,21.36,25.63,30.69,2.85,3.06,3.34,0.1,0.2,0.2,20.85,27.69,36.87,3.06,3.29,3.75,0,0.3,0,2,4,Hereford
1,65,20.9,25.01,30.66,2.87,3.06,3.35,0,0.2,0,21.75,30.61,39.83,3.07,3.3,3.8,0.2,0.1,0.3,3,4,Hereford
1,66,23.17,27.91,33.2,2.87,3.09,3.39,0,0.1,0,23.52,31.84,40.68,3.06,3.31,3.84,0,0.1,0.1,1,52,Tambor
1,66,24.7,29.6,34.3,2.84,3.06,3.35,0,0.2,0.1,24.33,32.04,40.38,3.04,3.3,3.77,0,0.1,0.2,2,52,Tambor
1,66,23.19,28.98,34.53,2.85,3.05,3.31,0,0,0.1,23.66,32.23,40.92,3.07,3.3,3.79,0,0.2,0.1,3,52,Tambor
1,67,20.97,24.36,28.52,2.82,3.06,3.33,0.2,0,0.2,21.89,26.98,34.14,3.04,3.37,3.83,0,0,0.1,1,11,RELAY
1,67,20.01,24.08,27.73,2.89,3.07,3.35,0.1,0.3,0,18.96,25.55,32.47,3.08,3.3,3.81,0.1,0,0,2,11,RELAY
1,67,21.73,24.6,28.43,2.86,3.07,3.36,0.2,0.1,0,19.82,25.39,32.56,3.08,3.31,3.82,0.1,0.1,0.4,3,11,RELAY
1,68,20.86,22.72,26.43,2.82,3.05,3.34,0.3,0,0.1,18.69,23.46,30.59,3.05,3.3,3.81,0,0,0.1,1,22,SY Gold
1,68,20.36,21.99,25.66,2.82,3.05,3.31,0.2,0.4,0.1,18.53,23.44,30.78,3.09,3.35,3.79,0.1,0,0.2,2,22,SY Gold
1,68,19.32,21.46,25.05,2.83,3.04,3.34,0,0.1,0.1,18.92,24.44,31.56,3.07,3.34,3.77,0.1,0.1,0.2,3,22,SY Gold
1,69,21.43,24.64,28.54,2.79,2.95,3.25,0.1,0.2,0,20.25,26.92,34.62,3.14,3.39,3.89,0.3,0.2,0.1,1,10,Premio
1,69,23.11,25.53,29.18,2.77,2.94,3.2,0.1,0.1,0.3,20.13,26.09,32.58,3.1,3.4,4.02,0,0.2,0.3,2,10,Premio
1,69,20.92,23.22,26.99,2.75,2.9,3.18,0.2,0,0.2,20.4,24.62,32.19,2.95,3.35,3.88,0.1,0.1,0,3,10,Premio
1,70,22.03,25.03,29.23,2.82,3.05,3.34,0,0.2,0,22.59,29.01,35.87,3.09,3.38,3.82,0.2,0.1,0.4,1,15,Soissons
1,70,23.06,25.33,29.1,2.82,3.03,3.27,0.1,0.1,0.3,22.92,28.74,35.74,3.11,3.4,3.95,0,0.5,0,2,15,Soissons
1,70,20.66,24.07,28.36,2.87,3.06,3.36,0,0.1,0,20.19,26.81,36.63,3.06,3.41,3.88,0.2,0.1,0.1,3,15,Soissons
1,71,22.25,23.49,29.69,2.8,3.12,3.44,0,0.1,0.4,22.16,30.82,41.68,3.1,3.42,4.04,0,0,0,1,54,Fallow
1,71,24.27,24.61,30.28,2.76,3.13,3.39,0,0.2,0.6,24.72,31.88,41.72,3.05,3.35,3.95,0,0,0,2,54,Fallow
1,71,24.04,25.12,30.91,2.8,3.16,3.49,0.2,0.3,0,22.82,31.04,40.61,3.08,3.39,3.98,0,0.2,0.3,3,54,Fallow
1,72,27.23,30.68,37.15,2.85,3.18,3.84,0.1,0.3,0.3,27.79,33.9,45.11,3.08,3.39,4,0.1,0.1,0.2,1,62,Shamrock
1,72,31.9,34.5,41.98,2.8,3.15,3.94,0,0.1,0.1,14.45,31.32,43.49,3.09,3.42,3.9,0.2,0.2,0,2,62,Shamrock
1,72,29.15,35.49,45.56,2.84,3.27,4.18,0,0,0.2,26.18,33.83,44.17,3.02,3.31,3.85,0.1,0,0,3,62,Shamrock
2,73,25.15,29.16,34.9,2.85,3.14,3.62,0,0.1,0.2,26.27,35.64,45.54,3.09,3.36,3.94,0,0.1,0,1,29,Nudakota
2,73,26.35,29.72,35.25,2.78,3.07,3.59,0.1,0.2,0.2,26.49,34.19,46.57,3.12,3.46,4.04,0,0.2,0.2,2,29,Nudakota
2,73,27.67,31.92,37.22,2.85,3.13,3.76,0,0.2,0.4,27.27,33,43.93,3.13,3.43,4.08,0.1,0.3,0.2,3,29,Nudakota
2,74,36.24,48.52,65.69,2.79,3.51,5.55,0.1,0.1,0.2,24.17,30.97,38.63,3.1,3.4,3.89,0,0,0.1,1,7,KWS Santiago
2,74,34.83,47.94,64.47,2.81,3.53,5.58,0,0,0,26.24,33.3,44.8,3.09,3.49,4.21,0.1,0.2,0,2,7,KWS Santiago
2,74,33.81,43.81,57.81,2.81,3.52,5.32,0.2,0.2,0.1,28.53,38.53,52.07,3.09,3.56,4.65,0.2,0.5,0.5,3,7,KWS Santiago
2,75,21.98,24.57,29.14,2.83,3.05,3.31,0.3,0.1,0,25.67,35.44,47.91,3.1,3.53,4.73,0.2,0.1,0,1,41,SY112-277 (short)
2,75,21.95,25.09,29.58,2.76,2.9,3.15,0.1,0.1,0.3,26.32,34.89,45.6,2.98,3.54,4.46,0.1,0,0,2,41,SY112-277 (short)
2,75,22.07,24.21,28.49,2.77,2.93,3.19,0.2,0.3,0.1,24.53,31.23,41,3.06,3.43,4.24,0.2,0,0.4,3,41,SY112-277 (short)
2,76,23.56,24.21,27.76,2.82,3.04,3.22,0,0.2,0.5,22.94,28.14,36.44,3.09,3.44,4.02,0,0,0.2,1,39,Rht3 Mercia 2014
2,76,21.03,22.37,26.23,2.82,3.02,3.24,0,0.1,0.4,21.37,27.35,35.88,3.11,3.38,3.92,0.1,0,0,2,39,Rht3 Mercia 2014
2,76,21.2,22.32,26.1,2.83,3.03,3.27,0,0.2,0,20.19,26.62,33.59,3.09,3.34,3.86,0.1,0.2,0,3,39,Rht3 Mercia 2014
2,77,16.38,17.75,22.64,2.81,3.07,3.3,0.1,0,0.3,16.3,21.99,30.66,3.07,3.34,3.83,0.3,0.1,0.3,1,59,Helmond
2,77,20.44,20.46,24.1,2.82,3.05,3.27,0,0,0,18.65,23.03,30.53,3.09,3.32,3.8,0,0.1,0.3,2,59,Helmond
2,77,18.94,19.9,23.79,2.81,3.09,3.36,0,0.4,0.2,17.52,23.03,31.71,3.08,3.32,3.78,0.3,0.1,0,3,59,Helmond
2,78,17.89,20.63,24.79,2.83,3.01,3.29,0.1,0,0,18.87,23.36,31.63,3.04,3.31,3.78,0.1,0.2,0.4,1,50,Avalon
2,78,20.6,21.5,25,2.82,3.04,3.32,0,0,0.4,18.31,23.46,32.35,3.08,3.38,3.83,0.2,0,0.5,2,50,Avalon
2,78,18.97,21.22,25.16,2.83,3.03,3.31,0.1,0.1,0,18.15,24.43,34.06,3.02,3.3,3.77,0,0.2,0,3,50,Avalon
2,79,23.87,28.76,34.32,2.78,3.01,3.38,0,0.1,0,26.08,33.94,41.7,3.03,3.31,3.8,0.1,0.1,0.2,1,15,Soissons
2,79,23.14,28.17,33.84,2.86,3.05,3.36,0,0,0.1,25.04,33.07,41.9,3.03,3.3,3.77,0.1,0.2,0.2,2,15,Soissons
2,79,24.01,27.87,33.18,2.78,3.03,3.35,0.1,0,0.4,24.79,32.86,41.46,3.02,3.29,3.81,0,0,0,3,15,Soissons
2,80,20.74,24.37,29.56,2.81,3.07,3.3,0,0.1,0.2,22.58,30.52,39.74,3.09,3.37,3.83,0.1,0.1,0.2,1,61,SY 11DE11228
2,80,20.57,23.91,28.4,2.85,3.06,3.37,0.3,0.5,0.4,20.29,27.89,36.78,3.08,3.29,3.76,0.1,0.4,0.2,2,61,SY 11DE11228
2,80,20.37,22.4,26.74,2.8,3.03,3.3,0,0.2,0,19.39,26.34,34.88,3.08,3.37,3.85,0,0.1,0.1,3,61,SY 11DE11228
2,81,20.69,22.08,26.51,2.8,3.03,3.32,0.2,0,0.1,19.31,25.87,34.09,3.05,3.31,3.76,0,0,0.1,1,17,Xi19
2,81,22.21,23.54,27.78,2.77,3.03,3.25,0,0.2,0.2,21.18,27.51,36.37,3.09,3.28,3.66,0.1,0.1,0.1,2,17,Xi19
2,81,21.65,23.16,27.65,2.83,3.07,3.35,0,0,0,20.12,27.93,38.17,3.06,3.31,3.77,0.1,0.1,0,3,17,Xi19
2,82,22.76,27.25,32.49,2.84,3.03,3.34,0,0,0.1,23.1,31.22,40.4,3.04,3.33,3.82,0.1,0,0,1,28,SY Ovation
2,82,22.43,27.18,32.26,2.83,3.02,3.31,0.1,0,0.1,24.65,32.63,41.36,3.04,3.33,3.86,0,0.2,0.1,2,28,SY Ovation
2,82,21.21,26.53,32.17,2.82,3.02,3.29,0,0,0.2,23.34,31.39,40.97,3.08,3.33,3.85,0,0.2,0.1,3,28,SY Ovation
2,83,19.9,22.36,26.17,2.8,3.04,3.33,0,0,0,18.86,25.4,33.78,3.05,3.31,3.79,0,0,0,1,20,BW445-101
2,83,19.41,21.64,25.63,2.82,3.02,3.3,0,0.3,0,19.07,23.31,31.36,3.05,3.34,3.83,0.2,0.1,0.2,2,20,BW445-101
2,83,18.52,21.28,25.11,2.81,3.03,3.31,0,0.1,0.3,19.69,23.81,32.05,3.02,3.36,3.81,0.3,0.3,0.1,3,20,BW445-101
2,84,17.09,20.44,24.77,2.85,3.03,3.33,0,0,0,16.89,22.75,31.04,3.09,3.34,3.82,0,0.3,0,1,66,Bologna 902109
2,84,18.89,21.15,25.13,2.83,3.05,3.31,0.1,0.1,0.1,16.92,22.51,30.67,3.08,3.33,3.86,0.4,0.6,0.1,2,66,Bologna 902109
2,84,18.6,19.99,23.49,2.78,3.02,3.33,0.2,0,0.1,17.26,22.85,31.7,3.09,3.37,3.89,0.3,0.4,0.1,3,66,Bologna 902109
2,85,19.47,22.2,26.62,2.84,3.06,3.43,0.1,0,0.2,20.22,27.49,36.89,3.13,3.39,4.03,0.2,0.1,0.1,1,11,RELAY
2,85,19.85,23.93,29.32,2.81,3.06,3.55,0,0,0,21.56,28.63,38.51,3.09,3.41,3.99,0,0.2,0.1,2,11,RELAY
2,85,21.1,24.97,31.17,2.79,3.08,3.64,0.3,0.4,0.1,22.52,31.07,40.7,3.1,3.43,4.18,0.2,0,0.4,3,11,RELAY
2,86,29.17,40.69,56.51,2.86,3.42,5.2,0,0.2,0.1,23.97,31.57,40.07,3.11,3.53,4.02,0.1,0.3,0.6,1,46,Cadenza
2,86,31.04,45.15,63.51,2.76,3.15,5.55,0,0,0,24.25,29.33,36.25,3.02,3.44,3.93,0,0,0.1,2,46,Cadenza
2,86,31.65,48.07,66.47,2.83,3.53,5.87,0.1,0,0.1,23.14,31.56,41.19,3.03,3.47,4.16,0,0.1,0.2,3,46,Cadenza
2,87,24.02,27.75,33.08,2.86,3.13,3.46,0.1,0,0.1,27.49,39.13,53.32,3.1,3.62,4.68,0.1,0,0,1,8,Oakley
2,87,21.92,26.21,31.1,2.83,3.08,3.42,0,0,0.3,26.09,34.85,47.26,3.1,3.56,4.5,0,0.1,0.1,2,8,Oakley
2,87,22.59,26.32,30.37,2.84,3.02,3.32,0,0.1,0.3,25.55,33.92,44.68,3.11,3.47,4.33,0,0,0.2,3,8,Oakley
2,88,23.45,27.67,33.31,2.84,3.07,3.37,0,0.1,0.3,26.98,36.23,46.26,3.07,3.36,4.08,0,0.1,0,1,60,SY Ferry
2,88,26.23,29.19,33.4,2.79,3.03,3.32,0,0,0.3,26.28,33.15,43.84,3.06,3.38,3.98,0.1,0.3,0,2,60,SY Ferry
2,88,22.93,27.66,33.08,2.86,3.06,3.33,0.1,0.1,0,26.02,33.43,42.89,3.04,3.34,3.97,0.2,0,0,3,60,SY Ferry
2,89,25.38,29.87,34.59,2.84,2.98,3.23,0,0,0,26.61,34,41.8,3.06,3.31,3.8,0.1,0.1,0.1,1,23,Brennan
2,89,27.53,30.1,34.05,2.77,3,3.27,0.1,0.2,0.1,27.74,33.44,40.24,3.13,3.41,3.87,0.1,0.1,0.1,2,23,Brennan
2,89,26.88,30.77,34.81,2.81,3.02,3.29,0.1,0,0,28.38,34.75,41.62,3.09,3.35,3.91,0,0.1,0,3,23,Brennan
2,90,23.25,25.37,29.75,2.8,3.01,3.27,0.1,0.1,0.3,23.32,29,39.26,3.09,3.37,3.89,0.1,0,0,1,68,Cellule
2,90,22.73,25.99,30.33,2.81,3.01,3.3,0.1,0,0,24.06,29.51,37.74,3.05,3.4,3.93,0,0,0,2,68,Cellule
2,90,23.66,27.16,30.96,2.81,2.99,3.29,0,0,0.2,23.79,29.52,38.67,3.07,3.37,3.92,0,0.1,0.1,3,68,Cellule
2,91,24.23,28.07,32.4,2.77,2.9,3.14,0.1,0,0,24.33,31.64,41.25,3.07,3.37,4.19,0,0.1,0,1,65,Buenno
2,91,25.03,27.76,31.85,2.73,2.92,3.21,0,0,0,24.5,31.66,40.59,3.07,3.29,4.11,0,0.1,0.1,2,65,Buenno
2,91,22.95,26.66,30.66,2.8,2.99,3.35,0.3,0,0.1,25.82,33.37,43.38,3.09,3.36,3.99,0,0,0.2,3,65,Buenno
2,92,26.02,31.95,39.67,2.74,3.12,4.05,0,0.2,0.1,24.82,33.74,42.93,3.1,3.4,4.16,0.2,0.2,0.1,1,43,SY112-889 (short)
2,92,25.13,33.4,43.53,2.83,3.24,4.5,0.2,0.2,0.2,21.9,29.41,38,3.09,3.41,4.04,0,0,0.4,2,43,SY112-889 (short)
2,92,28.89,37.81,52.02,2.83,3.46,5.27,0.1,0.3,0.3,21.06,27.64,36.39,3.09,3.39,3.87,0.1,0.1,0.1,3,43,SY112-889 (short)
2,93,22.02,25.15,30.06,2.82,3.21,3.92,0,0.4,0,22.19,33.68,47.91,3.04,3.57,4.91,0.1,0.1,0,1,49,Rialto
2,93,19.45,21.72,26.08,2.82,3.12,3.57,0.2,0.1,0.1,22.86,31.82,45.54,3.04,3.56,4.78,0,0,0,2,49,Rialto
2,93,18.16,19.78,23.45,2.84,3.07,3.4,0,0.2,0.6,21.56,30.03,42.19,3.08,3.49,4.58,0.1,0,0.2,3,49,Rialto
2,94,18.15,20.08,24.13,2.83,3.02,3.3,0.1,0.3,0.2,19.28,26.09,35.65,3.06,3.37,4.02,0,0.2,0,1,38,Reflection (short)
2,94,17.3,20.38,25.19,2.84,3.06,3.31,0.2,0,0,19.43,25.29,35.04,3.03,3.39,3.98,0.3,0.2,0.1,2,38,Reflection (short)
2,94,20.31,22.99,27.27,2.8,3.04,3.34,0,0.2,0.1,20.32,25.75,34.94,3.07,3.35,3.95,0,0,0.1,3,38,Reflection (short)
2,95,22.3,26.55,31.15,2.8,3,3.3,0,0.2,0.2,22.87,30.7,39.27,3.08,3.35,3.91,0,0.2,0,1,24,SY Southwind
2,95,24.06,26.54,31.44,2.78,2.99,3.31,0.1,0,0,22.52,30.67,40.63,3.06,3.36,3.96,0,0.1,0.1,2,24,SY Southwind
2,95,24.82,27.49,32.63,2.79,3.01,3.36,0,0,0.1,23.68,31.56,40.85,3.08,3.34,3.87,0.1,0,0.3,3,24,SY Southwind
2,96,20.69,24.91,30.97,2.76,2.98,3.24,0,0,0.3,21.39,30.4,41.02,3.01,3.3,3.8,0.8,0.7,0,1,10,Premio
2,96,21.6,27.17,30.64,2.81,3.03,3.31,0.1,0,0.1,23.62,30.79,39,3.03,3.33,3.92,0,0.2,0.1,2,10,Premio
2,96,20.77,23.97,28.41,2.83,3.05,3.35,0.1,0.1,0.4,23.05,28.6,37.21,3.07,3.38,3.91,0,0,0.1,3,10,Premio
2,97,14.09,23.88,29.86,2.87,3.05,3.33,0.1,0,0.3,25.17,29.93,38.94,3.01,3.26,3.75,0,0.1,0,1,26,SY Rowyn
2,97,21.44,26.1,31.62,2.8,3.01,3.31,0,0.1,0.1,22.27,31.02,40.48,3.1,3.42,3.95,0.2,0.2,0.1,2,26,SY Rowyn
2,97,22.48,27.32,32.95,2.78,3.02,3.34,0,0,0.1,22.4,31.52,41.88,3.08,3.34,3.84,0.1,0.1,0.1,3,26,SY Rowyn
2,98,20.5,25.77,31.39,2.83,3.02,3.34,0.2,0.1,0,22.96,31.75,42.12,3.05,3.43,4.09,0,0,0,1,69,Syllon
2,98,21.36,26.23,31.36,2.84,3.05,3.37,0.1,0.2,0.1,24.07,30.65,39.59,2.99,3.33,3.92,0,0.3,0,2,69,Syllon
2,98,22.26,25.23,30.01,2.8,3,3.33,0,0,0.1,20.92,29.12,39.14,3.06,3.34,3.92,0.2,0.1,0.2,3,69,Syllon
2,99,20.94,24.71,30.6,2.81,3.16,3.67,0.2,0.1,0.1,22,27.92,39.31,3.09,3.45,4.1,0,0,0.1,1,19,AC Unity
2,99,20.77,25.26,32.34,2.78,3.14,3.78,0.1,0.4,0.3,20.7,28.62,39.08,3.09,3.37,4.11,0,0,0.1,2,19,AC Unity
2,99,20.34,27.38,36.57,2.87,3.26,4.18,0,0.1,0,19.3,27.89,38.18,3.12,3.42,4.09,0.3,0.4,0.7,3,19,AC Unity
2,100,26.42,40.22,56.75,2.87,3.6,5.77,0,0,0,18.54,25.38,36.23,3.08,3.53,4.35,0.1,0.2,0.1,1,21,Jagger
2,100,27.3,36.07,47.38,2.79,3.42,5,0,0,0.1,22.22,31.71,45.81,3.1,3.63,4.95,0.2,0,0,2,21,Jagger
2,100,19.82,24.08,30.02,2.82,3.21,3.94,0,0.3,0.2,20.01,30.96,44.88,3.1,3.63,4.98,0.1,0.2,0,3,21,Jagger
2,101,20.59,23.29,26.86,2.79,3.02,3.3,0,0,0,22,29.48,39.8,3.13,3.45,4.29,0.1,0.2,0.1,1,40,Skyfall (med)
2,101,21.49,24.38,28.07,2.81,3,3.27,0.1,0,0,22.62,29.27,38.32,3.06,3.41,4.1,0.1,0.1,0,2,40,Skyfall (med)
2,101,23.61,25.89,30.73,2.8,2.91,3.01,0,0.1,0.2,23.83,31.4,40.71,2.99,3.32,4.56,0,0,0,3,40,Skyfall (med)
2,102,24.32,28.35,33.22,2.78,2.99,3.26,0,0,0.2,26.19,33.56,41.31,3.06,3.4,3.94,0,0.1,0.1,1,62,Shamrock
2,102,27.26,29.04,32.41,2.76,2.9,3.12,0.1,0.2,0,24.35,31.09,38.53,3.09,3.28,3.85,0,0.2,0.2,2,62,Shamrock
2,102,24.75,27.06,30.91,2.75,2.85,3.09,0.1,0,0.1,24.34,30.72,39.11,3,3.42,4.72,0,0,0,3,62,Shamrock
2,103,23.15,25.32,30.16,2.74,3.01,3.31,0,0.1,0,22.36,28,35.99,3.09,3.37,3.88,0,0.2,0.1,1,48,Spark
2,103,21.67,24.91,29.52,2.77,2.99,3.26,0,0.3,0.1,22.03,28.54,36.57,3.14,3.4,3.92,0.1,0.2,0.3,2,48,Spark
2,103,22.23,25.57,29.71,2.79,3,3.31,0,0,0.2,21.45,29.12,36.96,3.12,3.36,3.87,0.3,0.4,0.3,3,48,Spark
2,104,25.81,28.77,33.32,2.78,3.03,3.3,0.3,0.2,0,25.55,31.54,39.41,3.09,3.33,3.84,0.2,0.2,0,1,13,Riband
2,104,26.18,29.11,33.03,2.77,3,3.23,0,0.2,0,27.74,32.77,38.65,3.12,3.35,3.84,0,0,0,2,13,Riband
2,104,24.55,28.05,31.88,2.78,3,3.29,0,0,0.1,25.24,31.23,39.42,3.08,3.31,3.75,0,0.1,0.3,3,13,Riband
2,105,24.86,28.42,33.23,2.77,2.98,3.2,0,0,0.4,25.49,30.72,37.92,3.02,3.23,3.89,0.1,0.3,0,1,14,Scout
2,105,27.86,31.25,34.86,2.78,2.96,3.2,0,0,0,29.09,34.7,40.25,3.06,3.27,3.78,0.1,0,0,2,14,Scout
2,105,25.61,28.14,31.64,2.77,2.88,3.11,0,0.1,0.2,28.09,34.42,41.71,3.05,3.23,3.96,0,0.1,0.1,3,14,Scout
2,106,22.08,24.41,27.65,2.81,3.01,3.3,0.3,0.3,0.1,24.8,29.39,35.56,3.06,3.34,3.82,0,0.1,0,1,70,Armada
2,106,23.31,24.47,27.61,2.79,3,3.33,0.2,0.1,0.1,23.03,27.22,35.45,3.03,3.33,3.8,0,0,0,2,70,Armada
2,106,19.99,22.96,27.47,2.79,3.04,3.31,0,0,0.1,21.62,27.98,35.84,3.06,3.36,3.87,0,0.1,0.1,3,70,Armada
2,107,22.81,26.4,30.36,2.66,2.5,2.52,0.1,0,0,23.8,30.09,37.09,2.97,3.21,4.36,0.1,0.1,0.1,1,55,Akteur
2,107,23.15,26.18,30.59,2.79,3.01,3.28,0.2,0,0,23.98,32.36,39.22,3.03,3.3,3.82,0,0.1,0,2,55,Akteur
2,107,21.76,25.44,30.7,2.77,3,3.32,0.2,0.2,0,23,29.92,39.34,3.13,3.39,3.83,0,0,0.2,3,55,Akteur
2,108,21.6,24.61,28.75,2.77,2.93,3.15,0.2,0,0.2,23.43,28.92,35.55,2.98,3.31,4.06,0.1,0,0.2,1,44,SY112-933 (short)
2,108,21.5,24.1,27.55,2.71,2.82,3.21,0,0,0,22.27,27.8,34.5,3.11,3.32,3.8,0,0.1,0.2,2,44,SY112-933 (short)
2,108,19.21,22.08,26.16,2.8,3.07,3.37,0,0.1,0,22.33,27.46,33.21,3.09,3.35,3.87,0.2,0.2,0.2,3,44,SY112-933 (short)
2,109,17.78,18.57,21.61,2.78,3.03,3.31,0.1,0.2,0,16.11,21.04,29.61,3.1,3.34,3.85,0,0,0.1,1,52,Tambor
2,109,16.92,18.37,21.4,2.78,2.98,3.3,0,0.1,0.5,17.54,21.8,30,3.04,3.35,3.88,0.3,0.1,0,2,52,Tambor
2,109,19.01,19,22.52,2.77,3.05,3.37,0,0.3,0.4,18.27,23.43,32.17,3.08,3.41,3.92,0.1,0,0.1,3,52,Tambor
2,110,16.75,20.82,26.25,2.82,3.09,3.54,0.3,0.2,0.4,18.87,26.99,38.24,3.12,3.4,4.03,0.2,0.2,0.5,1,63,Interet
2,110,19.75,23.39,29.19,2.8,3.1,3.59,0.3,0.1,0.1,21.32,27.82,37.64,3.04,3.4,4.02,0,0,0.2,2,63,Interet
2,110,19.16,23.57,29.74,2.8,3.08,3.67,0,0,0.2,19.79,28.56,39.35,3.11,3.48,4.13,0.1,0,0.1,3,63,Interet
2,111,29.82,44.38,61.57,2.83,3.41,5.25,0,0,0.2,21.72,30.33,39.23,3.08,3.42,3.9,0.2,0.1,0.1,1,12,Revelation
2,111,30.26,42.69,56.32,2.83,3.36,4.87,0,0,0,24.21,35.96,49.86,3.15,3.54,4.5,0,0,0.5,2,12,Revelation
2,111,24.28,31.2,38.5,2.79,3.18,3.91,0.1,0.1,0,25.08,38.47,55.04,3.08,3.53,4.76,0,0.2,0.1,3,12,Revelation
2,112,20.05,24.93,30.56,2.73,2.92,3.16,0,0,0.1,23.39,33.86,45.85,3.19,3.74,4.65,0.3,0.2,0.1,1,37,Memory (tall)
2,112,23.95,25.76,29.96,2.67,2.88,3.22,0,0.1,0,23.8,32.53,42.3,3.05,3.41,4.05,0.2,0.1,0.1,2,37,Memory (tall)
2,112,22.84,25.38,29.4,2.77,3.01,3.28,0,0,0,23.6,30.27,39.37,3.05,3.34,3.98,0.2,0.1,0,3,37,Memory (tall)
2,113,25.58,33.7,44.73,2.81,3.17,4.12,0,0,0,22.34,29.55,37.81,3.04,3.3,3.84,0,0,0.1,1,35,Gallant (med)
2,113,29.14,39.9,54.74,2.81,3.28,4.59,0,0.1,0.2,22.4,30.57,39.3,3.1,3.36,3.89,0.4,0.4,0.5,2,35,Gallant (med)
2,113,31.21,46.01,63.65,2.84,3.43,5.09,0.3,0,0,21.79,28.15,36.82,3,3.45,3.97,0,0.2,0,3,35,Gallant (med)
2,114,20.49,25.68,32.05,2.86,3.14,3.65,0.1,0.3,0.1,24.32,37.46,53.27,3.09,3.54,4.7,0,0.1,0.1,1,54,Fallow
2,114,23.07,26.79,33.05,2.74,3.03,3.51,0,0,0.4,24.06,35.2,46.92,3.09,3.42,4.27,0,0.1,0.1,2,54,Fallow
2,114,21.19,26.09,30.63,2.78,2.91,3.22,0.1,0,0.1,24.68,34.28,45.35,2.99,3.38,4.61,0,0,0,3,54,Fallow
2,115,21.3,23.91,27.55,2.78,2.96,3.25,0.2,0.1,0.1,19.9,27.21,36.29,3.08,3.39,4.07,0,0.2,0.3,1,2,Cordiale
2,115,21.28,23.83,27.59,2.77,2.98,3.21,0.1,0.2,0,21.12,27.71,35.06,3.08,3.43,4.05,0.1,0,0.2,2,2,Cordiale
2,115,18.83,21.09,24.72,2.82,3.02,3.28,0,0,0.2,19.33,25.36,33.29,3.13,3.42,3.99,0,0.1,0.2,3,2,Cordiale
2,116,17.97,19.62,23.05,2.79,3.03,3.3,0.2,0.2,0.4,17.56,23.37,30.51,3.11,3.38,3.84,0.1,0.1,0.4,1,64,SYNAB108101
2,116,18.95,19.83,23.4,2.81,3.03,3.28,0.2,0.2,0.3,16.55,21.05,27.65,3.06,3.31,3.82,0,0.6,0.2,2,64,SYNAB108101
2,116,19.41,19.35,22.68,2.77,3,3.29,0.1,0.1,0.3,15.78,19.62,27.73,3.07,3.36,3.83,0.2,0.2,0,3,64,SYNAB108101
2,117,20.77,23.58,27.33,2.76,2.96,3.15,0,0,0.2,21.59,27.02,32.82,3.08,3.29,3.78,0,0.3,0.1,1,27,SY Wolf
2,117,20.73,24.94,28.23,2.73,2.45,2.5,0.1,0.5,0.2,21.09,26.49,32.57,2.98,3.28,5.45,0.5,0.1,0,2,27,SY Wolf
2,117,19.84,24.47,28.49,2.75,2.57,2.8,0.3,0.3,0.4,20.82,26.61,33.49,2.91,3.25,4.56,0.3,0.5,0,3,27,SY Wolf
2,118,24.34,27.39,31.39,2.8,2.97,3.23,0.1,0.2,0,25.11,31.24,38.66,3.07,3.3,3.78,0.1,0.3,0,1,3,Glasgow
2,118,25.05,28.06,31.84,2.78,2.97,3.22,0.1,0.3,0.1,24.62,30.47,38.41,3.07,3.26,3.72,0,0,0,2,3,Glasgow
2,118,22.91,26.59,31.39,2.8,2.95,3.13,0,0,0,24.17,31.16,38.56,3.09,3.3,3.83,0,0.2,0,3,3,Glasgow
2,119,21.15,23.51,27.46,2.82,3.05,3.35,0.2,0,0.5,23.77,26.62,34.47,3.04,3.33,3.79,0.3,0.1,0.3,1,71,SY Moisson
2,119,21.93,23.69,27.48,2.78,3.03,3.28,0.1,0,0.1,22.76,27.34,34.8,3.02,3.31,3.78,0.1,0.3,0,2,71,SY Moisson
2,119,24.05,24.82,27.3,2.8,3.03,3.32,0.4,0.1,0.4,23.52,26.96,33.5,3.04,3.29,3.77,0.1,0,0,3,71,SY Moisson
2,120,25.62,30.99,35.83,2.81,2.86,3.17,0,0,0.6,26.8,32.86,40.29,3.02,3.2,3.94,0,0,0.1,1,56,Kranich 
2,120,26.65,31.05,34.5,2.81,2.98,3.22,0.1,0,0.2,28.93,33.54,39.08,3.01,3.27,3.8,0,0.1,0.1,2,56,Kranich 
2,120,23.88,27.24,30.87,2.82,3.01,3.28,0.1,0,0.3,23.28,28.72,36.9,3.06,3.34,3.83,0.2,0,0.1,3,56,Kranich 
2,121,23.91,25.97,29.75,2.77,2.97,3.29,0.1,0.1,0.6,21.2,26.24,33.86,3.09,3.33,3.9,0.1,0,0.2,1,25,Oakes
2,121,26.03,28.24,31.63,2.81,2.98,3.28,0,0.3,0.4,26.32,29.68,36.85,3.07,3.33,3.87,0,0,0,2,25,Oakes
2,121,26.56,29.36,32.69,2.8,2.99,3.28,0,0.1,0.4,26.17,30.04,38.55,3.12,3.38,3.89,0.1,0.3,0,3,25,Oakes
2,122,27.15,29.68,32.14,2.82,3.03,3.35,0.1,0,0,24.24,28.84,33.44,3.07,3.34,3.82,0,0.1,0,1,32,Dickens (med)
2,122,27.2,28.71,31.97,2.76,2.99,3.29,0.1,0,0.1,26.54,30.81,37.19,3.08,3.34,3.86,0.2,0,0.1,2,32,Dickens (med)
2,122,26.67,28.68,32.2,2.78,3.03,3.3,0,0,0.3,24.7,29.48,36.94,3.11,3.35,3.81,0.1,0.5,0.2,3,32,Dickens (med)
2,123,24.21,27.08,31.49,2.63,2.17,2.78,0.1,0.1,0,25.26,30.56,37.9,2.84,2.77,3.88,0.1,0,0.1,1,16,SY Epson
2,123,24.84,27.87,31.5,2.68,2.65,2.86,0,0,0.2,24.34,30.06,38.24,3.05,3.3,3.85,0.3,0.3,0.1,2,16,SY Epson
2,123,22.88,26.43,30.41,2.79,2.95,3.18,0,0.2,0.6,25.75,30.48,36.61,2.97,3.25,3.94,0,0.2,0,3,16,SY Epson
2,124,21.75,25.82,29.79,2.77,2.98,3.2,0.2,0.1,0,24.25,30.12,36.55,3.06,3.28,3.77,0,0,0.1,1,30,SY Flint
2,124,21.36,26.14,30.02,2.81,2.98,3.16,0,0.1,0.1,23.01,29.53,35.24,3.06,3.26,3.72,0,0,0,2,30,SY Flint
2,124,24.9,26.42,29.71,2.67,2.8,3.1,0.2,0.2,0.1,22.73,29.2,33.93,3.02,3.37,4.04,0,0.2,0,3,30,SY Flint
2,125,17.42,18.36,22.17,2.8,3.04,3.32,0.2,0.1,0.1,17.22,21.2,27.69,3.03,3.28,3.76,0,0.1,0,1,57,Meteor 
2,125,19.92,20.11,23.22,2.77,3.02,3.3,0.1,0.4,0.2,18.67,22.4,29.64,3.09,3.36,3.76,0,0.2,0.3,2,57,Meteor 
2,125,19.26,20.55,23.63,2.8,3.04,3.32,0.1,0,0.6,19.63,24.16,30.69,3.1,3.34,3.76,0.1,0.2,0,3,57,Meteor 
2,126,19.64,22.43,26.57,2.78,2.99,3.28,0.1,0,0.1,19.9,24.74,32.66,3.04,3.33,3.8,0.1,0,0.2,1,42,SY112-499 (tall)
2,126,19.52,23.88,28.09,2.82,3.02,3.31,0.1,0,0,22.15,26.99,33.38,3.02,3.32,3.79,0,0.1,0.2,2,42,SY112-499 (tall)
2,126,21.18,23.61,28.03,2.78,3.02,3.29,0,0.1,0,21.43,27.84,35.61,3.07,3.33,3.8,0.2,0.1,0,3,42,SY112-499 (tall)
2,127,23.17,27.27,31.93,2.68,2.79,3.11,0,0.2,0,24.89,31.63,40.4,2.9,3.37,4.49,0.3,0.2,0,1,4,Hereford
2,127,22.74,26.42,31.06,2.8,3.01,3.32,0.1,0,0.1,25.43,31.36,40.37,3.04,3.35,3.92,0,0.2,0,2,4,Hereford
2,127,18.39,23.24,28.95,2.8,3.03,3.42,0.1,0,0.4,22.16,30.19,40.54,3.05,3.32,3.92,0,0,0.2,3,4,Hereford
2,128,18.67,23.22,27.83,2.86,3.1,3.47,0.1,0,0.2,23.46,30.67,39.9,3.05,3.29,3.87,0.2,0.4,0,1,31,Cubanita (med)
2,128,19.74,21.52,25.33,2.82,3.05,3.39,0,0.1,0.1,27.98,28.81,36.12,3,3.34,3.89,0,0,0,2,31,Cubanita (med)
2,128,20.73,20.7,24.43,2.79,3.1,3.43,0,0.2,0.1,21.06,26.12,33.32,3.04,3.33,3.87,0.1,0.2,0.4,3,31,Cubanita (med)
2,129,17,20,23.41,2.84,3.03,3.31,0,0.2,0,18.42,22.35,29.76,3.09,3.35,3.79,2.2,0.3,0.1,1,53,Inspiration
2,129,21.34,24.23,28.12,2.75,2.99,3.28,0.1,0,0.2,16.81,23.79,31.53,3.08,3.38,3.95,0.4,0.1,0.3,2,53,Inspiration
2,129,22.28,25.09,30.53,3,3.5,3.89,0,0.1,0.3,20.33,26.98,34.7,3.08,3.35,3.85,0.2,0.1,0,3,53,Inspiration
2,130,21.77,25.2,30.5,2.77,2.99,3.25,0,0,0,21.39,28.92,38.75,3.09,3.44,4.09,0,0.1,0,1,22,SY Gold
2,130,24.3,27.65,32.67,2.77,2.99,3.24,0.1,0.1,0.1,22.56,30.07,40.21,3.08,3.29,3.91,0.3,0,0,2,22,SY Gold
2,130,23.22,27.99,33.11,2.7,2.73,3,0,0.2,0,25.42,32.01,41.47,3.08,3.33,3.89,0,0.2,0,3,22,SY Gold
2,131,21.56,23.28,27.42,2.66,2.74,3.12,0.3,0.2,0.4,22.14,27.02,34.39,3.02,3.25,4.1,0,0,0.2,1,9,Player
2,131,19.83,23.9,28.05,2.81,2.97,3.31,0.3,0.1,0.2,22.87,27.65,35.02,3.09,3.34,3.87,0,0,0.1,2,9,Player
2,131,20.21,23.8,27.53,2.81,3.03,3.29,0,0,0,20.9,26.84,33.28,3.05,3.3,3.83,0,0.4,0.1,3,9,Player
2,132,18.8,19.86,23.69,2.8,3.1,3.38,0,0.2,0.3,17.25,22.56,30.27,3.12,3.3,3.8,0.2,0.2,0.4,1,36,RhtC
2,132,22.12,21.25,23.43,2.76,2.99,3.23,0,0,0.4,19.59,22.49,29.06,3.03,3.28,3.49,0.1,0,0.1,2,36,RhtC
2,132,19.52,18.74,22.39,2.84,3.02,3.24,0.1,0.3,0.2,18.13,20.88,27.97,3.06,3.28,3.65,0,0.1,0.1,3,36,RhtC
2,133,21.31,24.96,28.57,2.79,2.95,3.3,0.1,0.1,0.2,23.21,28.28,34.75,3.05,3.31,3.9,0.1,0,0.2,1,5,JB Diego
2,133,22.51,25.95,29.63,2.76,2.92,3.15,0.1,0.1,0.2,24.09,29.46,35.38,3.09,3.3,3.9,0.2,0,0,2,5,JB Diego
2,133,22.82,26.72,30.97,2.8,3.01,3.26,0,0,0.1,23.65,30,36.78,3.08,3.34,3.88,0.1,0,0.4,3,5,JB Diego
2,134,25.04,28.97,32.86,2.79,2.9,3.25,0,0.2,0.3,23.99,31.53,38.59,3.07,3.22,3.89,0.4,0,0.1,1,47,Gladiator
2,134,25.06,28.34,32.52,2.79,2.97,3.1,0.1,0.1,0,26.49,33.6,40.89,3.08,3.27,3.75,0,0,0,2,47,Gladiator
2,134,28.23,29.76,32.58,2.5,1.54,1.75,0.3,0,0.1,27.79,34.12,40,2.61,2.46,5.05,0.1,0.1,0.2,3,47,Gladiator
2,135,24.9,28.53,32.53,2.77,3.02,3.3,0,0,0,26.79,32.78,39.88,3.08,3.36,3.87,0.2,0.2,0.2,1,45,Tobak (tall)
2,135,23.09,27.09,31.43,2.83,3.05,3.33,0,0,0.1,26.2,31.06,38.43,3.05,3.31,3.81,0,0.1,0.1,2,45,Tobak (tall)
2,135,25.99,26.84,30.12,2.78,3.06,3.31,0,0,0.4,24.42,29.89,37.01,3.01,3.29,3.83,0.4,0,0.2,3,45,Tobak (tall)
2,136,28.43,27.39,31.47,2.79,3.14,3.3,1.5,1.5,0,27.11,30.06,37.86,3.61,3.81,3.69,0,0,0.4,1,33,Edward (tall)
2,136,26.11,27.13,30.31,2.79,3.04,3.34,0,0.3,0.1,29.65,34.68,41.36,3.07,3.35,3.98,0,0.1,0,2,33,Edward (tall)
2,136,21.65,24.06,27.43,2.78,2.99,3.32,0.2,0.2,0.3,27.11,30.16,36.57,3.09,3.43,3.95,0,0,0.2,3,33,Edward (tall)
2,137,22.36,24.43,27.8,2.84,3.11,3.64,0,0.2,0.1,30.41,44.18,61.4,3.06,3.76,5.9,0.2,0,0,1,58,Bernstein
2,137,22.64,24.2,27.74,2.84,3.07,3.33,0.1,0.1,0.1,30.99,40.54,55.98,3.05,3.73,5.6,0,0.2,0.1,2,58,Bernstein
2,137,24.9,26.3,27.54,2.81,3.01,3.33,0,0.1,0.2,30.8,40.08,52.83,3.03,3.59,5.15,0.1,0.1,0.1,3,58,Bernstein
2,138,23.03,24.9,28.48,2.79,3,3.27,0.1,0.1,0.1,23.42,29.69,38.71,3.1,3.43,4.29,0,0,0.1,1,72,Bermude
2,138,24.11,27.12,31.2,2.79,3,3.27,0.1,0.2,0.2,25.72,31.43,39.71,3.11,3.41,4.2,0,0.2,0,2,72,Bermude
2,138,24.59,27.81,31.62,2.78,3.02,3.26,0.2,0,0.5,25.64,31.97,39.61,3.09,3.4,4.12,0,0,0.2,3,72,Bermude
2,139,27.95,30.58,35.79,2.76,2.96,3.23,0.1,0.1,0.1,26.83,34.62,43.8,3.05,3.36,3.97,0,0.1,0.1,1,51,Türkis 
2,139,24.03,30.19,35.23,2.8,3.01,3.27,0.1,0,0,28.61,35.05,43.12,3.02,3.31,3.93,0,0,0,2,51,Türkis 
2,139,22.35,28.23,33.72,2.8,2.99,3.29,0,0,0.1,25.87,33.55,42.5,3.03,3.32,3.89,0,0.1,0,3,51,Türkis 
2,140,21.62,26.21,30.53,2.82,2.99,3.22,0,0,0.4,24.07,29.9,37.13,3.03,3.32,3.87,0.1,0,0.3,1,34,Elixer (tall)
2,140,22.66,25.92,30.38,2.78,3,3.27,0.1,0,0,21.81,27.7,34.45,3.08,3.3,3.81,0.3,0,0.1,2,34,Elixer (tall)
2,140,21.92,24.91,28.78,2.8,3.02,3.3,0.2,0,0.2,21.37,27.2,34.33,3.06,3.29,3.8,0.1,0,0.2,3,34,Elixer (tall)
2,141,16.84,18.46,22.17,2.84,3.04,3.31,0.1,0,0.3,16.1,20.08,26.79,3.09,3.32,3.79,0.6,0.2,0.2,1,67,Expert
2,141,18.3,20.45,23.69,2.8,3.01,3.34,0.1,0.4,0,17.08,21.62,28.41,3.11,3.34,3.77,0,0.2,0,2,67,Expert
2,141,18.52,20.33,23.81,2.8,3.03,3.33,0,0,0.3,18.42,21.62,28.33,3.06,3.36,3.83,0.1,0.2,0,3,67,Expert
2,142,21.23,23.74,28.06,2.77,3.02,3.26,0,0.1,0.4,21.67,27.82,34.73,3.08,3.31,3.79,0,0.2,0,1,6,KWS Kielder
2,142,21.59,24.27,27.95,2.78,2.98,3.29,0.3,0.1,0.2,21.91,26.51,32.76,3.08,3.34,3.8,0,0.3,0.2,2,6,KWS Kielder
2,142,20.86,23.55,27.2,2.8,3.02,3.28,0.1,0,0.1,21.15,25.83,32.69,3.05,3.34,3.78,0,0.2,0.2,3,6,KWS Kielder
2,143,25.46,28.93,34.06,2.72,2.92,3.16,0,0,0,25.06,31.24,40.06,3.02,3.36,3.91,0.1,0.1,0.1,1,1,Altigo
2,143,24.92,28.87,33.67,2.77,2.94,3.2,0.1,0.2,0,26.14,32.68,40.35,3.08,3.34,3.93,0.2,0.1,0.1,2,1,Altigo
2,143,23.03,26.37,31.33,2.74,2.98,3.25,0.1,0,0.1,23.73,30.81,40.15,3.08,3.34,3.91,0,0,0.1,3,1,Altigo
2,144,21.32,24.43,28.03,2.8,3.01,3.29,0.4,0,0,21.92,26.28,31.83,3.04,3.29,3.74,0.1,0.1,0,1,18,5602HR:1-
2,144,21.25,22.54,25.17,2.79,3.02,3.27,0,0,0.3,20.28,24.15,28.96,3.05,3.28,3.77,0,0,0.3,2,18,5602HR:1-
2,144,18.15,19.08,21.59,2.78,3.01,3.27,0.2,0.1,0.2,18.26,22.06,27.97,3.09,3.32,3.78,0,0.2,0.1,3,18,5602HR:1-
3,145,17.52,19.59,22.94,2.82,3.02,3.28,0,0.1,0.2,23.08,31.25,40.45,3.11,3.42,4.03,0.1,0,0,1,10,Premio
3,145,19.79,21.58,24.89,2.79,3.01,3.24,0.3,0,0.3,23.06,31.36,41.13,2.98,3.31,3.78,0,0.2,0.1,2,10,Premio
3,145,19.37,22.36,26.71,2.81,3,3.29,0.1,0,0.3,26.44,33.92,41.53,3.09,3.35,3.92,0,0,0,3,10,Premio
3,146,23.02,27.14,33.16,2.81,3.02,3.31,0,0,0.2,21.46,26.69,34.65,3.08,3.4,3.9,0.1,0.3,0,1,71,SY Moisson
3,146,23.98,29.04,34.95,2.78,3,3.25,0.2,0.1,0.3,20.59,27.38,34.76,3.1,3.32,3.85,0,0,0.3,2,71,SY Moisson
3,146,25,29.58,34.54,2.8,2.99,3.22,0.2,0.1,0.3,20.84,26.37,34.24,3.02,3.32,3.77,0,0,0,3,71,SY Moisson
3,147,21.15,23.77,28,2.73,2.96,3.23,0.2,0,0.2,16.15,20.84,28.09,3.07,3.38,3.9,0,0.4,0.1,1,51,Türkis 
3,147,21.65,23.96,28.02,2.81,3.01,3.27,0.1,0,0,20.09,22.58,28.41,3.04,3.29,3.8,0.1,0.1,0.1,2,51,Türkis 
3,147,21.01,24.22,28.13,2.8,3.01,3.27,0,0,0.3,17.46,20.91,27.97,3.06,3.31,3.76,0.1,0.2,0.1,3,51,Türkis 
3,148,17.89,18.69,22.2,2.83,3.07,3.42,0.3,0.1,0.1,21.87,28.02,35.78,3.05,3.34,3.97,0,0.1,0.2,1,20,BW445-101
3,148,16.55,18.03,21.12,2.84,3.01,3.27,19.2,9.9,6.2,22.86,28.64,36.55,3.05,3.31,3.87,0,0.1,0.1,2,20,BW445-101
3,148,20.03,19.72,22.5,2.8,3.03,3.32,0,0.1,0,24.49,30.6,39.2,3.04,3.34,3.99,0,0.1,0.1,3,20,BW445-101
3,149,21.66,24.89,28.49,2.79,2.97,3.18,0,0.2,0.2,26.69,35.61,43.91,3.1,3.34,4.01,0.2,0,0.1,1,30,SY Flint
3,149,21.77,24.85,28.65,2.8,2.98,3.23,0.2,0,0.3,26.08,33.92,43.3,3.07,3.35,4.02,0,0,0,2,30,SY Flint
3,149,23.68,26,29.68,2.78,2.99,3.18,0.1,0.3,0.6,27.51,35.73,43.79,3.11,3.39,4.13,0,0,0.3,3,30,SY Flint
3,150,25.57,29.02,34.91,2.8,3.05,3.33,0.1,0.2,0.5,26.56,33.39,43.33,3.08,3.43,4.23,0,0.1,0.1,1,12,Revelation
3,150,25.75,30.49,35.07,2.76,2.99,3.31,0.1,0,0,27.94,34.8,45.39,3.1,3.45,4.22,0,0,0,2,12,Revelation
3,150,24.4,28.95,33.26,2.8,3.04,3.33,0.2,0,0.2,25.14,31.05,40,3.08,3.41,4.11,0,0.1,0,3,12,Revelation
3,151,23.5,26.43,30.52,2.8,3.11,3.61,0.5,0.1,0.6,24.09,26.64,30.32,3.05,3.4,3.96,0.4,0,0,1,36,RhtC
3,151,28.58,29.92,34.85,2.85,3.16,3.92,0.1,0,0.1,27.79,35.18,47.85,3.09,3.53,4.7,0.2,0.2,0.2,2,36,RhtC
3,151,25.35,29.55,35.37,2.8,3.2,4.25,0,0,0.2,32.74,44.75,58.2,3.09,3.73,5.63,0,0.1,0,3,36,RhtC
3,152,39.3,57.39,79.09,2.9,4.02,7.65,0.2,0,0,31.35,33.98,38.85,3.01,3.28,3.81,0.1,0,0.1,1,13,Riband
3,152,40.79,53.63,69.92,2.84,3.76,6.6,0,0,0,29.91,31.84,37.27,3.05,3.33,3.9,0,0.1,0,2,13,Riband
3,152,32.49,41.81,51.54,2.85,3.44,5.21,0,0.1,0.2,25.58,30.39,37.92,3.1,3.38,4.11,0,0,0.2,3,13,Riband
3,153,28.68,30.05,31.99,2.78,2.98,3.26,0.1,0,0.3,23.12,27.44,35.86,3.09,3.44,4.19,0.1,0,0,1,65,Buenno
3,153,27.18,29.91,31.88,2.82,3.01,3.33,0,0.3,0.1,24.96,30.28,39.27,3.1,3.51,4.36,0.1,0,0.1,2,65,Buenno
3,153,23.83,24.94,26.55,2.79,3.06,3.59,0.5,0.1,0.1,25.91,31.83,42.2,3.05,3.44,4.33,0,0.1,0,3,65,Buenno
3,154,20.13,23.87,27.14,2.79,3.03,3.54,0,0,0,24.67,29.75,38.23,3.03,3.36,4.07,0.3,0.4,0.2,1,53,Inspiration
3,154,22.91,27.53,31.93,2.84,3.13,3.91,0.1,0,0.4,31.28,41.07,56.92,3.09,3.68,5.5,0,0,0.1,2,53,Inspiration
3,154,25.04,27.71,32.63,2.78,3.17,4.1,0.2,0.1,0,33.05,45.96,63.84,3.13,3.79,5.83,0.1,0.2,0.4,3,53,Inspiration
3,155,39.19,58.31,80.75,2.87,3.91,7.69,0,0,0.1,28.22,36.86,48.26,3.07,3.56,4.79,0,0.1,0,1,27,SY Wolf
3,155,37.8,51.72,66.49,2.84,3.73,6.44,0.1,0.2,0.3,27.17,34.88,45.62,3.03,3.42,4.45,0.1,0.1,0,2,27,SY Wolf
3,155,30.64,37.56,44.18,2.84,3.36,4.7,0.1,0.1,0.3,25.24,33.24,41.36,3.09,3.44,4.35,0.1,0.1,0.3,3,27,SY Wolf
3,156,22.88,27.72,32.65,2.81,2.97,3.15,0.2,0.1,0,19.71,22.63,28.93,3.04,3.36,4.23,0.1,0.5,0.2,1,61,SY 11DE11228
3,156,23.75,27.24,31.65,2.78,2.92,3.15,0,0.1,0,18,21.67,28.74,3.08,3.36,3.95,0.1,0.4,0.1,2,61,SY 11DE11228
3,156,23.57,27.47,31,2.78,2.99,3.25,0.1,0.2,0.1,19.15,22.03,28.29,3.05,3.3,3.94,0.2,0,0,3,61,SY 11DE11228
3,157,20.86,22.45,24.92,2.74,2.88,3.14,0,0.5,0.3,22.67,29.04,36.41,3.04,3.29,3.87,0.2,0.1,0,1,18,5602HR:1-
3,157,19.49,20.17,23.12,2.78,2.99,3.22,0,0.1,0,24.43,30.05,38.27,3.06,3.37,3.9,0.2,0,0,2,18,5602HR:1-
3,157,19.45,20.36,22.88,2.78,3,3.26,0.2,0.1,0,24.97,30.7,39.38,3.13,3.38,3.94,0,0.2,0.2,3,18,5602HR:1-
3,158,22.98,27.06,31.25,2.82,3,3.28,0.1,0.1,0.1,26.27,35.77,42.95,3.07,3.36,4.02,0,0,0,1,19,AC Unity
3,158,22.31,26.57,31.34,2.78,2.98,3.24,0,0,0.3,26.4,33.81,42.14,3.09,3.32,4.05,0.2,0.2,0.1,2,19,AC Unity
3,158,21.78,27.12,31.63,2.79,2.93,3.27,0,0.2,0,22.76,30.84,40.15,3.05,3.28,3.93,0,0.2,0.1,3,19,AC Unity
3,159,25.25,29.09,34.07,2.48,2.26,2.82,0.1,0.1,0,20.57,25.27,31.2,3.1,3.34,3.82,0.1,0,0,1,14,Scout
3,159,25.93,29.75,34.38,2.74,2.92,3.2,0,0,0.2,19.73,22.84,28.14,3.08,3.36,3.78,0.2,0.4,0.6,2,14,Scout
3,159,21.77,26.27,31.63,2.77,2.92,3.24,0,0.1,0.1,18.71,20.62,25.57,3.11,3.32,3.79,0.2,0.2,0.1,3,14,Scout
3,160,20.15,21.35,24.9,2.85,3.04,3.3,0,0.2,0,18.37,20.4,25.15,3.08,3.29,3.74,0.1,0.3,0,1,4,Hereford
3,160,19.67,21.19,23.84,2.77,3,3.29,0,0.2,0.4,18.38,20.43,25.24,3.09,3.29,3.74,0,0.1,0.1,2,4,Hereford
3,160,18.8,19.97,22.06,2.79,3,3.29,0.1,0.1,0.6,18.42,20.5,25.33,3.09,3.29,3.75,0.1,0,0.3,3,4,Hereford
3,161,17.96,19.14,21.85,2.79,3,3.23,0.6,0,0,15.19,18.13,24.3,3.07,3.32,3.78,0,0.3,0.2,1,3,Glasgow
3,161,18.55,20.37,23.01,2.81,3.02,3.27,0.2,0,0.5,17.3,20.34,26.34,3.04,3.33,3.79,0,0.2,0,2,3,Glasgow
3,161,19.56,21.8,25.09,2.79,3.02,3.28,0.1,0,0.3,18.96,23.01,29.69,3.07,3.33,3.82,0.1,0,0.1,3,3,Glasgow
3,162,21.98,26.41,31.42,2.81,2.94,3.22,0.4,0.1,0.2,22.64,30.31,39.41,3.06,3.29,4,0,0.1,0,1,66,Bologna 902109
3,162,26.01,29.38,33.93,2.73,2.9,3.17,0,0.2,0,26.07,34.65,43.13,3.06,3.32,3.91,0.2,0,0.2,2,66,Bologna 902109
3,162,24.92,28.72,33.21,2.73,2.91,3.15,0,0,0.5,26.13,33.88,42.71,3.08,3.37,3.95,0.2,0.2,0,3,66,Bologna 902109
3,163,23.65,27.29,32.16,2.64,2.9,3.14,0,0.1,0,24.16,32.43,42.14,3.09,3.51,4.2,0.1,0.1,0,1,16,SY Epson
3,163,24.7,27.81,32.45,2.7,2.82,3.08,0,0.1,0.3,26.45,34.17,42.48,3.05,3.38,4.1,0,0,0.1,2,16,SY Epson
3,163,25.19,28.25,32.27,2.72,2.97,3.23,0,0,0,25.4,33.42,40.66,3.05,3.37,4.02,0,0,0,3,16,SY Epson
3,164,18.43,20.15,23.11,2.81,3.04,3.39,0.2,0.2,0,19.69,24.52,32.52,3.1,3.4,4.08,0.1,0.4,0,1,5,JB Diego
3,164,19.2,19.96,22.58,2.77,3.01,3.36,0,0.1,0,19.14,24.13,32.98,3.13,3.39,4.05,0.3,0,0,2,5,JB Diego
3,164,18.64,20.77,24.33,2.75,2.98,3.55,0.3,0,0.1,19.47,25.71,34.16,3.1,3.37,4.22,0.5,0,0,3,5,JB Diego
3,165,26.17,34.28,44.25,2.81,3.27,4.56,0,0,0.1,27.96,37.97,49.48,3.08,3.43,4.44,0.1,0.1,0.1,1,34,Elixer (tall)
3,165,30.42,43.8,61.59,2.85,3.49,5.83,0,0.1,0.2,28.63,36.96,45.64,3.03,3.35,4.13,0,0,0.1,2,34,Elixer (tall)
3,165,35.05,54.47,78.31,2.83,3.75,7.06,0.2,0.1,0.1,24.54,30.25,36.11,3.04,3.32,3.73,0.3,0.2,0,3,34,Elixer (tall)
3,166,23.66,28.5,33.5,2.8,3.13,3.83,0.1,0.1,0,30.45,43.23,58.5,3.11,3.74,5.72,0,0,0,1,63,Interet
3,166,26.1,27.76,31.07,2.76,3.01,3.28,0,0,0.5,30.57,39.3,51.71,3.11,3.68,5.4,0,0,0,2,63,Interet
3,166,24.38,26.37,28.87,2.77,2.91,3.03,0.1,0.3,0.1,28.02,36.37,48.31,3.1,3.53,5.08,0.1,0,0,3,63,Interet
3,167,23.62,25.17,27.55,2.77,2.99,3.24,0.1,0.1,0,23.99,27.18,33.75,3.03,3.42,4.29,0,0,0,1,59,Helmond
3,167,22.36,23.95,26.14,2.82,2.99,3.24,0,0.1,0.1,22.37,24.89,30.52,3.08,3.41,4.15,0,0.1,0.1,2,59,Helmond
3,167,22.49,23.63,25.69,2.79,3,3.2,0.1,0.1,0,22.08,24.65,29.32,3.06,3.36,4.01,0,0,0.2,3,59,Helmond
3,168,25.42,26.28,29.22,2.78,2.95,3.15,0,0.4,0.1,26.59,29.48,31.1,3.09,3.35,3.81,0.2,0.2,0.3,1,62,Shamrock
3,168,32.35,31.36,32.6,2.72,2.96,3.16,0.1,0.2,0.5,26.74,30.13,34.72,3.03,3.26,3.75,0,0.1,0.1,2,62,Shamrock
3,168,30.2,30.28,31.88,2.74,2.95,3.16,0,0,0,28.71,30.76,33.7,3.08,3.3,3.83,0.2,0,0,3,62,Shamrock
3,169,23.75,26.04,27.6,2.78,2.95,3.2,0.2,0,0,22.21,25.55,31.85,3.09,3.32,3.75,0,0.3,0.2,1,60,SY Ferry
3,169,23.24,24.59,26.63,2.77,2.97,3.18,0,0,0.2,24.12,27.69,35.61,3.06,3.31,3.72,0.1,0.4,0.3,2,60,SY Ferry
3,169,27.03,29.08,28.43,2.79,2.96,3.16,0,0,0,27.8,26.98,30.5,3.09,3.29,3.71,0,0,0.2,3,60,SY Ferry
3,170,25.06,24.7,25.74,2.77,2.95,3.13,0.1,0.2,0.3,23.1,24.06,28.09,3.08,3.34,3.83,0,0.3,0,1,42,SY112-499 (tall)
3,170,24.75,24.4,25.4,2.77,2.95,3.16,0.2,0.1,0.2,23.82,25.28,28.71,3.06,3.32,3.81,0,0,0.3,2,42,SY112-499 (tall)
3,170,24.26,24.3,25.69,2.78,2.97,3.18,0.1,0,0,24.42,27.86,31.27,3.09,3.32,3.75,0.1,0.3,0.1,3,42,SY112-499 (tall)
3,171,23.03,24.24,27.27,2.77,2.96,3.16,0.1,0.2,0.5,22.69,27.8,34.39,3.06,3.31,3.91,0,0.2,0,1,55,Akteur
3,171,25.28,27.26,30.16,2.78,2.97,3.26,0,0,0.3,25.53,29.32,36.11,3.05,3.34,3.94,0.2,0.1,0,2,55,Akteur
3,171,26.22,27.39,30.84,2.74,2.93,3.2,0,0.1,0.1,26.56,32.05,39.07,3.06,3.36,4.09,0.1,0,0.2,3,55,Akteur
3,172,23.44,25.94,29.47,2.78,3.01,3.31,0.6,0.1,0.3,24.91,32.83,40.53,3.07,3.4,4.12,0,0.1,0,1,6,KWS Kielder
3,172,14.53,20.21,25.15,2.95,3.11,3.57,5.2,4,1.7,26.56,31.66,39.57,3.16,3.43,4.18,0,0,0,2,6,KWS Kielder
3,172,27.08,29.06,32.84,2.76,3.03,3.58,0.1,0,0,27.94,34.28,43.19,3.05,3.36,4.18,0.1,0.2,0.1,3,6,KWS Kielder
3,173,28.51,38.67,54.29,2.84,3.49,5.54,0,0.3,0.3,21.93,26.96,34.43,3.06,3.37,3.89,0.1,0.4,0.6,1,43,SY112-889 (short)
3,173,34.77,51.32,73.49,2.8,3.73,6.7,0.1,0.2,0,18.97,21.02,26.42,3.11,3.39,3.75,0.1,0.1,0.2,2,43,SY112-889 (short)
3,173,35.96,53.02,75.42,2.84,3.79,6.76,0,0,0,20.52,25.39,34.78,3.1,3.49,4.38,0.1,0.1,0.6,3,43,SY112-889 (short)
3,174,24.68,27.92,31.77,2.8,3.02,3.29,0.2,0.2,0,30.74,42.9,57,3.12,3.66,5.4,0,0,0,1,29,Nudakota
3,174,27.12,29.7,33.73,2.73,2.91,3.15,0.1,0,0,29.26,41.22,56.65,3.08,3.66,5.25,0,0.1,0,2,29,Nudakota
3,174,27.72,30.13,34.3,2.74,2.92,3.17,0,0,0,29.29,40.04,53.12,3.11,3.63,5.12,0,0.2,0,3,29,Nudakota
3,175,24.71,29.99,35.07,2.82,2.98,3.23,0,0.1,0.3,26.45,34.19,43.15,3.06,3.42,4.28,0.1,0.2,0.2,1,22,SY Gold
3,175,28.59,31.03,35.25,2.76,2.97,3.23,0,0.2,0,28.17,34.69,42.4,3.04,3.4,4.2,0,0.1,0.1,2,22,SY Gold
3,175,25.02,28.65,32.54,2.78,2.9,3.2,0,0.1,0.3,25.86,31.9,40.16,3.01,3.3,4.1,0.2,0,0,3,22,SY Gold
3,176,20.35,22.39,25.59,2.82,3.04,3.26,0.2,0,0,19.77,23.56,30.36,3.07,3.37,3.94,0,0.2,0.2,1,56,Kranich 
3,176,20.05,21.92,24.77,2.82,3.02,3.28,0.1,0,0.2,18.04,21.53,27.25,3.03,3.33,3.87,0,0.5,0,2,56,Kranich 
3,176,18.66,19.91,22.2,2.81,3.02,3.28,0,0.1,0.3,17.32,20.12,26.37,3.07,3.32,3.86,0,0.1,0,3,56,Kranich 
3,177,19.52,20.82,23.26,2.78,2.99,3.26,0,0.2,0.2,17.55,22.95,29.55,3.07,3.36,3.98,0,0.1,0.2,1,7,KWS Santiago
3,177,20.76,22.47,25.15,2.81,3.03,3.36,0.1,0,0.2,21.81,26.98,33.87,3.06,3.35,3.98,0,0,0,2,7,KWS Santiago
3,177,21.39,23.11,26.29,2.79,3.05,3.36,0,0,0.3,22.94,27.65,34.78,3.07,3.37,4.08,0.2,0,0.2,3,7,KWS Santiago
3,178,22.82,25.71,30.31,2.78,3.03,3.45,0,0,0,25.5,34.2,44.14,3.01,3.34,4.57,0.1,0.2,0.2,1,31,Cubanita (med)
3,178,25.96,30.57,35.94,2.76,3,3.65,0,0.1,0.1,26.75,36.65,46.53,3.03,3.39,4.35,0,0.1,0.1,2,31,Cubanita (med)
3,178,28.07,31.91,38.18,2.76,3.11,3.92,0.1,0.1,0.1,28.25,37.46,49.41,3.05,3.52,4.55,0.1,0.1,0.2,3,31,Cubanita (med)
3,179,37.61,59.29,85.57,2.86,3.95,7.79,0,0.1,0,24.56,30.38,36.89,3.07,3.38,3.84,0,0,0,1,45,Tobak (tall)
3,179,41.23,64.39,89.52,2.88,4.04,7.91,0.1,0.2,0.1,26.32,34.38,44.51,3.11,3.55,4.55,0.1,0.1,0.2,2,45,Tobak (tall)
3,179,33.97,45.36,56.44,2.81,3.61,5.68,0,0.2,0.4,28.16,38.99,54.93,3.13,3.7,5.25,0.2,0.2,0.4,3,45,Tobak (tall)
3,180,24.16,24.09,28.24,2.82,3.31,3.79,0,0,0,23.96,33.72,47.47,3.1,3.63,5.02,0,0,0.1,1,23,Brennan
3,180,21.7,22.05,24.7,2.77,3.02,3.24,0,0.1,0,20.74,29.1,40.87,3.12,3.52,4.63,0.2,0.2,0,2,23,Brennan
3,180,19.71,22.14,25.29,2.8,3,3.24,0,0.1,0.2,22.17,27.94,38.33,3.1,3.49,4.4,0.3,0,0.1,3,23,Brennan
3,181,25.31,27.49,31.16,2.77,2.98,3.19,0.1,0.1,0.1,24.33,30.81,37.6,3.09,3.37,4.08,0,0.1,0,1,64,SYNAB108101
3,181,24.29,27.33,30.53,2.78,2.97,3.18,0,0,0,23.63,28.85,34.04,3.03,3.32,3.96,0.1,0,0,2,64,SYNAB108101
3,181,24.46,27.65,30.24,2.76,2.91,3.11,0.1,0,0.2,24.97,29.4,35.75,3.08,3.35,3.99,0,0,0.2,3,64,SYNAB108101
3,182,25.11,28.08,31.19,2.81,2.95,3.21,0,0.1,0.2,24.99,29.62,35.48,3.05,3.35,4.02,0,0.2,0.1,1,72,Bermude
3,182,25.39,26.85,29.19,2.79,2.98,3.19,0,0.1,0.2,23.1,26.56,31.56,3.08,3.3,3.82,0,0.1,0.1,2,72,Bermude
3,182,20.98,23.99,26.52,2.81,2.96,3.09,0.1,0,0,22.28,24.57,29.42,3.04,3.27,3.72,0,0,0.2,3,72,Bermude
3,183,23.21,24.43,26.23,2.8,2.98,3.19,0.1,0,0.2,22.29,24.52,28.27,3.05,3.3,3.73,0.1,0.3,0,1,48,Spark
3,183,23.9,24.79,26.39,2.74,2.96,3.18,0.1,0.2,0.1,21.63,23.24,28.22,3.06,3.26,3.67,0.2,0.3,0.2,2,48,Spark
3,183,24.01,24.74,26.68,2.78,2.99,3.18,0,0.1,0.1,23.22,25.25,27.62,3.07,3.33,3.72,0.3,0.2,0,3,48,Spark
3,184,26.68,28.6,30.12,2.77,2.94,3.18,0,0,0.2,26.14,28.37,27.99,3.1,3.33,3.75,0,0.3,0.1,1,11,RELAY
3,184,27.55,28.19,30.57,2.77,2.96,3.2,0,0.1,0.2,26.58,28.28,32.29,3.15,3.32,3.79,0,0.3,0.1,2,11,RELAY
3,184,23.99,26.49,29.15,2.77,2.96,3.24,0,0,0,23.12,27.77,33.86,3.08,3.35,3.8,0,0.1,0,3,11,RELAY
3,185,21.99,24.03,27.91,2.8,3.02,3.31,0.1,0,0.2,23.76,26.98,34.58,3.1,3.37,3.81,0.1,0.2,0,1,67,Expert
3,185,22.85,25.22,28.5,2.8,3.02,3.31,0.1,0.1,0.1,23.79,27.76,35.69,3.11,3.36,3.76,0.3,0,0.2,2,67,Expert
3,185,24.39,26.33,27.95,2.79,3.02,3.23,0.4,0.1,0.2,23.28,26.47,33.81,3.05,3.34,3.74,0,0,0,3,67,Expert
3,186,23.82,26.18,29.27,2.79,3.02,3.23,0.2,0.1,0.2,26.06,28.78,33.32,3.1,3.34,3.8,0.1,0.1,0,1,41,SY112-277 (short)
3,186,22.87,25.26,27.89,2.78,2.99,3.24,0.3,0,0.1,23.03,27.61,31.71,3.06,3.32,3.78,0.2,0,0,2,41,SY112-277 (short)
3,186,25.01,25.72,27.72,2.77,2.95,3.2,0.4,0,0,22.7,26.33,31.87,3.09,3.35,3.89,0.1,0.1,0.1,3,41,SY112-277 (short)
3,187,22.3,23.94,26.31,2.72,2.8,2.96,0.1,0.4,0.1,23.69,26.47,30.42,3.09,3.29,3.78,0.2,0,0.1,1,40,Skyfall (med)
3,187,25.81,25.7,26.94,2.74,2.94,3.16,0,0.1,0.2,24.45,27.87,33.11,3.1,3.29,3.78,0.1,0.1,0.5,2,40,Skyfall (med)
3,187,25.24,25.64,27.22,2.77,2.85,2.8,0.1,0.2,0.1,23.74,27.48,31.28,3.08,3.16,4.24,0.1,0,0.4,3,40,Skyfall (med)
3,188,22.93,24.04,26.88,2.75,2.84,2.84,0.1,0,0,21.39,27.09,32.21,3.05,3.18,3.93,0,0,0,1,52,Tambor
3,188,24.04,25.48,27.4,2.74,2.87,3.03,0,0,0,23.71,28.08,32.96,3.05,3.3,3.89,0,0,0,2,52,Tambor
3,188,24.57,26.33,28.2,2.77,2.96,3.2,0,0,0.2,24.1,28.13,34.39,3.1,3.34,3.82,0.1,0.2,0.4,3,52,Tambor
3,189,20.31,20.87,24.41,2.72,2.99,3.18,0.4,0.3,0,19.92,24.56,32.14,3.09,3.41,3.95,0.1,0.3,0.3,1,8,Oakley
3,189,20.3,21.55,24.29,2.78,3.01,3.26,0,0.1,0.1,19.91,23.88,31.06,3.11,3.38,3.91,0.1,0.3,0.1,2,8,Oakley
3,189,20.04,21.72,24.8,2.8,3,3.29,0.1,0,0.2,20.59,25.54,33.57,3.09,3.36,3.9,0.1,0,0.2,3,8,Oakley
3,190,22.12,23.28,26.66,2.76,3.02,3.32,0,0.3,0.1,23.56,29.99,37.99,3.12,3.39,4.1,0.2,0.1,0,1,68,Cellule
3,190,23.97,25.59,28.44,2.73,2.97,3.32,0,0,0,22.61,29.16,37.81,3.11,3.43,4.11,0,0,0,2,68,Cellule
3,190,23.2,25.29,28.9,2.78,2.99,3.45,0.7,0.1,0,24.1,31.41,40.09,3.14,3.45,4.24,0,0.1,0,3,68,Cellule
3,191,25.84,32.4,40.27,2.82,3.21,4.28,0.1,0,0,28.15,37.72,48.92,3.14,3.52,4.52,0.1,0.2,0.1,1,57,Meteor 
3,191,28.7,36.01,46.25,2.85,3.38,5.09,0.2,0.5,0.2,28.16,36.86,46.7,3.13,3.47,4.37,0.1,0.2,0,2,57,Meteor 
3,191,28.13,36.91,50.05,2.79,3.39,5.51,0.1,0,0,24.39,32.76,43.6,3.1,3.43,4.52,0.6,0.1,0,3,57,Meteor 
3,192,34.24,44.79,57.31,2.84,3.78,6.36,0,0.1,0.3,26.09,37.44,52.53,3.09,3.7,5.49,0,0,0.1,1,9,Player
3,192,29.79,34.73,42.02,2.87,3.45,4.91,0.1,0.2,0.1,31.98,44.64,60.82,3.13,3.93,6.21,0,0.1,0.1,2,9,Player
3,192,26.37,30.72,35.89,2.8,3.29,4.27,0.3,0,0,31.04,41.92,56.43,3.1,3.82,5.95,0.1,0,0,3,9,Player
3,193,25.75,32.33,38.39,2.87,3.34,4.52,0.3,0.3,0,28.08,41.17,57.06,3.12,3.77,5.74,0.1,0,0,1,35,Gallant (med)
3,193,23.57,27.38,31.52,2.8,3.13,3.78,0.3,0.3,0.1,29.53,44.42,61.75,3.17,3.84,5.87,0.1,0.2,0.4,2,35,Gallant (med)
3,193,21.96,25.06,28.29,2.78,3.04,3.41,0.1,0,0,28.09,41.06,56,3.15,3.78,5.71,0,0.2,0.1,3,35,Gallant (med)
3,194,20.31,24.25,27.98,2.79,2.97,3.2,0.2,0.2,0.1,24.31,31.6,41.23,3.08,3.48,4.57,0.2,0.3,0,1,26,SY Rowyn
3,194,23.73,26.78,30.41,2.73,2.94,3.16,0,0,0.3,25.21,31.66,40.97,3.05,3.46,4.37,0,0.2,0.3,2,26,SY Rowyn
3,194,25.21,29.11,33.37,2.78,2.99,3.25,0,0,0.1,25.55,33.21,42.21,3.09,3.43,4.26,0,0,0.1,3,26,SY Rowyn
3,195,24.23,26.81,30.13,2.76,2.96,3.26,0.2,0.3,0.8,23.61,29.53,36.44,3.11,3.5,4.16,0.1,0.2,0.1,1,15,Soissons
3,195,22.88,25.04,28.43,2.76,2.97,3.23,0.1,0,0.1,23.39,29.38,35.95,3.07,3.43,3.99,0,0,0,2,15,Soissons
3,195,21.46,23.96,27.69,2.68,2.99,3.26,0.1,0,0,21.72,26.95,33.23,3.11,3.38,3.93,0.2,0.2,0.2,3,15,Soissons
3,196,19.97,22.58,25.9,2.75,2.98,3.26,0.2,0.2,0.4,19.23,24.06,31.62,3.06,3.35,3.81,0.5,0.4,0,1,1,Altigo
3,196,19.69,20.85,24.26,2.77,3.03,3.3,0.4,0.3,0.1,16.92,21.39,28.9,3.06,3.35,3.77,0.1,0,0.2,2,1,Altigo
3,196,19.25,20.79,24.52,2.75,2.98,3.26,0.2,0,0.5,17.8,22.94,30.31,3.06,3.35,3.81,0,0.2,0.2,3,1,Altigo
3,197,22.87,25.62,28.78,2.83,3.06,3.24,0,0.1,0.5,23.85,28.39,32.76,3.08,3.27,3.7,0.3,0,0,1,37,Memory (tall)
3,197,23.51,25.45,27.88,2.74,2.89,3.08,0.1,0.2,0.3,22.05,26.13,30.52,3.09,3.29,3.76,0,0.2,0,2,37,Memory (tall)
3,197,21.86,24,27.14,2.76,2.87,3.01,0.3,0.2,0,23.23,25.24,30.21,3.03,3.26,3.72,0,0.2,0.2,3,37,Memory (tall)
3,198,21.54,24.92,27.35,2.78,2.95,3.17,0,0,0.2,21.84,25.75,29.93,3.03,3.27,3.64,0,0.1,0.1,1,49,Rialto
3,198,23.54,25.27,27.58,2.78,2.98,3.22,0,0.1,0.5,23.63,27.24,31.89,3.14,3.3,3.76,0,0,0,2,49,Rialto
3,198,24.14,25.97,28.28,2.75,2.9,3.09,0,0,0,24.49,28.22,33.08,3.05,3.26,3.73,0,0,0,3,49,Rialto
3,199,24.94,24.83,28.89,2.76,3.04,3.25,0,0,0.1,23.36,27.68,34.02,3.07,3.4,3.74,0,0,0.1,1,47,Gladiator
3,199,24.35,27.22,30.29,2.76,2.92,3.19,0.1,0.2,0.2,23.51,29.71,36.02,3.08,3.3,3.88,0.2,0.2,0.1,2,47,Gladiator
3,199,24.94,27.68,30.42,2.75,2.96,3.21,0.1,0.1,0.3,26.53,30.46,35.8,3.06,3.3,3.69,0.2,0.1,0,3,47,Gladiator
3,200,22.75,23.77,26.76,2.77,2.99,3.25,0.2,0.1,0,22,26.84,29.2,3.05,3.33,3.76,0,0.1,0,1,28,SY Ovation
3,200,24.15,24.42,26.79,2.77,3,3.28,0,0.2,0.1,23.11,27.18,34.41,3.09,3.35,3.78,0.3,0,0,2,28,SY Ovation
3,200,22.01,23.33,26.65,2.77,2.98,3.31,0.1,0,0.5,20.35,26.81,34.44,3.09,3.29,3.77,0.1,0.3,0.2,3,28,SY Ovation
3,201,22.24,23.67,26.55,2.82,3,3.28,0,0.3,0,20.44,24.75,31.87,3.09,3.35,3.81,0,0,0.1,1,58,Bernstein
3,201,20.27,23.02,26.19,2.81,3.02,3.28,0,0.1,0.4,22.61,27.03,29.51,3.09,3.34,3.79,0,0.1,0.3,2,58,Bernstein
3,201,21.79,22.61,25.75,2.81,3.04,3.36,0.2,0,0.1,22.26,25.86,32.82,3.06,3.3,3.75,0.2,0,0,3,58,Bernstein
3,202,24.74,28.24,32.07,2.76,2.92,3.12,0.2,0,0.1,26.04,33.23,39.28,3.14,3.28,3.79,0.2,0.1,0.1,1,54,Fallow
3,202,24.86,27.76,30.85,2.74,2.9,3.1,0,0.3,0.1,26.55,31.27,36,3.04,3.34,3.82,0,0.2,0,2,54,Fallow
3,202,25.1,27.6,30.74,2.76,2.96,3.19,0,0,0.2,24.96,30.51,35.86,3.06,3.36,3.75,0.2,0.1,0,3,54,Fallow
3,203,25.8,25.97,29.77,2.75,3.01,3.2,0.1,0,0,22.56,27.95,34.07,3.12,3.39,3.85,0,0,0,1,32,Dickens (med)
3,203,26.28,26.81,29.93,2.74,2.97,3.2,0.1,0,0,26.33,29.42,33,3.03,3.28,3.76,0,0.1,0.1,2,32,Dickens (med)
3,203,24.37,26.18,29.62,2.73,2.93,3.13,0.1,0,0.2,24.17,28.92,34.26,3.09,3.33,3.74,0.1,0,0,3,32,Dickens (med)
3,204,22.29,25.8,28.13,2.78,2.84,3.11,0.5,0,0.2,22.34,26.86,31.73,3.05,3.27,3.66,0,0.2,0.2,1,46,Cadenza
3,204,22.69,24.63,27.32,2.76,2.92,3.09,0.3,0,0,23.6,28.64,33.2,3.06,3.28,3.73,0.1,0.1,0,2,46,Cadenza
3,204,23.17,25.57,28,2.78,2.96,3.21,0,0.2,0.6,23.77,27.9,32.44,3.07,3.29,3.7,0,0.3,0.2,3,46,Cadenza
3,205,20.99,22.38,25.14,2.76,2.97,3.25,0,0,0.2,18.65,25.03,32.7,3.12,3.38,3.75,0.4,0.1,0,1,69,Syllon
3,205,20.24,20.9,23.42,2.8,3.02,3.28,0,0,0.3,19.48,22.62,30.13,3.07,3.38,3.78,0.1,0.3,0,2,69,Syllon
3,205,19.32,20.26,22.92,2.76,3,3.26,0,0,0.2,17.5,21.57,27.83,3.1,3.35,3.83,0.2,0,0.3,3,69,Syllon
3,206,19.9,22.52,25.77,2.75,2.91,3.21,0,0,0,20.08,25.58,32.53,3.1,3.35,3.85,0.1,0.3,0.1,1,44,SY112-933 (short)
3,206,22.85,23.49,26.56,2.74,2.98,3.23,0,0.3,0,22.26,27.82,34.95,3.1,3.37,3.84,0,0,0.2,2,44,SY112-933 (short)
3,206,24.09,25.31,28.95,2.75,2.97,3.24,0.2,0.1,0.3,22.65,29.44,36.81,3.12,3.37,3.92,0,0.1,0.1,3,44,SY112-933 (short)
3,207,24.21,27.27,31.35,2.75,2.96,3.22,0,0.3,0.5,24.8,32.14,39.96,3.12,3.39,3.94,0,0.1,0,1,39,Rht3 Mercia 2014
3,207,23.82,26.26,30.79,2.77,3.01,3.23,0.2,0,0,25.59,32,39.46,3.09,3.36,3.87,0,0.3,0.1,2,39,Rht3 Mercia 2014
3,207,25.35,26.67,30.22,2.79,3,3.23,0.1,0,0.2,24.07,30.17,37.34,3.08,3.37,3.96,0,0.2,0.3,3,39,Rht3 Mercia 2014
3,208,21.15,25.4,29.95,2.79,2.97,3.27,0.2,0,0.4,23.39,31.01,39.78,3.13,3.41,4.08,0.2,0.3,0.1,1,38,Reflection (short)
3,208,23.86,27.08,31.06,2.78,2.98,3.25,0,0,0.8,24.77,32.35,39.84,3.1,3.42,4.07,0,0.6,0,2,38,Reflection (short)
3,208,23.37,26.31,29.68,2.78,3,3.31,0,0,0.2,23.18,29.92,38.44,3.08,3.44,4.04,0.1,0,0.3,3,38,Reflection (short)
3,209,21.99,25.87,29.96,2.79,3.02,3.28,0,0,0.1,19.88,25.45,31.49,3.1,3.37,3.96,0,0.1,0,1,25,Oakes
3,209,21.91,26.57,30.95,2.79,3,3.28,0,0.5,0.2,22.15,27.79,35.38,3.11,3.35,3.85,0,0.2,0,2,25,Oakes
3,209,20.42,24.85,29.84,2.8,3,3.28,0.1,0.1,0,21.06,27.89,35.24,3.09,3.34,3.85,0.1,0,0,3,25,Oakes
3,210,22.97,26.57,31.38,2.77,3.02,3.34,0,0,0.2,23.38,30.84,37.69,3.08,3.29,3.79,0.1,0.1,0.2,1,70,Armada
3,210,25.46,27.96,32.05,2.73,2.99,3.24,0,0,0.2,24.75,31.6,38.09,3.07,3.31,3.79,0,0.1,0,2,70,Armada
3,210,25.58,28.23,32.44,2.76,3.03,3.32,0,0.1,0,25.34,31.05,38.12,3.06,3.35,3.83,0.1,0.4,0.3,3,70,Armada
3,211,24.23,26.72,30.42,2.74,3.03,3.28,0.1,0,0,21.89,27.31,33.8,3.06,3.36,3.78,0,0,0.1,1,21,Jagger
3,211,22.5,24.8,28.22,2.77,2.99,3.25,0.2,0.1,0.1,21.4,25.77,32.55,3.14,3.4,3.84,0,0,0.2,2,21,Jagger
3,211,22.41,23.83,26.82,2.77,2.98,3.24,0.1,0.1,0.3,20.99,26.17,32.4,3.07,3.31,3.73,0.1,0.2,0,3,21,Jagger
3,212,17.46,19.21,22.68,2.78,3,3.29,0,0.1,0.1,16.26,22.14,29.76,3.14,3.35,3.78,0.1,0.1,0.1,1,24,SY Southwind
3,212,20.4,21.33,24.59,2.73,2.97,3.24,0,0.1,0.4,17.54,21.52,29.64,3.14,3.4,3.76,0.1,0.1,0.1,2,24,SY Southwind
3,212,20.25,22.05,25.29,2.76,2.98,3.24,0,0.1,0,18.27,23.43,31.6,3.06,3.31,3.67,0,0.2,0.2,3,24,SY Southwind
3,213,22.17,24.48,28.39,2.81,3.04,3.23,0.1,0,0.2,24.02,27.28,31.12,3.1,3.34,3.74,0.4,0.3,0,1,50,Avalon
3,213,26.83,27.52,29.2,2.73,2.9,3.14,0,0,0.1,24.54,27.26,32.79,3.1,3.2,3.72,0,0.1,0.2,2,50,Avalon
3,213,24.82,25.75,28.94,2.74,2.9,3.06,0,0.2,0.2,23.22,28.68,34.18,3.03,3.28,3.67,0.1,0,0,3,50,Avalon
3,214,22.38,26.52,29.49,2.79,2.88,3.1,0,0,0.1,24.17,28.86,35.77,3.09,3.23,3.74,0.2,0.3,0.3,1,33,Edward (tall)
3,214,23.92,25.55,28.52,2.74,2.97,3.24,0,0,0.1,24.69,28.4,34.93,3.07,3.3,3.68,0,0,0,2,33,Edward (tall)
3,214,23.35,24.93,28.31,2.77,3.02,3.26,0,0.1,0.1,23.23,28.7,35.04,3.08,3.32,3.75,0.5,0,0.2,3,33,Edward (tall)
3,215,24.74,27.25,30.05,2.82,3,3.27,0.1,0.1,0,24.41,30.67,37.94,3.11,3.34,3.73,0.1,0.1,0.3,1,2,Cordiale
3,215,24.82,28.39,30.68,2.81,2.94,3.14,0,0,0,25.44,30.95,37,3.08,3.29,3.67,0,0,0,2,2,Cordiale
3,215,23.57,27.16,31.31,2.78,2.96,3.14,0,0.2,0.4,25.37,30.76,37.69,3.03,3.26,3.78,0,0,0.2,3,2,Cordiale
3,216,21.74,20.67,25.8,2.79,3.16,3.33,0,0,0.2,22.42,27.19,32.9,3.1,3.34,3.63,0.1,0,0.3,1,17,Xi19
3,216,28.67,26.39,27.7,2.75,3.01,3.21,0,0.3,0.3,22.7,27.74,35.87,3.13,3.3,3.54,0,0.1,0,2,17,Xi19
3,216,25.17,23.66,26.22,2.77,2.98,3.23,0,0,0,20.88,25.35,31.71,3.07,3.27,3.69,0.1,0.3,0,3,17,Xi19
