Easting (m),Northing (m),VCP1.48,VCP2.82,VCP4.49,HCP1.48,HCP2.82,HCP4.49,Depth (m)
358857.278,524391.9552,29.1021072395956,20.7669472360663,16.9327454309048,16.3135877485574,9.41361773193139,8.36882127005064,0.347400612
358857.2626,524391.9201,29.0937417865481,20.7647424404361,16.9315476929149,16.3036947406245,9.41361773193139,8.43233811487311,0.319164118
358857.3153,524391.9103,29.0991837747287,20.7656658200957,16.9316043565653,16.4422384790113,9.43313060216031,8.33251996830017,0.324464832
358857.244,524391.9981,29.1049022316908,20.7681427264835,16.9337778276306,16.7392263957436,9.69673082363813,8.5504709962802,0.319164118
358857.2883,524391.9013,29.093742422503,20.7644346345664,16.9311159759678,16.5115196261179,9.53071580698744,8.31435695026831,0.306829766
358857.3272,524391.8026,29.0796518770118,20.7600061371576,16.9280067990433,16.4323286608974,9.41361773193139,8.44146685894123,0.291029562
358857.3003,524391.8047,29.0763983257247,20.7594193269033,16.9279521001761,16.541194942699,9.44288239021516,8.54136704102508,0.299796126
358857.2517,524391.8998,29.0885736101147,20.7634144379719,16.9308339158521,16.6599912236285,9.66742736066838,8.29623597537258,0.313863405
358857.279,524391.8216,29.0770149772117,20.7598359632679,16.9284592246235,16.5016097094151,9.51117125533852,8.11497323507438,0.269928644
358857.353,524391.795,29.0817234313994,20.7602553840829,16.9278730063076,16.3531582377664,9.45261624803349,8.14214864631184,0.308664628
358857.3424,524391.8192,29.085237849705,20.7613820397528,16.9287001645899,16.5115196261179,9.38433739003072,8.24181307261397,0.275229358
358857.4376,524391.6273,29.0550520940234,20.7515529764899,16.9217431699059,16.5708613185217,9.34531591656468,8.10589196080116,0.326197757
358857.5265,524391.467,28.7480274189015,20.6187093710096,16.801124206529,16.5213920988232,9.24782425522292,7.8888203113495,0.289296636
358857.524,524391.4244,28.7384049832312,20.6163257537782,16.8001851035392,16.7589966936958,9.41361773193139,7.97921704748325,0.268195719
358857.5002,524391.2892,28.7021851531667,20.6076809097169,16.7970378292745,16.6302871739701,9.37456824018145,7.76237504667963,0.299796126
358857.4599,524391.2413,28.6844908190966,20.6036935659003,16.7957750640838,16.7094824390266,9.23806354697752,7.54599758793679,0.370234455
358857.4434,524391.0783,28.6357387729182,20.5926970378877,16.7922786918961,16.897676684994,9.27706158739884,7.62704619334922,0.331498471
358857.3298,524391.1386,28.6460243802768,20.5951929883723,16.7932697154109,16.8877329269157,9.23806354697752,7.59101443759202,0.340366972
358857.2371,524391.0115,28.6097411627468,20.587101562544,16.7908869227007,16.7788262857263,9.13090139350651,7.44694855830734,0.357900102
358857.1709,524390.9435,28.5932709195491,20.5832934597894,16.7896771871068,16.8877329269157,9.16987072133563,7.45594974880815,0.350866463
358857.1226,524390.8456,28.2563092021883,20.4500240089308,16.6971078793965,16.7491065711043,9.08217661342481,7.32102209892955,0.354434251
358857.0563,524390.7795,28.2482237184434,20.4465645106565,16.6944812697483,16.7886910836042,9.0529361873727,7.31199966099324,0.384301733
358856.9444,524390.6599,28.2381397559394,20.4409042364499,16.6895164404152,16.8580381643055,9.17958937419587,7.26707871407658,0.389602446
358856.895,524390.5584,28.2309639646486,20.4369291849921,16.6861053871712,16.5213920988232,8.85827477693283,7.07859512896619,0.354434251
358856.7923,524390.3887,27.4988464015802,20.3412496028596,16.6289192471988,16.4125558263037,8.93614129951805,7.04273413378867,0.421304791
358856.7897,524390.1068,27.488385617591,20.3370811664876,16.6216815090186,16.4521436939525,8.71243176767118,6.99791542773949,0.398470948
358856.7542,524389.9829,27.4721838683362,20.3333465588927,16.6161208350251,16.1355581463887,8.60550325793946,6.97101357554989,0.315698267
358856.7375,524389.6918,26.619313479729,20.2649626440598,16.6018303349116,15.8092584437916,8.55693412923805,6.756208912849,0.525280326
358856.8089,524389.1366,26.2621402086241,20.2085529234343,16.489563682659,15.8389096783514,8.43069743095177,6.73833224062745,0.50764526
358856.8682,524388.7874,25.9025735138264,20.1881339335306,16.486605976156,15.572109746503,8.39188466410143,6.52400943840995,0.490010194
358856.948,524388.4566,25.1471153202082,20.1527021648292,16.5046785019634,15.6314152734064,8.25605634412071,6.47050546118183,0.445973496
358856.9351,524388.2193,24.8656059741518,20.1335597414795,16.5090007141087,15.4535790247488,8.31425597321564,6.36358998922986,0.534148828
358856.9948,524387.9183,25.1122130753538,20.0937758065411,16.402270690758,15.2067400250554,8.16879421074534,6.30126574164898,0.477675841
358856.9888,524387.731,25.6713845376419,20.1095466949786,16.3572327273966,15.1771319221244,8.15908002547605,6.49728944185693,0.588786952
358856.9524,524387.5162,26.8202419729487,20.088362058023,16.4713666939605,14.9698568285828,8.20755059585173,6.29238126024414,0.537614679
358856.9281,524387.331,26.8030840421756,19.9064671825579,16.1500937814053,14.9698568285828,8.36276295034319,6.59542556752806,0.54648318
358856.9603,524387.0747,27.5421854647924,19.6990736422283,15.821603436999,14.5753228508598,8.3336430910977,6.57758035128181,0.49714577
358856.9916,524386.9706,27.6883719128328,19.6758579163445,15.8091710475117,14.4274505387538,8.38218283487751,6.58649674946012,0.544648318
358856.9727,524386.9077,27.804704686632,19.650527098167,15.7829182717882,14.2402332516587,8.59579018625113,6.56864456129211,0.562283384
358856.9444,524386.7503,28.12733200139,19.5817945049182,15.7079823161967,14.4176256472582,8.67354962360046,6.74729455790502,0.66116208
358856.8666,524386.6026,28.3732929361013,19.4038802026227,15.5514645054478,14.3288845419375,8.65409010370402,6.55076983867574,0.645259939
358856.7961,524386.4234,28.3749345337398,19.260439098385,15.4227535329415,14.3092163541425,8.79019047926075,6.99791542773949,0.498878695
358856.7235,524386.2534,28.602165298135,19.1086103595468,15.2523958764682,14.1614304643325,9.03347444514881,7.31199966099324,0.59235474
358856.7062,524386.0125,28.6406301641378,18.8608087021577,15.030164859663,14.2500950818711,9.16987072133563,7.15932322270385,0.502344546
358856.6255,524385.8982,28.346734798745,18.6945051283713,14.9417084289606,14.2993239664678,9.17958937419587,7.05167938588089,0.574719674
358856.6433,524385.7181,28.0238368003994,18.4287379276597,14.7783504652516,13.9546034793877,9.41361773193139,7.21320046713398,0.601121305
358856.5788,524385.4925,27.7137076846368,18.0567936935488,14.5215657625465,13.9053669029648,9.24782425522292,7.50093446731832,0.595820591
358856.5475,524385.2424,27.7759528907856,17.9626736179239,14.4222914527399,13.9250494562482,9.60881555686756,7.71724768398272,0.54648318
358856.4969,524385.1297,27.5926830706267,17.6539110487659,14.185474117674,13.9152234667431,9.57952190218316,7.66316952124557,0.534148828
358856.4637,524384.9074,27.4789363226464,17.4943494389904,14.119017223429,13.816776987256,9.80419808731781,7.66316952124557,0.604689093
358856.4451,524384.6368,27.2319932828818,17.2065302413441,13.8280217502777,13.7478510331533,10.0095780372772,8.21462823312029,0.601121305
358856.4225,524384.2883,27.1005196021986,16.9484308857316,13.4863781034784,13.8955425819582,10.254327112527,9.362387089083,0.636391437
358856.3686,524383.9235,26.84265804153,16.7848984575184,13.4796773313037,14.0038243729418,10.4601690330008,10.3643525023328,0.562283384
358856.3724,524383.6248,26.5432939002912,16.6270088671614,13.378814610347,14.1811150916816,10.3229131437032,10.6971170265123,0.472477064
358856.3201,524383.3267,26.1781282833485,16.399769945177,13.3150380004288,13.8955425819582,10.2935394427864,10.0785303751978,0.682262997
358856.3808,524382.7753,25.359959550502,16.3523865858874,13.2029402742372,12.912030147494,9.98024209259389,9.12463028218005,0.689398573
358856.3575,524382.3453,24.8389962788562,16.1275347337317,12.9424133994133,12.0777273829997,9.53071580698744,9.14288157684908,0.599388379
358856.333,524382.0135,24.549725151152,16.0267731292907,12.8419549755485,11.8228528578747,9.26735511382643,8.91465599506771,0.61529052
358856.3221,524381.7595,24.3470650847172,15.9551961544414,12.7596113503322,11.8620510158321,8.91666342445777,8.83261460371757,0.676962283
358856.2988,524381.45,24.311373944201,15.9601386814794,12.766920217035,12.2641066293925,8.63463602887638,8.76884238173903,0.604689093
358856.2319,524381.0778,24.6247178116807,16.0825089532706,12.763311428167,12.5094406525432,8.45009465176763,8.14214864631184,0.581753313
358856.1776,524380.7871,24.7720234140076,16.1857554223857,12.7557167076521,12.6665050090865,8.26574637500495,8.31435695026831,0.502344546
358856.0894,524380.4374,24.7981451273054,16.3181626650022,12.7524272464721,12.6566620400851,8.19785811065424,8.13307219655041,0.599388379
358856.0233,524380.0392,24.7805718428516,16.4536313414199,12.7620906742783,12.5781490106787,8.2463589903358,8.06970418600688,0.555249745
358855.9846,524379.6928,24.5209061285071,16.4897559095417,12.6872946678492,12.6272144180521,8.43069743095177,7.69021236195344,0.438939857
358856.0019,524379.3365,24.3967032418466,16.5037221111447,12.6868819864828,12.7450515138968,8.50835506010536,7.43792414307815,0.498878695
358855.9888,524378.9601,24.3147734507055,16.6843135402501,12.7054852692327,12.8138143062156,8.45009465176763,7.04273413378867,0.493577982
358855.9811,524378.7117,24.6600680395617,16.9226705909686,12.7607058819754,12.5977666097233,8.27543623855721,7.59101443759202,0.585219164
358856.0542,524378.698,24.6520528979885,16.9210750214591,12.7577204757112,12.6174024897257,8.31425597321564,7.71724768398272,0.403669725
358856.0721,524378.6571,24.6685696023533,16.9293292739395,12.7568279363724,12.7352172993124,8.43069743095177,7.70824181289373,0.445973496
358856.0186,524378.4517,25.2806237475186,17.1725913609351,12.8735996625071,12.7450515138968,8.3336430910977,7.70824181289373,0.414271152
358855.9701,524378.0905,25.8367755458656,17.4167745037773,13.0538040588629,12.4898076510053,8.16879421074534,7.63611214453304,0.382568807
358856.009,524377.9863,25.9056179208213,17.4396649880635,13.077912510479,12.6272144180521,8.39188466410143,7.73531386309791,0.386136595
358856.0266,524377.9119,25.957629531172,17.4570339743509,13.0989106404993,12.7352172993124,8.45009465176763,7.87075343309242,0.370234455
358856.0217,524377.7302,26.0670571519007,17.4970134391776,13.1586598230089,12.754897852663,8.45983825713281,7.78946975747951,0.366768603
358855.9509,524377.4044,26.2645698636545,17.6784549655662,13.4718539125343,12.7745235137932,8.45983825713281,7.80753268889767,0.36146789
358855.9,524377.1341,25.9250140120869,17.7075388433126,13.7217435090124,12.9611602503625,8.48894569509936,7.96114660846314,0.264627931
358855.8359,524376.8268,25.4322000967966,17.6813535839924,13.952225137547,13.0397749570662,8.15908002547605,7.42895710198756,0.350866463
358855.7037,524376.4997,24.6139581273548,17.5890513452076,14.1378141077934,13.0790909195094,8.21725579661039,7.54599758793679,0.349133537
358855.6016,524376.2781,24.4455562698006,17.5587417185617,14.1751568076978,13.1282071106651,8.34333866852048,7.59101443759202,0.349133537
358855.6065,524375.9832,24.1782544664848,17.4341305089256,14.2262697787173,13.3346724024955,8.51806428477191,7.53695944611537,0.335066259
358855.5862,524375.7682,24.1412620896387,17.3996035678601,14.2318011858725,13.3740078894121,8.32395496960058,7.56399086254443,0.37196738
358855.4427,524375.4969,24.0241683892594,17.3093381963035,14.2862619924133,13.3936739405595,8.51806428477191,7.67217638842326,0.345565749
358855.4286,524375.2448,24.0877625384959,17.2816917832075,14.290849339286,13.3543409730338,8.53750507778433,7.78946975747951,0.329765545
358855.4924,524374.9159,24.7219299181093,17.29203879622,14.3580819276001,13.5805750102724,8.76104179397302,7.8346136853935,0.335066259
358855.5284,524374.6188,25.1083884474315,17.3502703457539,14.4205156442721,13.8364691390501,8.73184253706709,7.73531386309791,0.333231397
358855.535,524374.2775,25.513303504228,17.3850072833613,14.5605808106336,13.9841459409874,8.87775619581639,7.73531386309791,0.322731906
358855.5119,524373.866,25.6468481310386,17.3993750343256,14.6411927594105,14.3288845419375,8.92641262380328,7.90690695520606,0.352599388
358855.4611,524373.3676,25.075865635571,17.4426892664432,14.6123432272345,14.53589723302,9.0627037211168,7.69021236195344,0.340366972
358855.3886,524372.9713,24.7095898613061,17.4467946112297,14.4731250501776,14.4471613819434,8.99456075714214,7.8346136853935,0.352599388
358855.2566,524372.6646,24.7581908453659,17.6253224053865,14.3964359277399,14.5063355491267,8.94588191622975,7.72629586569286,0.401936799
358855.1909,524372.4186,24.8600840327285,17.6885532280182,14.3732285354021,14.27966590347,8.86803485562352,7.50093446731832,0.421304791
358855.1828,524372.2443,25.2249759438225,17.9215305353622,14.3370760052153,14.3584844664226,8.86803485562352,7.43792414307815,0.368501529
358855.1557,524371.9849,25.4685814993428,18.0065276861841,14.3630162474835,14.4570503047765,8.89721715656145,7.54599758793679,0.329765545
358855.1157,524371.7238,26.3303979683515,18.3422325965988,14.4235579658934,14.5457469824466,8.69300043988786,7.37496527082252,0.359734964
358855.0911,524371.507,26.5203866650079,18.40428564972,14.4518530568842,14.53589723302,8.70266465663511,7.41093304642257,0.389602446
358855.0803,524371.2734,27.3299455453342,18.6611540244927,14.5822898766002,14.614755930258,8.62494238071492,7.34798772193805,0.340366972
358855.0943,524371.0303,27.4283655331849,18.6989448830234,14.6005186344287,14.7035369527925,8.65409010370402,7.29405741845721,0.291029562
358855.1177,524370.7593,27.5139081881892,18.8116442462117,14.6776698856366,14.8514503701532,8.47925772698686,6.95308645709252,0.336799185
358855.1518,524370.4864,27.4549929399019,18.810498452157,14.6872560920145,15.1178700623985,8.54720252560111,6.97998929437528,0.354434251
358855.1889,524370.1874,27.0474926329468,18.8262270308271,14.7675017511021,15.0882710891916,8.39188466410143,6.83671479821284,0.386136595
358855.2406,524369.9551,26.5268176942712,18.8130443069762,14.8066333317672,15.1968452580489,8.40158160654329,6.64901761439709,0.386136595
358855.2355,524369.7493,26.3183100834965,18.7980931941393,14.8191600533265,15.2955851447449,8.30455930837048,6.5418783352875,0.349133537
358855.272,524369.5042,25.8455868853479,18.7298074086212,14.8496822837093,15.4733487462931,8.372459753865,6.52400943840995,0.403669725
358855.301,524369.2591,25.7072225217933,18.7442540558225,14.8769741231054,15.6314152734064,8.53750507778433,6.4883558933454,0.393170234
358855.2835,524368.9866,25.4788825699739,18.7780321196692,14.9370927958913,15.7895164413855,8.78046208117274,6.76516262481129,0.349133537
358855.2933,524368.6453,25.4950539977926,18.771487023165,14.9545591035914,15.7697568550715,8.62494238071492,6.44379581706878,0.350866463
358855.3355,524368.3129,25.8473212527622,18.7781859153678,14.9594129968277,15.6906758383791,8.5763468842615,6.39921056220872,0.386136595
358855.3242,524368.0255,26.009091223713,18.9326805294548,15.1625241739697,15.5326007542852,8.63463602887638,6.36358998922986,0.322731906
358855.2715,524367.7849,26.0884833915825,19.0098400595275,15.2872394446916,15.483207470359,8.80963326654964,6.49728944185693,0.347400612
358855.2892,524367.4824,26.4683414626409,19.1784110161848,15.5611215525523,15.3646741419283,8.78046208117274,6.50615853916726,0.380835882
358855.3131,524367.1502,26.5992171568972,19.2994562638512,15.8320385513523,15.1277615378955,8.76104179397302,6.52400943840995,0.405504587
358855.3161,524366.77,26.7660975303878,19.3046731605855,15.9296520006031,14.9205364234942,8.77073436897237,6.57758035128181,0.384301733
358855.3146,524366.375,26.5597513275325,19.2884640365968,15.9329324351457,14.7528316517402,8.79991862202155,6.76516262481129,0.373802243
358855.3272,524366.1022,26.701413321217,19.4117563420329,15.9696788507514,14.7528316517402,8.69300043988786,6.78304464113113,0.433639144
358855.3862,524365.8383,26.124521164757,19.5334174920065,15.9926570972742,14.812013536001,8.73184253706709,6.827787249418,0.421304791
358855.3909,524365.5248,26.5527498709537,19.8396766002249,16.2551217433023,14.7922689280912,8.50835506010536,6.86355206787829,0.396636086
358855.4059,524365.1686,26.9927328230054,19.9426755485527,16.3779899443892,14.6443620725519,8.25605634412071,6.97998929437528,0.53058104
358855.3944,524364.7254,26.5009800087358,19.8645654063043,16.5912468824037,14.3288845419375,8.12031808203103,7.0068425833707,0.458307849
358855.4379,524364.3077,25.5561478342495,19.6769313894993,16.7734329578509,13.9447447012045,7.85881369441869,7.18628440030248,0.475942915
358855.3725,524363.8539,25.2734781142682,19.7171459535966,17.1548107815702,13.0201124373291,7.82981744923506,6.89938062973753,0.447706422
358855.2273,524363.5121,25.5745271256639,19.8738613242418,17.4316006748729,12.3916485313759,7.8782097237207,7.03374967858002,0.477675841
358855.0997,524363.211,26.4676331029758,20.1082535939485,17.5873333793339,12.4211081276718,7.82981744923506,7.05167938588089,0.468909276
358854.9283,524362.9529,26.8897252707601,20.1584931539341,17.5948560775965,13.0397749570662,7.95564172711001,7.15033520253818,0.479510703
358854.8746,524362.7308,27.3302268458196,20.1656683073433,17.5861822092154,13.2953713041614,8.04279239017256,7.45594974880815,0.42833843
358854.6666,524362.4601,27.430617944326,19.9917119347184,17.5064823798389,13.2068606022937,8.41127193532978,7.68120696647608,0.447706422
358854.3015,524362.2075,27.589114659487,19.7680754721343,17.3298162951696,13.0594270927792,8.83884537647984,8.03351932706639,0.460040775
358854.0436,524361.8982,27.5019779996645,19.3983034346967,17.1064306759503,12.843261659806,9.03347444514881,8.16024697616652,0.502344546
358853.9545,524361.6913,27.6826316069573,19.1811878324396,16.8988838712802,12.8727161452634,9.26735511382643,8.12402112892971,0.500611621
358853.8123,524361.3291,27.8277267906952,18.8982087460436,16.5404560517615,13.0299276118022,9.49168148055623,8.32342726242512,0.475942915
358853.646,524360.9133,27.726086207731,18.619654279561,16.2115811033352,13.2167234540173,9.83351670371075,8.34160139998925,0.481243629
358853.6102,524360.6484,27.7007158118494,18.5998076821413,16.1825917130474,13.1478768475891,9.56976509426417,8.24181307261397,0.477675841
358853.4623,524360.2417,27.6729558446938,18.4558866415162,15.9082237377766,12.7352172993124,9.44288239021516,8.52319538495974,0.412538226
358853.3182,524359.7868,28.3924514308063,18.5575511259972,15.7364990136699,12.7843561905855,9.43313060216031,8.68692731191822,0.516513761
358853.1857,524359.4189,28.5003537388479,18.5769472944061,15.7708940377408,12.8334716928503,9.27706158739884,8.4505138119223,0.535881753
358853.1961,524359.2667,28.1425542382493,18.4824195691813,15.8025834458683,12.7352172993124,9.35508281165738,8.06970418600688,0.505912334
358853.0931,524358.9431,27.4415037862507,18.3113996383485,15.7942916659883,12.843261659806,9.27706158739884,8.0878330774264,0.410805301
358853.0091,524358.7065,26.835255958435,18.1972828898758,15.8589312940088,12.8040080787408,9.22832955396288,8.31435695026831,0.564118247
358853.0122,524358.5711,26.8054824491946,18.1924353793686,15.8616515226856,12.7450515138968,9.25755879480285,8.25996290121438,0.486544343
358853.0091,524358.343,26.7104425740347,18.1248982529061,15.8496585585493,12.7057699937341,9.10164748741396,8.33251996830017,0.479510703
358853.1498,524358.0802,26.6659057928347,18.1184010236434,15.8584509847861,12.4898076510053,9.08217661342481,8.05163162741214,0.368501529
358853.1273,524357.8541,26.1605016407837,18.0389545507146,15.8633904583151,12.2935191967806,9.0529361873727,7.90690695520606,0.606422018
358853.0949,524357.5985,25.9936232125575,18.0593792167669,15.8545796803245,12.3033490526207,8.93614129951805,8.26900367479126,0.276962283
358853.1196,524357.3534,25.9730998902864,18.0298018213965,15.8129498578871,12.3131636766796,8.85827477693283,8.18744356184595,0.342099898
358852.8889,524357.0866,25.4628126157223,18.0939687343474,15.7715561269466,12.5879268525359,8.68323458044968,8.32342726242512,0.335066259
358852.8354,524356.8831,25.235406606899,18.084805917146,15.6883625686399,12.6075872228648,8.73184253706709,8.13307219655041,0.430173293
358852.7486,524356.6928,25.2952227915119,18.161110794866,15.5980762918231,12.8924144299928,8.61520757792484,8.06970418600688,0.320998981
358852.461,524356.4339,24.7963018307466,18.0188378766472,15.4897258094608,12.7745235137932,8.5763468842615,8.14214864631184,0.296330275
358852.2943,524356.2147,24.5704297006596,17.7421247309905,15.2995107991944,12.7843561905855,8.53750507778433,8.05163162741214,0.250560652
358852.3088,524356.0291,24.4127056523781,17.7814850915272,15.3702714552178,12.7352172993124,8.43069743095177,7.77142729590883,0.252293578
358852.2133,524355.711,24.0120102771108,17.7372728772605,15.4155699651734,12.8629399152626,8.42096960169271,7.84365968638214,0.225891947
358852.0991,524355.4598,23.9543368224474,17.7411290368092,15.4290268952333,13.1577220510596,8.68323458044968,7.56399086254443,0.196024465
358851.9321,524355.2091,24.0879473892843,17.7467101115616,15.4456573772461,13.1184137309024,8.42096960169271,7.3390040402368,0.173190622
358851.7967,524354.9952,24.2587858921159,17.8282797244444,15.4774051968846,13.236390453764,8.54720252560111,7.06064775953743,0.225891947
358851.6909,524354.8441,24.4118058736963,17.8597970717495,15.4819876280376,13.3150192650067,8.5860966282064,7.35696263489077,0.190723751
358851.6418,524354.6535,24.5590659693719,17.8919991523301,15.4880282954401,13.3543409730338,8.3336430910977,7.12344045539919,0.215392457
358851.4416,524354.5366,24.7295020763655,17.9841435344663,15.485931351258,13.6396092843877,8.51806428477191,7.27607150806427,0.192456677
358851.3571,524354.3649,24.7369720924112,18.0061025465604,15.4834160450108,13.6396092843877,8.49865697001057,7.20422789640801,0.206625892
358851.2336,524354.1601,24.7696685951543,18.0766445864151,15.4745330316093,13.8561533800082,8.67354962360046,7.42895710198756,0.185423038
358851.1313,524353.7976,24.8798260788949,18.2042771219782,15.5162560388928,14.1417211538623,8.78046208117274,7.56399086254443,0.171355759
358850.9822,524353.734,24.6821349526554,18.1943047439378,15.501543117848,14.3190762807788,8.97507642684724,7.43792414307815,0.139755352
358850.7815,524353.5708,24.5615041607441,18.2394890854633,15.517917648029,14.4767585768859,9.01402647851758,7.45594974880815,0.20479103
358850.589,524353.4668,24.9665819248238,18.2731029897661,15.5416413054257,14.7429588035079,9.15038133235444,7.4649452971562,0.254026504
358850.4155,524353.3293,25.4651183658085,18.3978370874701,15.631830336244,14.6936453459272,9.29659034738522,7.50093446731832,0.19775739
358850.2551,524353.0878,26.2483362736941,18.6395975549612,15.7695863399953,14.9599944823164,9.51117125533852,7.4649452971562,0.2382263
358850.0316,524352.7838,26.7800254233321,18.8835538775642,15.9181453877446,15.1277615378955,9.48190044796351,7.74432791623267,0.217125382
358849.8755,524352.6609,26.8755066675458,18.9389922227289,15.9400005584791,15.2264678948491,9.47216387840399,7.8255923762022,0.222426096
358849.7353,524352.5083,27.1579791048019,19.1325471731874,16.0359150671333,15.4239507637191,9.64789392651652,7.84365968638214,0.178389399
358849.6343,524352.1791,27.0765508923606,19.3179411913928,16.1668294482295,15.483207470359,9.50141995576507,7.74432791623267,0.183690112
358849.3974,524351.9308,26.9697479295719,19.463423425634,16.2465905888148,15.7697568550715,9.62836954912678,7.96114660846314,0.217125382
358849.0883,524351.5627,26.7136497048022,19.6612514506422,16.4401383519608,16.1355581463887,9.41361773193139,7.78946975747951,0.188990826
358848.8256,524351.2016,26.6826128892804,19.8639725549468,16.5108086972432,16.2740106581972,9.47216387840399,8.09686243460484,0.301630989
358848.5156,524350.724,28.3802501413343,20.4722878826172,16.7318008759094,16.5708613185217,9.53071580698744,7.97921704748325,0.234760449
358848.2885,524350.4906,29.4161154743517,20.8727505657777,16.8595280725498,16.6302871739701,9.4233543180798,8.04257724535222,0.190723751
358848.2024,524350.1427,30.529116115176,21.2249708996216,17.0001991330138,16.7491065711043,9.3940950291245,7.85270800078732,0.248827727
358847.9557,524349.889,31.3995289336962,21.615230247424,17.2818861196476,17.0561563944504,9.56001640852604,7.72629586569286,0.254026504
358847.8688,524349.5633,31.8655891573354,21.925458377996,17.5198078159078,17.1948810552767,9.59903767769208,7.8798166122331,0.250152905
358847.5784,524349.4658,31.9029212765488,21.9585726984116,17.5570775873269,17.2345318836113,9.56001640852604,7.53695944611537,0.269928644
358847.3332,524349.2603,32.1963624250347,22.1751966912923,17.7383496801699,17.5220308688079,9.76510850840594,7.58203714895574,0.259327217
358847.0993,524348.9935,32.0984110675451,22.2424760474728,17.8185109504446,17.6013830146398,9.7162811965739,7.50994165401235,0.250560652
358846.9012,524348.7431,31.6941608098076,22.3189863023159,17.9963630428978,17.6013830146398,9.68695045854996,7.56399086254443,0.287461774
358846.7372,524348.5925,31.3483959912607,22.3334101325613,18.1475602792818,17.5319555711886,9.65764410200424,7.60000679143055,0.287461774
358846.648,524348.3726,31.2929438613259,22.3390738664344,18.1743857465869,17.7005655851951,9.85311205436819,7.69021236195344,0.319164118
358846.5692,524348.2212,30.7653572971277,22.2656065474138,18.2095600193543,17.5914300890225,9.80419808731781,7.45594974880815,0.363200815
358846.5897,524348.1172,30.7493252865551,22.2674959522279,18.2199466906451,17.7501461494151,9.96066137851119,7.62704619334922,0.289296636
358846.4093,524348.0446,30.6988357023142,22.264381730848,18.2377540709239,17.3633834228863,9.60881555686756,7.17728474474868,0.298063201
358846.2334,524347.8719,30.2169319965196,22.2336647389782,18.3171470081852,17.8196242302123,10.156420405869,7.76237504667963,0.33853211
358846.0306,524347.59,30.3023950722355,22.1545507844612,18.3210102408895,18.0975081220623,10.156420405869,7.64512965156272,0.45127421
358845.8683,524347.3856,30.2524223750959,22.0131826487041,18.1840363087373,18.2166488486374,10.3621119064709,7.79851246276004,0.370234455
358845.6722,524347.1277,30.5015740738119,22.0428403687925,18.2246430866709,18.186860587462,10.5680453360436,7.98829467367482,0.354434251
358845.4914,524346.8994,30.5098083726144,22.0296652799754,18.2226059486826,18.1471567120401,10.6171048198875,7.80753268889767,0.465341488
358845.3169,524346.6487,30.4851920327661,21.9161010864365,18.1567146555533,18.186860587462,10.6661840131302,7.95210896551432,0.454841998
358845.23,524346.3213,30.4144234557647,21.8987019340452,18.1409561480911,18.2464343121433,10.8429174916707,8.14214864631184,0.421304791
358845.0028,524346.1953,30.191502240253,21.815084814358,18.0585192900834,18.405325609442,10.950969922334,8.29623597537258,0.396636086
358844.853,524345.9371,30.2255632181109,21.7798794327583,18.0371591509886,18.4649339340491,10.8723740276972,8.32342726242512,0.431906218
358844.6237,524345.8167,30.5206601503081,21.8747708838873,18.0802689224023,18.445094409954,11.0001411750045,8.55956378632179,0.527115189
358844.4637,524345.744,30.6269927342792,21.8881447660611,18.0941004707902,18.4947329062534,11.0001411750045,8.49593790969596,0.55351682
358844.3012,524345.6268,30.8989805085508,21.8707250427125,18.0258247151618,18.256383960679,10.7250742045123,8.45961102429904,0.597655454
358844.0722,524345.5398,30.9999802472842,21.8748974048544,18.0063782050417,18.4947329062534,10.6759777093473,8.64142023381139,0.502344546
358843.9036,524345.4765,31.3028249844259,21.9355850190212,17.9719973287582,18.5543399616962,10.7250742045123,8.60503805643662,0.456574924
358843.8094,524345.2918,31.3538716977178,21.9360258583146,17.9457618878331,18.3655958830905,10.6269202460362,8.50504445982457,0.541182467
358843.7092,524345.0424,31.6091174257967,21.9262344873726,17.8895136323675,18.3457676332392,10.6171048198875,8.36882127005064,0.565851172
358843.509,524344.8068,31.6654308611559,21.9484352785234,17.8312849676083,18.3755646251711,10.6171048198875,8.53228929809658,0.539449541
358843.347,524344.6302,31.6717714831598,21.9526752058596,17.8451019267774,18.3854810879266,10.4993689004058,8.49593790969596,0.505912334
358843.1495,524344.3427,31.8118194428815,21.9936211079784,17.9253173271963,18.5146137974219,10.4111098332995,8.47775944940299,0.571151886
358843.0469,524344.3028,31.8343537723963,21.9981189865397,17.9354131289986,18.62388535472,10.597476471218,8.25088518446148,0.588786952
358842.9103,524344.0797,31.9699078034721,22.0402661750894,17.993790634648,18.484794249353,10.5876620948979,8.06970418600688,0.643425076
358842.7431,524343.9198,32.0872095821812,22.0814703511061,18.035760670856,18.5046706916619,10.3327367335944,7.98829467367482,0.608154944
358842.6244,524343.6557,32.3626838927853,22.2213093888498,18.1952470444646,18.5543399616962,10.440574921579,8.26900367479126,0.579918451
358842.4796,524343.3547,32.2646035516046,22.1626111122163,18.0231203340109,18.6040613327126,10.5582260351981,8.03351932706639,0.62579001
358842.2289,524343.0194,31.6373305121191,22.1131910678049,17.9262359873335,18.5940880581262,10.5190114982065,7.8798166122331,0.632925586
358841.9183,524342.8312,30.8288373753701,21.879079356963,17.8358515790798,18.4649339340491,10.4993689004058,7.91596043753529,0.664627931
358841.6676,524342.6128,29.9747281625049,21.7017483224734,17.8196632391984,18.1670024279861,10.4503612458324,7.98829467367482,0.631090724
358841.5838,524342.2723,28.9524551068439,21.6979006346827,17.9382146825299,18.3655958830905,10.4797924219049,8.03351932706639,0.581753313
358841.5436,524342,28.4236106693395,21.4824126313829,17.8870986570862,18.1471567120401,10.2347621862371,7.75336896142172,0.620489297
358841.3361,524341.6625,27.9861303813508,21.28823392694,17.8053582475506,18.5444379679316,10.5778944946213,8.16024697616652,0.655861366
358841.1238,524341.4066,27.2687278697442,21.0806830199021,17.6254233193976,18.7034271834484,10.3915412458382,7.98829467367482,0.407237513
358840.8901,524341.1565,27.108723181204,20.9942768177118,17.4898691748589,18.822707907124,10.5778944946213,8.23277849951598,0.645259939
358840.674,524340.8321,27.6127535855336,20.9656628130637,17.3177554965808,18.5642854491802,10.7938135434737,8.396017375563,0.685830785
358840.3474,524340.6644,28.5155316958435,21.1148940980436,17.3055604214831,18.5742489388069,10.8723740276972,8.45961102429904,0.588786952
358840.0012,524340.471,29.7386440758573,21.2117869742571,17.3328884641223,18.5543399616962,11.0099661507514,8.60503805643662,0.714067278
358839.6627,524340.3015,30.0912429839943,21.2485358122722,17.3392197844515,18.3854810879266,11.1476671113745,8.61410937585304,0.542915392
358839.3883,524340.1928,30.4065551079767,21.2748037151059,17.4034485955341,18.5344778898754,11.1771740022827,8.78706764973865,0.68756371
358839.1751,524339.9536,30.2016016834672,21.1650028369316,17.418718154456,18.5543399616962,11.255881635836,8.89642580336286,0.775840979
358839.0363,524339.8417,30.1168075654139,21.1367307541128,17.4184442385699,18.405325609442,11.0591556478033,8.82350968668889,0.659327217
358838.9161,524339.6388,29.8129096236602,21.1216909747536,17.4400347215623,18.5245629698285,11.1575039154435,8.75063479006242,0.61529052
358838.53,524339.7962,29.5805672163695,21.07281982509,17.4217799577318,18.6636969957914,10.9805071732042,8.79619647789853,0.639959225
358838.3311,524339.7146,29.5289901626798,21.1059879376641,17.4295893474392,18.3159388450485,10.9313264800203,8.85083318651454,0.609989806
358838.0893,524339.637,29.6338757127565,21.2143021061891,17.4154005058436,18.3954105372641,10.9018861792579,8.75974277647278,0.454841998
358837.8437,524339.4946,29.9903093864112,21.3544348384779,17.4561080592249,18.4152654955098,10.7938135434737,8.76884238173903,0.578185525
358837.656,524339.335,30.4532232811996,21.5382912832273,17.5594436028169,18.3259040117132,10.6171048198875,8.74154198265385,0.668195719
358837.4329,524339.1942,30.5833084243688,21.6231344359333,17.5989528470499,18.435131936976,10.5876620948979,8.60503805643662,0.606422018
358837.142,524339.0392,30.4998314806392,21.6813438965062,17.693148864109,18.3854810879266,10.4601690330008,8.47775944940299,0.6382263
358836.8899,524338.78,30.2529755184395,21.7910404795133,17.826966158972,18.2166488486374,10.4797924219049,8.46870415236361,0.639959225
358836.6828,524338.6186,29.5980747668747,21.5839676270385,17.5179457837054,18.296072843147,10.4601690330008,8.396017375563,0.572884811
358836.4684,524338.4852,29.3936855413472,21.4277876066453,17.3313816586634,18.3755646251711,10.4307277312638,8.23277849951598,0.694699286
358836.1932,524338.1687,29.8133007130689,21.4588001905703,17.2743506165592,18.6636969957914,10.440574921579,8.35975123527848,0.581753313
358835.9181,524337.8596,29.7429305343166,21.3133506451309,17.1806933121452,18.6338381301926,10.4797924219049,8.24181307261397,0.655861366
358835.6232,524337.6286,29.3594737412463,20.9799099123733,17.0809816615128,18.62388535472,10.5582260351981,8.23277849951598,0.54648318
358835.3821,524337.3953,29.1811925132578,20.8119757466887,17.0277246229636,18.62388535472,10.6367435213998,8.25996290121438,0.567584098
358835.1238,524337.1621,28.7626760089303,20.6092283902323,16.9087915588845,18.5046706916619,10.8330966613741,8.13307219655041,0.676962283
358834.7884,524337.0983,28.2039376886167,20.424169981941,16.7130889280639,18.286144883358,10.7446976960827,8.29623597537258,0.565851172
358834.5164,524336.9042,27.0165363074746,20.0814581691959,16.581301858832,18.1372162416878,10.8429174916707,8.28715383305685,0.493577982
358834.1568,524336.8908,26.3037663426258,19.7998538389122,16.4109974212029,17.8791770163995,10.6171048198875,8.2055844368476,0.504179409
358833.8666,524336.8211,25.6380202164209,19.5496365512346,16.4066116796642,17.6013830146398,10.401368836694,8.2055844368476,0.758205912
358833.634,524336.6953,25.1847282933871,19.4468535493787,16.3850747592597,17.7303116946111,10.7250742045123,8.43233811487311,0.6382263
358833.3404,524336.6089,23.9839873456432,19.2631874227997,16.2998863495904,17.4625516126918,10.5778944946213,8.4505138119223,0.618756371
358833.0259,524336.4708,23.6394236718815,19.23774528188,16.2020781757473,17.2543328382846,10.5092057126911,8.54136704102508,0.50764526
358832.7284,524336.3103,22.981636591427,19.1058997114299,16.057650592684,17.1651527918349,10.420940223658,8.48687456928561,0.68756371
358832.4538,524336.1811,22.846032686313,19.082119998004,15.9995980576076,17.1255236784921,10.6171048198875,8.78706764973865,0.645259939
358832.1909,524336.0351,23.3573226317637,19.0989119334036,15.9878179459085,16.8877329269157,10.5190114982065,8.74154198265385,0.673496432
358831.9079,524335.8077,24.8670239046449,19.2114832041592,16.0379063365889,16.4323286608974,10.254327112527,8.57774248607968,0.680530071
358831.672,524335.5558,27.2652950859556,19.6306949712431,16.2351154441467,15.7401015377072,10.2837325259422,8.67781968933474,0.617023445
358831.5323,524335.3512,28.9668950821166,19.7173523349026,16.2174040162503,15.4535790247488,10.3425193429099,8.68692731191822,0.938430173
358831.3275,524335.0804,29.6757963792099,19.7222113205217,16.1443012617859,15.4930754901893,10.3425193429099,8.9785069023695,0.684097859
358831.0113,524334.8793,28.875013929048,19.4307473366862,15.9278864643545,16.0168700618352,10.4699514589944,9.19769333398503,0.587054027
358830.6616,524334.658,26.8022546638368,19.1045863384868,15.8399462884293,16.2443534818281,10.5386160947901,9.14288157684908,0.639959225
358830.3437,524334.5033,22.9072562894441,18.4501013320368,15.6619380582016,16.2443534818281,10.6956078443221,9.27090204731834,0.645259939
358830.0168,524334.2967,21.9483386714807,18.2808473673723,15.6127662212503,16.1948799836701,10.6563512700698,9.52726857915678,0.629357798
358829.7144,524334.0694,21.3887401212441,18.1628867524209,15.6130651481168,15.9971163860449,10.6367435213998,9.69238277276637,0.646992864
358829.3531,524333.8798,21.4036712371628,18.152874517467,15.6962327170795,15.9575376191111,10.852760773249,9.481428996541,0.587054027
358829.0189,524333.7104,22.3153989473896,18.2002400764406,15.7569897085692,15.4930754901893,10.7348945240996,9.5180852579496,0.551783894
358828.7092,524333.5092,22.7162772027924,18.0024127112743,15.6354930596988,15.3745751727354,10.8330966613741,9.6281382871534,0.654026504
358828.3361,524333.3179,21.7857105930597,17.799746871451,15.5327265263948,15.2857149196176,10.5484393237089,9.43563714179863,0.659327217
358828.0878,524333.118,20.2636261971624,17.6109054380391,15.4796529051556,15.5128440540839,10.5484393237089,9.33492109819492,0.579918451
358827.8052,524332.9443,18.5162790587224,17.4174465088412,15.4705371427541,15.4634549296456,10.3327367335944,9.280030286387,0.55351682
358827.5053,524332.8729,18.6057656041459,17.401888592964,15.4408064639567,15.5819870692035,10.3523107015724,9.34404510678071,0.549949032
358827.2453,524332.8011,19.8702494227313,17.4073115744593,15.1818610927253,15.5326007542852,10.3621119064709,9.39900504659816,0.609989806
358827.0482,524332.9104,20.5284671300307,17.411895501623,15.0820730453867,15.6610264756666,10.3719491997116,9.34404510678071,0.562283384
358826.764,524332.7924,20.6271320544076,17.5754511171225,15.0300657980975,15.8685695910232,10.4111098332995,9.29832615317645,0.477675841
358826.4555,524332.6061,20.2875135206167,17.6900903910108,15.3404705261965,15.9773436290962,10.2739201948928,9.23427137006986,0.532313965
358826.2234,524332.4116,20.1880331491003,17.6329898431713,15.3204584990723,15.7302139185834,10.2641341447614,8.9967662806764,0.535881753
358826.0174,524332.2558,20.684668223293,17.6280283204674,15.3304565416991,15.3153446339398,10.1466338633163,8.93289937826021,0.460040775
358825.8685,524332.213,21.2057377000614,17.6397162715906,15.3605936881221,15.2659788878519,10.1368118542848,9.01501645522857,0.555249745
358825.6161,524332.0384,21.4523787185055,17.6445634306783,15.358698664085,15.4239507637191,10.0585217066797,8.65962950512398,0.59235474
358825.3465,524331.9874,22.112888070731,17.7263851395043,15.4661206603533,15.4239507637191,10.2249261607503,9.25257106997721,0.435474006
358825.2373,524331.9361,22.1383372271111,17.7348974529652,15.4757704661524,15.6610264756666,10.3817322828928,9.14288157684908,0.551783894
358825.1523,524331.9391,22.1619424952839,17.7420549827761,15.4838530600927,15.8389096783514,10.3621119064709,8.96940950654898,0.574719674
358824.9893,524331.7659,22.5115071572701,17.8577918929618,15.5083663344138,16.0564300522577,10.420940223658,9.17031394161143,0.470642202
358824.742,524331.6847,22.9519733596438,18.054172634988,15.59991183261,16.0069972702532,10.0878721855894,8.85083318651454,0.518246687
358824.5414,524331.5251,22.7837331784474,18.2426134110852,15.7219455342654,15.8587206722463,10.2347621862371,9.02417027574213,0.490010194
358824.2438,524331.4667,22.9983231904148,18.5707608896352,15.9229194277293,15.6610264756666,10.1466338633163,8.96940950654898,0.435474006
358824.0289,524331.3985,22.9872763342754,18.6193227533604,15.9563522431222,15.572109746503,10.0878721855894,8.84174512207475,0.419571865
358823.8263,524331.4916,22.9654550891349,18.6568306147263,15.9806765187529,15.5128440540839,10.1270469245793,8.88732741182376,0.393170234
358823.5854,524331.4003,23.0262198389103,18.8711954369516,16.099426660637,15.443706123974,9.99003160514262,8.84174512207475,0.465341488
358823.5104,524331.3175,22.8928708916147,18.9993883142286,16.2062494231958,15.483207470359,10.0291516275458,8.91465599506771,0.414271152
358823.2677,524331.3832,22.952018484404,19.0454666389538,16.2528465990409,15.572109746503,10.0291516275458,8.91465599506771,0.523547401
358822.9788,524331.3357,23.4179850894508,19.2489334974665,16.427714797992,15.6215030089037,9.87267243547449,8.73240777086187,0.470642202
358822.6586,524331.2797,23.3725220052051,19.2330049389426,16.3883848621101,15.6610264756666,9.73581031967807,8.68692731191822,0.433639144
358822.4206,524331.0381,23.4925936943059,19.2429812716643,16.3641750428421,15.6808204259299,9.99980466692454,8.86909423546331,0.42833843
358822.2704,524330.7301,23.9897644803304,19.3518506676498,16.4775794297976,15.7598416941316,9.83351670371075,8.83261460371757,0.379102956
358821.971,524330.5993,24.4007028770193,19.414148159058,16.5568913693987,15.7302139185834,9.82374656381395,8.47775944940299,0.398470948
358821.8063,524330.4817,24.4761265581052,19.412620568996,16.5935731841035,15.8883461704577,10.1662026612106,8.78706764973865,0.500611621
358821.5462,524330.1781,24.0938778329801,19.3731367251058,16.6800042577311,16.2641053671334,10.3033342229551,8.83261460371757,0.370234455
358821.2418,524329.9661,24.0250769922547,19.3456046731965,16.7335556741358,16.650093617686,10.5386160947901,8.9967662806764,0.363200815
358820.9329,524329.733,23.6495543247704,19.272811573525,16.7106606655564,16.7985998437841,10.7054346213214,8.9785069023695,0.442507645
358820.6213,524329.4376,24.1925714711765,19.3666691569359,16.8353443681885,16.7491065711043,10.8429174916707,9.06978616888309,0.456574924
358820.3026,524329.1979,24.7177510610452,19.4237993853174,16.9004917212658,16.5115196261179,10.7938135434737,9.08808011311325,0.317431193
358819.9021,524329.1904,25.1796121350197,19.4762989072485,16.9140227476962,16.2344432246757,11.0001411750045,9.14288157684908,0.549949032
358819.5175,524329.2718,25.4928797099731,19.4989557659266,16.8555393564848,16.4323286608974,11.0099661507514,9.31662053170036,0.629357798
358819.2942,524329.0969,25.1152146074877,19.4472498792474,16.8993573331175,16.6006110022075,11.0591556478033,9.25257106997721,0.534148828
358819.0081,524329.1351,24.8594688826097,19.4229768099133,16.8959074436584,16.6797881159323,10.950969922334,9.280030286387,0.456574924
358818.6878,524329.3049,24.6853939085027,19.4013103443646,16.899238368774,16.7985998437841,10.9805071732042,9.39900504659816,0.558817533
358818.5427,524328.9746,24.4536934028513,19.3550787965068,16.9293949546122,16.7589966936958,10.9215192208071,9.44479854118065,0.421304791
358818.1668,524328.948,23.8757702703985,19.369344695639,16.8401021758357,16.6401740573294,10.9313264800203,9.60978302380231,0.505912334
358817.9021,524328.7223,23.5316417711043,19.4976216043702,16.9246316946728,16.6797881159323,11.0395049139089,9.67402910423634,0.470642202
358817.5217,524328.7981,23.4930002276119,19.5916067637849,16.9737146302859,16.8778411742657,11.1575039154435,9.82095464207727,0.521814475
358817.2402,524328.6204,23.4606885619646,19.6605269138727,17.0065872104497,17.0759913804415,11.0984837180583,9.63733329210062,0.555249745
358816.9167,524328.4453,23.7114435139209,19.9200997573048,17.0869755101944,17.343580449339,11.0886492547806,9.83937938869863,0.565851172
358816.6472,524328.1573,24.1112090388566,20.1412124842819,17.1872093723302,17.343580449339,10.9608372366099,9.74749308116524,0.401936799
358816.3479,524328.0432,24.2426071984455,20.1731871252972,17.2007517396908,17.5815317150317,11.1575039154435,9.64647155892392,0.535881753
358816.0402,524327.819,24.6799306953111,20.3286967558863,17.2579893781098,17.6212168126714,11.0296434526713,9.57310953313605,0.465341488
358815.7792,524327.6433,25.0477901658197,20.3762311742106,17.1953761958937,17.7997894738727,11.1968264914389,9.65565833390749,0.392762487
358815.6592,524327.4719,25.0392288569202,20.3666575343121,17.1756176425269,17.7402433500984,11.1378299069174,9.65565833390749,0.93312946
358815.418,524327.3483,25.334839646955,20.4412979129341,17.1363319764887,17.6807452988353,11.0788162065513,9.57310953313605,0.45127421
358815.0862,524327.2045,25.4642571590504,20.4837220485852,17.1351470716851,17.7303116946111,11.1575039154435,9.49058096386306,0.45127421
358814.7051,524327.08,25.9668974687309,20.6676512365795,17.2346738288991,17.6807452988353,11.2854015208474,9.4539673425352,0.535881753
358814.4596,524327.0755,26.4570553170943,20.9340256389949,17.3620408993254,17.9287748496712,11.2657077836047,9.59146076981588,0.401936799
358814.2079,524326.9732,26.5489179368787,20.9765271863991,17.3919133512084,18.2464343121433,11.2263596500855,9.44479854118065,0.437206932
358813.9236,524326.8534,27.323540585969,21.2691603481049,17.5435819578393,18.6934602939612,11.3838653849972,9.39900504659816,0.45127421
358813.6002,524326.7973,27.411218587105,21.3137242638095,17.5738142096662,18.62388535472,11.3346301927933,9.55478966729754,0.465035678
358813.2809,524326.7201,28.0094739309935,21.6860903858932,17.9007358331402,18.7928914719877,11.433137506197,9.67402910423634,0.341692151
358812.9611,524326.5973,28.7081935023834,21.8945880578141,18.0049900875564,18.6437860634764,11.3838653849972,9.52726857915678,0.414271152
358812.6398,524326.5357,29.6222908982894,22.1763235725178,18.2491616303789,18.8425502266894,11.6400657792424,9.61896577647255,0.42803262
358812.3374,524326.4271,30.2802018736191,22.326906272183,18.3468095032403,19.0016567364646,11.6203187444461,9.53643765696089,0.433639144
358812.0569,524326.2439,30.7111570861528,22.4854882080972,18.4347278020411,19.2005487233088,11.6597866315946,9.57310953313605,0.449133537
358811.8151,524326.1715,30.7365813320852,22.49837777895,18.4434644322284,19.30998524551,11.7090657737462,9.6281382871534,0.396330275
358811.5107,524326.0852,30.7651592505521,22.5150688299093,18.4544799447552,19.439372127374,11.7189220559454,9.61896577647255,0.46146789
358811.229,524325.9977,30.8676407161039,22.6154426142134,18.5255620844107,19.6185204841435,11.5907669235645,9.39900504659816,0.412130479
358810.8558,524325.9176,31.1981681814584,22.840975161882,18.6444312383943,19.6483882844384,11.5907669235645,9.50892200209948,0.424464832
358810.5399,524325.7424,31.4944157194186,23.0929884274263,18.7198195856516,19.6384388690936,11.5612029468676,9.38068682023776,0.505504587
358810.2455,524325.5682,31.6413820484622,23.3798204762224,18.9451972685127,19.5388999016619,11.6301808667496,9.38985562415453,0.50733945
358810.0066,524325.4613,31.6854038955786,23.4072112725796,18.9627990244754,19.4990843686189,11.7682835466492,9.46313026487481,0.387461774
358809.7465,524325.3769,32.0636726475315,23.5706750710012,18.9723976474908,19.5587677401262,11.8175962970187,9.31662053170036,0.510805301
358809.5579,524325.235,32.6610669154238,23.8987859524457,19.1141502780588,19.5985995531716,11.7682835466492,9.280030286387,0.54077472
358809.3611,524325.1444,33.1042914260795,24.100772242853,19.2435829029674,19.7280100211985,11.8866718378915,9.23427137006986,0.547808359
358809.1206,524325.0932,33.1335990122946,24.1126255886222,19.2492532413803,20.0069055377176,11.8471981413531,9.17944539611819,0.553109072
358808.8991,524325.0062,33.526327409286,24.3112592785992,19.3734730609321,20.0766382935425,11.7386808480397,9.14288157684908,0.560244648
358808.7346,524324.9076,33.5438289998681,24.3188953159165,19.3760460553366,20.2559860485548,11.6794882176637,9.32578091196848,0.54077472
358808.5907,524324.831,33.813757281135,24.4289513136514,19.3956907049533,20.3058694387104,11.7189220559454,9.22511435867619,0.630784913
358808.3741,524324.8051,33.8390849363727,24.4459666111632,19.4122851021043,20.40553516349,11.521779051458,9.2891582693174,0.479102956
358808.0831,524324.761,34.1860103797484,24.6116166867135,19.6374131151979,20.465341455502,11.6006246224531,9.37151303157235,0.549643221
358807.7628,524324.6994,34.1028499375332,24.598836872549,19.5566816721254,20.465341455502,11.6696446516587,9.1885683270772,0.581345566
358807.5321,524324.6681,34.0969353060044,24.5954574031765,19.5480134059776,20.5451075245492,11.7189220559454,9.23427137006986,0.565443425
358807.2797,524324.6092,34.3560188833993,24.7422341650303,19.6958796470405,20.6846967756008,11.8373074397477,9.17031394161143,0.364627931
358806.966,524324.5598,34.6624022178778,24.8508021226337,19.8609459770106,21.0438975430458,12.0545045545782,9.31662053170036,0.620183486
358806.6422,524324.4626,34.7263498710163,24.8801052836601,19.897400861649,20.7246224990199,11.9854056627994,9.1885683270772,0.567278287
358806.2875,524324.4012,35.0740442345589,25.0076524831569,20.0749145886707,20.6846967756008,11.8767791645252,9.15202259147926,0.569011213
358805.9225,524324.3945,35.7053050423301,25.3902616036593,20.6166254323159,20.5750160070422,12.1730702553641,9.42648450622251,0.554943935
358805.614,524324.3295,35.704807192236,25.3963513721958,20.6260565375894,20.515185606431,12.153306331373,9.42648450622251,0.558409786
358805.3086,524324.2443,35.7982855189467,25.4955571872781,20.7704396196847,20.5251542017338,12.2323578117536,9.5180852579496,0.616615698
358805.0307,524324.1078,35.7757782307642,25.5230281586722,20.8674348374205,20.7944572743734,12.2126159647511,9.31662053170036,0.532008155
358804.734,524324.0326,35.7829983976686,25.5316341624912,20.8864243244197,20.7345710877173,12.1434344924607,9.49058096386306,0.586646279
358804.4386,524323.9896,35.8484347955325,25.6517143630263,21.0279827594556,20.814373436251,12.2027310428188,9.42648450622251,0.706625892
358804.1066,524323.9381,35.7434390536935,25.6656123671068,21.0016534531969,20.6248470275851,12.2422596977368,9.59146076981588,0.660754332
358803.7837,524323.9411,35.110235222307,25.421604218741,20.6432332773346,20.5550693298564,12.2620421599881,9.57310953313605,0.840876656
358803.4063,524323.8711,34.9096069711801,25.4087226531165,20.5240057821827,20.3357201809699,12.1730702553641,9.69238277276637,0.734862385
358803.0684,524323.764,34.7447161239481,25.4307563175315,20.48970194791,20.2958672739922,12.2818170402912,9.75666746952902,0.660754332
358802.7231,524323.6636,35.0401652757727,25.5701928537275,20.6689846775387,20.0567284848241,12.2027310428188,9.6281382871534,0.655453619
358802.4008,524323.622,35.7060652247019,25.8414486886255,21.0246997217603,19.9570966126421,12.2126159647511,9.7658147726404,0.628950051
358802.1685,524323.6464,35.7203904791632,25.8469852729231,21.0356140188001,19.9172221120344,12.2916776746211,9.84855393560959,0.669520897
358802.0262,524323.631,35.7534475466581,25.8451975398061,21.0834542488604,19.9670519523927,12.4004760455394,10.0509052078402,0.810805301
358801.7631,524323.5689,35.7526101626651,25.839253520163,21.0830126990586,20.2460259287153,13.1138589427473,10.8452886197651,0.653720693
358801.4481,524323.6274,35.7036487292283,25.7454573174142,20.9911920363865,20.5750160070422,12.8362041406725,10.4289798297943,0.699592253
358801.0211,524323.5456,35.5815610450851,25.7258229630025,20.9651208700717,21.0239157713862,13.3123839688926,10.743414303702,0.7490316
358800.607,524323.5827,35.0637290638017,25.4220165243931,20.507258123532,20.9740288142654,13.630373628784,11.1328569812308,0.706625892
358800.2497,524323.5915,34.9142779862597,25.429406975266,20.3576334668314,20.9440816731699,14.0683522977779,11.2908652329211,0.706625892
358799.9368,524323.6278,34.8861060612142,25.4432709758071,20.2669626730884,20.8942140517422,14.0285089510327,11.5142078937348,0.703058104
358799.6132,524323.5617,34.9694703130329,25.4736602585001,20.200598057681,20.8044161321614,13.9587807864339,11.6540058538066,0.844342508
358799.2415,524323.5206,35.1858669400431,25.5960917313314,20.1484132963335,20.5949421234566,13.7497806826938,11.7379744341758,0.844342508
358798.9474,524323.4977,35.3785732703174,25.6834586635325,20.1355106915776,20.7345710877173,13.610519351639,11.7846359767465,0.832008155
358798.6261,524323.554,35.6874699655327,25.8161200150351,20.1712861195861,20.7744675516489,13.3918598036421,11.7099699085506,0.73312946
358798.3231,524323.5056,35.8114231616526,26.0156395470165,20.4278288851085,21.0838045893373,13.0543161653622,11.5980876426357,0.734862385
358797.9279,524323.3712,36.2046335230283,26.3119320960521,20.8260251873351,22.2127347695971,13.2428655058132,11.7099699085506,0.865545362
358797.6666,524323.1666,36.656986470708,26.7138623569786,21.2979959284713,21.9527700084542,13.0939874883902,11.4490183100315,0.759633028
358797.6323,524323.178,36.6577694763401,26.7140810453603,21.2988870164402,21.9527700084542,12.9948122484519,11.3652604092556,0.770234455
358797.5903,524323.1762,36.658649441698,26.7143573470082,21.2998799066372,22.0627474408582,13.1138589427473,11.4397310679871,0.791335372
358797.5329,524323.1466,36.6597893427755,26.7147229870947,21.3011836877067,21.7329207188301,12.9749676518601,11.2164745255091,0.708358818
358797.4393,524323.2643,37.023518180359,26.7846503120751,21.4536685365827,21.5730610326291,12.8659153857383,11.3559855352556,0.793170234
358797.3232,524323.2788,37.0287289999922,26.7859969439447,21.4556273012078,21.8428261859322,13.1039344046909,11.2536633808763,0.669520897
358797.1674,524323.308,37.0356990333772,26.7877202787625,21.4582187471485,21.8128661546771,12.8857402120739,11.1792993714412,0.750764526
358797.0225,524323.356,37.309231848035,26.8655154187696,21.5853835679322,21.7428992796625,13.0543161653622,11.1700403612573,0.763098879
358796.8194,524323.398,37.3743218678878,26.9316245791923,21.6778011167127,22.1627310083782,13.014632440665,10.8916125016399,0.777268094
358796.5022,524323.3196,37.4602995535182,26.9748626779272,21.7575033047434,22.0327722186599,13.0642341764731,10.7804251762693,0.685423038
358796.2064,524323.2244,37.1230653308006,26.990990854587,22.1331877296806,22.5728385796562,13.5210491059198,10.9936358287855,0.740163099
358795.953,524323.2946,36.671779583585,27.1531039048295,22.7336904963213,22.3927585409647,13.4514685513486,10.8730915018019,0.637818552
358795.7215,524323.2933,36.9400123160263,27.175720733607,22.6695117199919,22.3927585409647,13.630373628784,11.0864315625778,0.718960245
358795.4465,524323.2313,36.9402399450053,27.1745339107161,22.667697780111,22.3627494614328,13.5906311008238,11.0400190274484,0.761365953
358795.2214,524323.3424,37.2090592588055,27.1831927059959,22.6526117993474,22.4027541754744,13.8094669376118,11.2071905855924,0.713659531
358795.0096,524323.3744,37.1970458956989,27.1732919845576,22.6022915582514,22.5728385796562,13.9587807864339,11.3280583427073,0.690723751
358794.8936,524323.401,37.201413805261,27.1749694078223,22.6033217462333,22.6328737044255,14.1181828828892,11.2536633808763,0.435066259
358794.7836,524323.4944,37.3558049020491,27.2303789463261,22.6368643986148,22.7229218908973,14.0683522977779,11.5048977937138,0.574311927
358794.6332,524323.5336,37.3563381201069,27.2300115979733,22.6361429829801,22.9832436373919,14.4172994505099,11.635379408617,0.591946993
358794.4324,524323.5777,37.3569806041773,27.2295152036654,22.6351491141609,23.0132691854455,14.5171043775494,11.7566385429618,0.830275229
358794.223,524323.633,36.9831051964732,27.1888804962714,22.5816823427877,23.1735332729018,14.7967617240915,12.1023854550058,0.66432212
358794.012,524323.5148,36.6887675287974,27.1764249323107,22.5929207528927,23.6143926909864,15.2467972436598,12.3552899616804,0.761365953
358793.773,524323.4001,36.6215752202103,27.2761798380334,22.7129014026413,23.4339925434615,15.8080359363072,12.8719259638915,0.729561672
358793.5497,524323.46,36.6706865732795,27.3198037660329,22.7555130989017,23.2837018572591,15.9183974547951,13.1074109571865,0.810805301
358793.3028,524323.5457,36.6690696001265,27.361912836449,22.8401010433455,23.2937106620939,15.9585529214207,13.277209380395,0.819673802
358793.1141,524323.5062,36.729829477145,27.4494494112809,22.9259121895904,23.464038649647,16.2598784235314,13.7121112944903,0.872680938
358792.7912,524323.5125,36.7408667182086,27.4878903767928,23.1013611427499,23.2937106620939,16.4610130218907,14.1198883084439,0.743730887
358792.5145,524323.5095,36.8593380051403,27.6190628484282,23.2716011228303,23.5843251548496,16.551519519781,14.3670304064906,1.176962283
358792.3372,524323.4221,36.8856861323127,27.634098296532,23.291615668035,23.2937106620939,16.2699714849673,14.3194474554059,0.826707441
358792.2268,524323.4754,37.2071890271719,27.8380714183664,23.4225546578692,23.3438380985105,16.4207603354384,14.5193288097721,0.895616718
358791.9808,524323.5277,37.4030638237306,28.0381523497444,23.612696358541,23.4840721474608,16.3000895592463,14.6717341052403,0.876146789
358791.7357,524323.6824,37.6797503399966,28.2420502086595,23.7929189508766,23.5041388152083,16.1694750973755,14.6908260587255,0.86911315
358791.4709,524323.8139,38.0251896052893,28.464962728822,23.9607568517149,23.4540335848721,16.1292537993368,14.7957686805073,0.842609582
358791.3288,524323.9209,38.530840548187,28.7588232387621,24.1310289812459,23.5542356029501,16.1292537993368,15.0154111582498,0.98756371
358791.0405,524323.9457,38.7980409881183,28.8919440571466,24.3363927357407,23.8650023465012,16.2297696704158,15.0918629652787,0.945158002
358790.8574,524324.052,39.0107404357068,29.103483414875,24.5265688116386,24.1157636779755,16.3000895592463,14.9867160117953,0.816106014
358790.6787,524324.057,39.0257550787747,29.1212116709849,24.5435839490974,24.1358195822504,16.2699714849673,14.500244418283,0.768399592
358790.4694,524324.1223,39.0956155675932,29.3113328350094,24.7538424405909,24.2462029110259,16.5314114358359,15.4652852834661,0.784301733
358790.3783,524324.1632,39.084185034477,29.3177981916113,24.7635909163291,24.2160871178498,16.5213581829366,15.1110265353381,0.410397554
358790.1605,524324.2453,38.9739037745198,29.5072111543108,24.9740847779183,24.3064022233116,16.5716552688908,14.8912231232584,0.655453619
358789.9366,524324.362,38.6164407159923,29.5756479199379,25.1312463430789,24.1859677197044,16.7528767802917,15.3407238000672,0.832008155
358789.6301,524324.5139,38.387410020995,29.7821664788898,25.3651494013964,24.3164393492888,16.7730078328726,16.292033737409,0.844342508
358789.4982,524324.5663,38.3881857068936,29.7870727068658,25.3691613230926,24.3666339789129,16.8334450899549,15.3407238000672,0.731396534
358789.1477,524324.733,38.1110593199105,29.893602973178,25.5405354316346,24.4569396639347,17.0349601939541,15.5515721218375,0.860244648
358788.926,524324.8608,37.7654917877947,29.923741617651,25.7504728138489,24.2863220355094,17.1559532663947,15.9261625514283,0.814373089
358788.6875,524324.9175,37.1619360521245,30.0786680809776,26.2007810736288,24.8786425346629,17.4485856182449,16.4753110781686,0.98756371
358788.561,524324.9643,37.137502260737,30.0813957728262,26.2118324857612,24.6376282032433,17.3375509447012,16.581530451301,0.888583078
358788.3329,524324.983,36.9463476264792,30.1359635173484,26.3785674425008,24.8384691731031,17.751651321317,16.6685186929405,0.946890928
358788.1301,524325.0516,36.9635347306289,30.2247964730512,26.5659031078481,24.6778291594244,17.7819602210075,17.5505513365722,0.680122324
358787.8972,524325.1228,36.7813486334117,30.2966885106099,26.6949574743035,24.8183620759306,18.1056437045796,17.618617754803,0.872680938
358787.7173,524325.2323,36.4774592157555,30.3228680452422,26.7650838758416,25.0192950619195,18.2372534862745,17.745068198505,0.853211009
358787.466,524325.4127,36.2066740967707,30.4224760734124,27.0473417259328,24.9087915039287,18.2169861045762,17.6769717125173,0.787869521
358787.2469,524325.5871,35.7338040118518,30.4127271334125,27.1522252332801,25.0895900420266,18.3182755625961,17.9983800589967,0.706625892
358786.9891,524325.762,35.5868711151056,30.6492499421718,27.443957349276,24.9991791816304,18.4601082331975,18.2032773609011,0.826707441
358786.7223,524325.9013,35.9709421121785,30.8685469675081,27.6914085602186,24.9389371801939,18.8048846324758,18.4377065218096,0.796636086
358786.464,524326.0283,36.218808275516,31.1656184985364,27.9722750408299,25.1197415954695,18.7846240250997,18.9567259303343,0.858511723
358786.2102,524326.173,36.632500590248,31.4411275303798,28.2035776853491,25.2001193505709,19.0688292702808,19.4380843102751,0.906218145
358785.934,524326.3402,37.6209962120155,31.9460445787741,28.7838694440137,25.159960146795,19.2212416000177,19.4774662001185,0.976962283
358785.6276,524326.501,38.0749298402993,32.2425731170657,29.1501345643823,25.0895900420266,19.2110592378943,19.5857555505763,0.826707441
358785.3757,524326.6235,38.8924458474822,32.4633915381706,29.3844340165254,25.3308049882386,19.4856065833292,20.2567820719242,0.824974516
358785.1146,524326.676,39.2600503394975,32.6403130387482,29.5366711408941,25.5217915522397,19.7298346682027,20.8115352921419,0.899184506
358784.931,524326.7277,39.2898346820375,32.650333543806,29.5401448462861,25.6323873248249,19.984445320294,21.3083814554078,0.992864424
358784.716,524326.871,39.9534807284357,33.008589711856,29.8592807571634,25.8637205069513,20.0761855767355,21.2685898416705,0.92038736
358784.4424,524326.977,40.0053908442005,33.0505539298268,29.903794357921,25.8939291649304,20.2393189477821,21.8666553923789,0.75606524
358784.2189,524327.1448,40.4682543607973,33.5663724094326,30.5054735597171,25.9542726808996,20.2495130034409,21.986510641275,0.918654434
358784.0128,524327.3225,40.9365881877657,33.8830118360528,30.8253855166311,25.6826884705047,19.8927621431617,21.6670660792514,0.930988787
358783.919,524327.5459,41.5934811902472,34.2752383202695,31.2071118169711,25.0795327077933,19.2314027204663,20.9504891783485,0.830275229
358783.8062,524327.6883,42.1084832419167,34.5420625614495,31.5511797445398,24.9288873422775,19.261912157012,21.1492295642915,0.909785933
358783.6627,524327.8877,42.1593825396764,34.5365689013173,31.6989333450188,24.6577042596599,19.0485489697272,20.6924821230424,0.953924567
358783.5672,524328.031,42.1449056233657,34.7447959061121,32.1705962801291,24.8083364674728,18.9368230791981,20.7222609557542,0.791335372
358783.3464,524328.1487,41.7897619035125,34.5924342732759,32.0129705036786,24.9590018665265,19.1399579177418,21.2884948044624,0.57961264
358783.1948,524328.396,41.5873688597816,34.3772326994231,31.8928766516627,24.6075327720502,19.1196170727078,20.5636395471676,0.810805301
358783.05,524328.6911,41.1433041779131,33.9866289674496,31.7215459807791,24.2662429036706,18.9266812020189,20.3655964481877,0.701325178
358782.9259,524328.8981,40.8902535433136,33.7498995752873,31.4707390651255,24.6175497512271,19.984445320294,22.2865716524074,0.766666667
358782.9388,524329.0126,40.8871690951955,33.7468609289531,31.4675376332503,24.3565731930693,19.7196574778228,21.6471153951462,0.708358818
358782.8705,524329.0822,40.6583840773224,33.4663784330613,31.2521565589692,24.1458507030408,19.6993025947064,21.3482166669244,0.757798165
358782.7877,524329.2087,40.3658204504047,33.0994417684669,30.8596612334921,24.0756343562246,19.6178359930371,21.2486638862023,0.906218145
358782.6197,524329.4384,40.0658018199468,32.7841931619394,30.4843270171758,23.7647610292844,19.5364287443605,21.1293445931913,0.759633028
358782.4405,524329.7316,39.8345665612788,32.4448485976384,30.0608829286403,23.6745395068788,19.495762659357,20.8015974266878,0.584913354
358782.2436,524329.9815,39.6232838562047,31.7604593308799,29.2658877180368,23.4239510727074,19.3431996646835,20.9107703569303,0.745463812
358782.0632,524330.258,39.4716107793868,31.4538284247278,28.8121355046446,23.3638526176435,19.200929914947,20.8015974266878,0.745463812
358781.9056,524330.5766,39.2835963939162,30.7909648613749,27.9163620244,23.0032748526458,18.7237270918012,20.524021529783,0.77196738
358781.7415,524330.8707,39.04979932935,30.4272070738225,27.436596398765,22.8831296434595,18.4905184975964,20.4249613754774,0.666055046
358781.5526,524331.1785,38.8582092411808,30.1704926012121,27.0487609792959,22.803026424967,17.9134043845732,20.0097862373893,0.764933741
358781.3345,524331.4553,38.731510708801,29.911501402935,26.7175685351936,22.6328737044255,17.7011361025974,19.7138071037274,0.812538226
358781.2224,524331.8013,37.9876060719771,29.0556702114554,25.5712550060774,22.5628445140569,17.3274242611002,19.0842822648935,0.839041794
358781.0558,524332.0599,37.5759005474977,28.5726750270546,24.9779070325848,22.5428317326338,16.9744987318111,18.5452736677102,0.789602446
358780.944,524332.3157,37.1665705746165,28.2550074443373,24.6373954977681,22.5828612972656,16.6723124250546,18.2227729580735,0.708358818
358780.78,524332.6266,36.675241660836,27.9482067247619,24.2603788300193,22.5628445140569,16.511299065849,17.7548217140314,0.69775739
358780.6805,524332.9357,36.2565808420363,27.6310933702827,23.8889722848654,22.4927842548777,16.5314114358359,17.3271308864154,0.569011213
358780.5177,524333.2577,35.6922051337979,27.2034828134441,23.3636671249099,22.3027136228167,16.2699714849673,16.9974641442581,0.754332314
358780.3368,524333.5988,34.8895649953897,26.7180881605923,22.9157032808323,22.3227355481303,16.3000895592463,16.7458260505697,0.473802243
358780.1718,524333.9263,34.5648196251393,26.5965066965117,22.7274470370684,22.3527511246262,16.1694750973755,16.2245660043181,0.807237513
358779.9851,524334.2307,33.7719887437239,26.2863202774282,22.5189493799881,22.6328737044255,16.5917744947916,16.4174379728033,0.734862385
358779.7889,524334.5496,32.7957355714991,25.9702663273436,22.2346625707083,22.7229218908973,16.511299065849,16.1089767900821,0.701325178
358779.5994,524334.8963,32.1338113734527,25.5755434705585,21.8030217145577,22.7730007202754,16.4911660606589,16.2149381013202,0.66432212
358779.3971,524335.2732,31.5714770772964,25.2170579025932,21.3504090668204,22.8230489752157,16.6924362210595,16.2149381013202,0.770234455
358779.1942,524335.6845,31.430305080734,25.0806218514171,21.1752031523858,22.9632253474127,16.6521628187537,16.1956849992883,0.586646279
358778.9571,524336.1229,31.8628353702791,24.9517404472623,20.8367482356566,23.1534797410822,16.5817230669285,15.9261625514283,0.669520897
358778.7691,524336.5252,32.6146332036596,25.0152087747039,20.7695897579756,23.6745395068788,16.4911660606589,15.9838906282694,0.641284404
358778.5649,524336.9143,33.2237603012443,25.0424813846352,20.6660764050843,24.0655905425544,15.8582069549833,15.5419820292624,0.683690112
358778.4006,524337.3087,34.116744855453,25.0977675148856,20.5523040449027,24.3967227721964,15.1967772278221,14.9962801939781,0.692558614
358778.1192,524337.7385,34.5670185854617,25.1558700309392,20.5261885422707,24.748095138017,14.8267164083358,14.6622358913153,0.680122324
358777.9832,524338.0491,34.8161831496206,25.2583300861851,20.5341301039109,24.9389371801939,14.5670159418402,14.500244418283,0.621916412
358777.8645,524338.2594,34.9270876509708,25.4421995713341,20.5974009435574,24.5773785479993,14.5570388508076,14.2909047222299,0.659021407
358777.7052,524338.4968,34.9070969713978,25.6515557710205,20.6820704657722,24.3064022233116,14.8766890440136,14.6241198346581,0.634250765
358777.5388,524338.7732,34.8228425098858,25.8341072311334,20.786685924299,24.175965658144,15.1667311428852,14.6622358913153,0.51783894
358777.3918,524339.0672,34.7532677835604,26.0946163488096,20.9017152168628,23.6745395068788,15.2568133374565,14.4621958169202,0.657186544
358777.211,524339.3114,34.7829673676149,26.1605719376641,20.9370888010827,23.5642764639687,15.5072235489618,14.481239226713,0.7490316
358776.9991,524339.5693,34.9587255162737,26.2493562989004,21.0282411616196,23.4039379981312,15.6876694405188,14.2909047222299,0.584913354
358776.8016,524339.8626,35.2195955702921,26.3215923729479,21.1377055399088,23.2937106620939,15.8582069549833,14.1863592053379,0.630784913
358776.6653,524340.151,35.4318791789686,26.3985045239715,21.323611690512,23.4840721474608,15.9585529214207,14.2434068249731,0.588379205
358776.5928,524340.4632,35.5774379012403,26.507839026852,21.5273373394324,23.8048437578817,15.9083934337882,14.1673763935707,0.634250765
358776.4641,524340.7526,35.5746163232833,26.5516432849521,21.7227547222573,23.9953806909828,16.0489445865683,14.138885726094,0.597247706
358776.3559,524340.9272,35.5349538077886,26.6183575011903,21.8784975711461,24.0054325369959,16.0288301261527,14.5478715988494,0.653720693
358776.2299,524341.1475,35.4928137191872,26.575815762425,21.8911408461826,23.8650023465012,16.0489445865683,14.6336334901455,0.637818552
358776.1054,524341.4291,35.4464742107869,26.5170583587347,21.8529768089741,24.0154521226253,16.1895624466983,14.4336298669645,0.680122324
358776.0092,524341.7427,35.2848528312361,26.4889600261249,21.8472858707167,23.8850916693726,15.9786346988218,14.3860309346861,0.674821611
358775.8816,524342.0376,35.2082808729562,26.4932634106413,21.8462001623437,23.9051348499773,16.2498433340268,14.500244418283,0.662487258
358775.5962,524342.2583,35.1225820749407,26.5009252656615,21.8361883011582,23.9853654385712,16.2398122395421,14.500244418283,0.644852192
358775.4288,524342.5492,35.2453177775217,26.5352088663868,21.8876283478266,23.9953806909828,16.2196888190258,14.6813072244426,0.666055046
358775.1995,524342.7894,35.3411061475598,26.4813615445578,21.8536357506097,24.1157636779755,16.3604132300338,14.586003097808,0.741896024
358774.9862,524343.0028,35.4504374621608,26.4724665089186,21.8760960686346,23.9552831740029,16.2398122395421,14.5669537227687,0.717227319
358774.8459,524343.1966,35.402971247242,26.4412880092425,21.8542430588887,23.8650023465012,16.2699714849673,14.7098943907466,0.703058104
358774.6392,524343.4377,35.3619490127162,26.4168271779642,21.8353180074292,23.8449837204908,16.2297696704158,14.8052849274736,0.701325178
358774.4274,524343.6989,34.8989535710038,26.2086001247486,21.6701129675219,23.9151573062069,16.2096736344871,14.8244058107725,0.708358818
358774.2435,524343.951,34.6907883391417,26.1092411367729,21.6133465867164,23.9552831740029,16.2900455904054,14.8244058107725,0.71019368
358774.0529,524344.1864,34.5051862189236,25.9927821899556,21.5791288592732,24.175965658144,16.3403229016527,14.9581063746572,0.738430173
358773.8224,524344.4133,34.5317728599172,25.899941053548,21.5948659242684,24.0054325369959,16.5616005986606,15.1301214440379,0.757798165
358773.5909,524344.6346,34.5967176757855,25.8355746187826,21.6574330002649,23.8249040454715,16.4207603354384,14.9676127457743,0.779001019
358773.4116,524344.9256,34.4958528604612,25.818333658619,21.6841375953836,23.7346643383946,16.5817230669285,15.0918629652787,0.734862385
358773.2118,524345.2056,34.3116998423082,25.8205101673191,21.6238337794506,23.7146270548241,16.511299065849,15.216228048026,0.7490316
358773.0352,524345.5555,34.174848048592,25.8772237770698,21.5667835308301,23.8148876195741,16.6119092985485,15.1971099919976,0.747196738
358772.8365,524345.8355,33.90034934501,25.8451156379735,21.5031202731773,23.9251808437691,17.1559532663947,15.8107925726063,0.791335372
358772.6397,524346.1021,33.7452675408812,25.8097545190802,21.4381623656165,23.7046150355294,16.551519519781,15.3694279125834,0.738430173
358772.4756,524346.3985,33.2391330165388,25.630568830407,21.3265380794207,23.5041388152083,16.6420902741184,15.3598416615143,0.777268094
358772.2193,524346.6279,32.3504537122039,25.4321561561072,21.2828396845872,23.2937106620939,16.5314114358359,15.4844539965161,0.798470948
358772.0059,524346.8357,31.3733567946989,25.1590406095366,21.2104046473394,23.1935541436545,16.6521628187537,15.685917694797,0.717227319
358771.7332,524347.0251,30.4477755546085,24.9597822463462,21.1584608107954,23.1334346392402,16.6018439306685,15.945390444352,0.793170234
358771.5263,524347.244,29.9734792713156,24.878061480495,21.1293784170479,23.103403084264,16.7629229139171,15.945390444352,0.786136595
358771.2896,524347.4932,30.9234969215049,25.1461377966937,21.3217865714757,22.9732363759229,16.8636261689788,16.4463780692779,0.777268094
358771.1121,524347.7396,31.8176075928696,25.3608901673364,21.4354213669675,22.8831296434595,16.8938450705696,16.6491635551775,0.787869521
358770.965,524347.9023,32.00431707421,25.3948348655487,21.4718468960053,22.7129508563851,17.0752777226467,16.7458260505697,0.805504587
358770.8001,524348.113,32.4731610176812,25.454617207378,21.5257594176839,22.7029029985858,17.1458603374264,16.9974641442581,0.787869521
358770.5715,524348.4356,32.058809284002,25.2781806496375,21.4748714067924,22.5628445140569,17.1458603374264,17.1816008219946,0.851478084
358770.3219,524348.6827,31.3930052785047,25.087841157423,21.2658417874123,22.5728385796562,17.4586609864405,17.569992369364,0.800203874
358770.173,524348.9978,31.2070052142807,25.0240512511685,21.1065371140962,22.6729221710344,17.5697774052355,17.6672415446809,0.747196738
358769.9791,524349.2255,31.3950456950037,25.0401410013855,21.0487217360601,22.8130323147817,17.7718430953229,17.9398925357472,0.787869521
358769.7869,524349.5155,31.7322970921059,25.080617408611,20.997772308172,22.6529025779325,17.9134043845732,18.1739574844818,0.787869521
358769.5504,524349.7791,31.8247869554382,25.0942957818715,21.0228892676422,22.6529025779325,18.1562837118583,18.6235765242073,0.821406728
358769.3466,524349.9757,31.7663522176926,25.0813722987445,21.0582397100027,22.6529025779325,18.5513438172769,19.0745038600184,0.870846075
358769.1437,524350.1667,31.3460822843466,25.0232582924779,21.0988416481796,22.7129508563851,18.4601082331975,19.1333954652988,0.763098879
358768.9139,524350.4648,30.8444955288898,24.9750252466315,21.1095060261623,22.803026424967,19.0282428469512,19.8715851326202,0.740163099
358768.6861,524350.7395,30.5777963076959,25.0262153146565,21.0753957551226,22.642888867499,18.8353206387038,19.8715851326202,0.727828746
358768.5063,524350.9749,30.8445760647147,25.1904494434917,21.1330890717116,22.5127948692306,18.9165243941403,20.1381857741105,0.683690112
358768.3124,524351.1881,30.310754387217,25.1650288315364,21.2426734743373,22.5828612972656,18.9470082032018,20.4844177670038,0.724260958
358768.1396,524351.4868,30.5825488136763,25.2254591207404,21.429685917677,22.6128662553202,18.8759389915193,20.6726524703313,0.669520897
358767.924,524351.6868,30.792474093116,25.1408789159263,21.543841120718,22.6628952560641,18.9774359681785,20.771833500137,0.666055046
358767.7514,524351.9966,31.2084626675919,25.2548550237326,21.7505364370597,22.7830089836348,18.9977413320386,21.2486638862023,0.64841998
358767.7108,524352.2785,31.6317766207986,25.3791871865813,21.8413592586544,23.073339388254,19.526285547099,22.1765039361761,0.584913354
358767.6247,524352.5119,31.6347349901771,25.5547186793948,21.8767825286589,22.9331538053214,19.3330413121918,22.2765746765903,0.530275229
358767.5516,524352.7551,31.8179946774377,25.7112619224752,21.9038402708149,22.6828891840577,19.0282428469512,22.146497796586,0.593679918
358767.496,524353.0372,32.0663658160201,25.8251919616915,21.9274328593817,22.7629657830347,18.8759389915193,21.7269068131374,0.618450561
358767.3725,524353.3043,32.5862676252687,26.04296949569,22.0128713933145,22.7029029985858,18.5513438172769,21.62717770995,0.637818552
358767.2009,524353.6119,33.1983797132718,26.2516256545179,22.079447833848,22.6928962163573,18.4094454804139,21.2884948044624,0.644852192
358767.0372,524353.9616,33.6409435086951,26.3905222772589,22.1231761880878,22.8330537916473,18.2676395080683,21.0796588447562,0.546075433
358766.869,524354.2892,33.6205770978856,26.3649011376558,22.0887291837788,22.9732363759229,18.3486949337253,21.4477444694933,0.526707441
358766.7088,524354.6579,33.2312581095665,26.243648755662,22.0480584349707,22.9932543413729,18.3790433245295,21.1890064753332,0.627217125
358766.5568,524354.992,33.1521996422041,26.1310411683935,21.9945023257921,22.9732363759229,18.2878838190017,21.1591592345343,0.576044852
358766.4166,524355.3216,32.8113162751263,26.0109852589707,21.9095064837026,22.8831296434595,18.0752847115412,20.742062194851,0.565443425
358766.2675,524355.6067,32.4393470436685,25.8845559939186,21.8007478913442,22.9031214387012,18.2169861045762,21.0299525689954,0.561977574
358766.2148,524355.9722,32.0836599222663,25.6770779971088,21.7449431534184,22.6928962163573,17.9943602835443,20.6726524703313,0.553109072
358766.1053,524356.3593,31.1237109335417,25.5530550979468,21.7184973750782,22.4527888952682,17.9235260258516,20.5636395471676,0.546075433
358766.0324,524356.7417,30.0541463935795,25.3254268914227,21.50397267672,22.2127347695971,17.5899550544607,19.6251503009581,0.546075433
358765.9237,524357.0988,30.2781235794798,25.2738685745488,21.4873031338019,22.3327234306801,17.7112203582223,19.9406608335675,0.546075433
358765.8281,524357.4746,29.7913107260368,25.1757021221291,21.6445740422543,22.2127347695971,17.8426265601171,20.1579526603748,0.532008155
358765.6858,524357.8042,29.8651559791457,25.1807533771805,21.7468013598353,22.272725438406,17.6202938742799,19.8420050394893,0.532008155
358765.6201,524358.1564,29.377896334452,25.0240277365437,21.5852998571357,22.282724043957,17.610161721192,19.8321306849562,0.535474006
358765.5437,524358.5132,28.9793071046859,24.7614697218101,21.3323357997627,22.132734537555,17.3880016440186,19.4873252306925,0.535474006
358765.4963,524358.8698,30.7606184209029,25.1480440121782,21.7276121401133,22.0227703636698,17.055114143114,19.369233412809,0.561977574
358765.4232,524359.2377,32.3543921011044,25.2925892153586,21.6671569931204,22.0327722186599,16.7830566741579,18.8488485018461,0.584913354
358765.317,524359.6281,32.6053291890117,25.2173639600395,21.542847553071,22.1827424017789,16.6521628187537,18.5648572354258,0.641284404
358765.1967,524360.0209,32.318919705439,25.2162490548843,21.6066189433423,22.3027136228167,16.5716552688908,18.3106640557287,0.699592253
358765.1113,524360.4479,32.3540751463323,25.319697749407,21.6258056758209,22.4327729889114,16.511299065849,17.8229641957055,0.590214067
358764.995,524360.913,33.3686839581767,25.6117788481367,21.7772381027759,22.6228527002279,16.3101622049373,17.4728149899999,0.586646279
358764.9265,524361.3086,35.0609709694031,26.1916140442524,22.0025843934265,22.8931023407936,16.4308141452239,17.1040335384584,0.674821611
358764.7737,524361.6773,34.5148251108268,25.88711517343,21.8074369539604,22.803026424967,16.5012221287512,16.9877733978763,0.630784913
358764.6624,524362.0956,33.8116299231621,25.8479653230877,21.5540774047322,23.1334346392402,16.5716552688908,17.094351517945,0.607849134
358764.5692,524362.5048,34.4899462049356,26.0755259174219,21.7993597186991,23.1534797410822,16.6320203751303,16.9102989466348,0.613149847
358764.501,524362.9372,34.8293184061487,26.1764633465962,21.8402094718692,23.3838747432317,16.5012221287512,16.6781826484314,0.64841998
358764.444,524363.2938,34.9166555419411,26.1602072610775,21.7687993845148,23.4239510727074,16.511299065849,16.3884997259259,0.800203874
358764.327,524363.6866,34.8711931029582,26.2188629625933,21.8024064158436,23.5442095305429,16.3906105157089,16.2535029882315,0.64841998
358764.2022,524364.0527,34.8288359357509,26.3530069279209,21.8875251167704,23.7547497075056,16.4811304658831,16.1764160291064,0.591946993
358764.0318,524364.3681,34.9870327372787,26.4864041225725,21.9815621640822,23.6845372284945,16.551519519781,16.1378661235471,0.667787971
358763.8726,524364.7323,35.4039715948514,26.6175092924853,22.0738446823137,24.0455408835114,16.5716552688908,16.0800944329384,0.671355759
358763.6676,524365.0391,35.6509127940302,26.6549409499386,22.1056621389478,24.1157636779755,16.7125608204384,16.0704792357827,0.554943935
358763.5019,524365.4078,36.0575860791736,26.8533522466916,22.1778459590802,24.4368410060684,16.9744987318111,16.1378661235471,0.669520897
358763.3757,524365.7272,36.4854047618151,27.0338414197915,22.3537231666957,24.4368410060684,17.0349601939541,16.3595241846417,0.708358818
358763.2049,524366.0059,36.621911766241,27.1158158484281,22.4103909346781,24.7280174986446,17.3476537497167,16.4849617242987,0.639551478
358763.0603,524366.3165,36.8124790759743,27.424715259172,22.6296970746603,24.6175497512271,17.5293652868243,16.3692013266787,0.685423038
358762.9454,524366.5869,37.2080044632355,27.3298958031773,22.4814009540642,24.6577042596599,17.2669312320386,16.3016958872305,0.708358818
358762.7988,524366.9198,37.5104736409196,27.4105850919283,22.535065141859,24.9590018665265,17.539451858679,16.4463780692779,0.636085627
358762.6652,524367.2549,37.8363218690941,27.5588536849318,22.7019215555487,24.8886860098668,17.367824085691,15.9742452709316,0.832008155
358762.5,524367.5591,38.0599196661741,27.6985802031468,22.7885228460933,25.159960146795,17.6809127643579,16.5525460493883,0.761365953
358762.3649,524367.8563,38.1650034254839,27.777772184759,22.6581138809266,25.4815751169226,17.6809127643579,16.6878393566561,0.688990826
358762.2428,524368.2803,38.2987189907834,27.9141097464668,22.6431868736045,25.6022482862696,17.7314316169952,16.4753110781686,0.722528033
358762.0803,524368.6401,38.4804148556309,28.0779415829775,22.9133325140715,25.7731962640025,17.6909933165988,16.6008603811025,0.720795107
358761.9991,524368.9446,38.6575320902266,28.2250682703385,23.0810148214493,25.7128479671855,17.650567169227,16.3499061065028,0.718960245
358761.9151,524369.2892,38.7897998706214,28.3674858725291,23.0909884740133,26.0448579853326,17.8325068143125,16.5622299812641,0.741896024
358761.8523,524369.6014,38.8880555629338,28.4598350045596,23.1228271507977,25.9643440834885,17.751651321317,16.4174379728033,0.724260958
358761.7596,524369.8315,38.9798944977738,28.4782382910441,23.2247997470897,26.0448579853326,17.984226603454,16.5911842024159,0.75606524
358761.656,524370.0349,39.0747824152741,28.5454727355602,23.2653666993267,26.1454999708866,17.9336561197227,16.2438533586765,0.738430173
358761.5045,524370.3067,39.1899936341018,28.575401007942,23.2249132822402,26.2662859779347,18.1360086515916,16.4463780692779,0.741896024
358761.3718,524370.5082,39.4232590933843,28.6656872323161,23.2054926731201,26.3367257243238,18.2676395080683,16.320956287829,0.722528033
358761.3428,524370.75,39.7347390457802,28.8241497936891,23.2768136677561,26.2662859779347,18.2878838190017,16.3499061065028,0.715494393
358761.2758,524370.9654,40.0986546718013,28.9400333720839,23.4177599073178,26.528055518648,18.4499854077969,16.4174379728033,0.745463812
358761.2298,524371.2262,40.970340998769,29.3340232217688,23.6112447924475,26.3166119121849,18.3588109085427,16.292033737409,0.75606524
358761.1213,524371.2561,40.8285629296847,29.3224057080947,23.583906330004,26.4676174294474,18.27774302747,16.3016958872305,0.73312946
358761.0292,524371.1868,40.6456091094992,29.1395613827891,23.5139127677207,26.5179727490718,18.1461335329203,16.2341999921186,0.761365953
358761.0069,524371.2182,40.833999541989,29.2286448236873,23.5194639775141,26.4676174294474,18.1360086515916,16.147526499725,0.759633028
358760.9862,524371.1895,40.6386893929543,29.1372206118818,23.513210797459,26.2159498255382,18.1461335329203,16.1089767900821,0.805504587
358760.987,524371.1683,40.6316597015511,29.134956865336,23.5123440874258,26.1656099210898,18.1360086515916,16.1378661235471,0.77196738
358760.9609,524371.2464,40.7834714361775,29.3089808035006,23.5779133028497,26.1656099210898,18.0247064038598,16.0031261063996,0.777268094
358760.936,524371.24,40.7793161017174,29.3073385703916,23.5770730561139,26.1152690869092,18.2575295884376,16.320956287829,0.775535168
358760.9048,524371.2403,40.7752947726023,29.3063371190264,23.5766791871476,26.1555267164424,18.3993204511777,16.2631297635319,0.768399592
358760.8784,524371.3017,41.2221507331545,30.2101090465688,23.8816155249051,26.1957810703561,18.2980068273119,16.3788572003851,0.770234455
358760.8827,524371.2972,41.2227207465553,30.2085168570678,23.8809822091804,25.6826884705047,17.9740912138393,15.8973082025344,0.779001019
358760.86,524371.2807,41.3139972944359,30.1922984355326,23.9194846956932,25.5720760264677,18.1360086515916,16.1764160291064,0.777268094
358760.8479,524371.2575,40.8280836240722,29.4277964534576,23.4915707909197,25.7933086610053,18.3689410177326,16.5718734281009,0.779001019
358760.8252,524371.2388,40.6989336205406,29.3685773031137,23.5142428366806,25.8335789678885,18.4398475329086,16.6201782570382,0.780835882
358760.8122,524371.23,40.6977079084247,29.3672944637272,23.5140738892298,25.853690875033,18.3891710450413,16.6298450343187,0.777268094
358760.811,524371.2189,40.7431364261648,29.2847782003179,23.4556920658814,25.9140443950629,18.4499854077969,16.6588187185401,0.839041794
358760.7933,524371.2802,41.2248844233603,30.2118070593177,23.8825679664556,25.7229339376411,18.4398475329086,16.6974793468673,0.77196738
358760.8234,524371.2866,41.2242366227712,30.2110348741973,23.8821867975311,25.5217915522397,18.2473710378328,16.1860253123156,0.64841998
