Easting (m),Northing (m),VCP1.48,VCP2.82,VCP4.49,HCP1.48,HCP2.82,HCP4.49,Stage (m),Distance (m)
358857.278,524391.9552,28.3237524048862,19.8861039673418,15.8862933182182,15.6602848881595,8.87590671015774,7.64161268105316,0.347400612,25
358857.2626,524391.9201,28.3157205650002,19.8840319026131,15.885201974579,15.6509854315751,8.87590671015774,7.69687227688722,0.319164118,25.0383297534268
358857.3153,524391.9103,28.3209455521495,19.8849125953265,15.8852526858632,15.7811778237569,8.89374772867062,7.61003576914798,0.324464832,25.0919332048084
358857.244,524391.9981,28.3264359007967,19.8872025490854,15.8872330219089,16.0601615212895,9.1346014785945,7.79949724057905,0.319164118,25.205037271923
358857.2883,524391.9013,28.3157211811306,19.8837577628337,15.8848155345872,15.8462740198479,8.98295282123502,7.59424731319539,0.306829766,25.3114925676549
358857.3272,524391.8026,28.3021830956438,19.8795838871581,15.8820229444884,15.7718783671725,8.87590671015774,7.70476650486351,0.291029562,25.4175816811093
358857.3003,524391.8047,28.2990541646855,19.879043794249,15.8819726752534,15.8741723896011,8.90266823792706,7.79160301260275,0.299796126,25.4445635268492
358857.2517,524391.8998,28.3107584296698,19.8827768220071,15.8845629859226,15.9857658686141,9.10783995082518,7.5784588572428,0.313863405,25.5513622628189
358857.279,524391.8216,28.2996471825053,19.8794452630273,15.8824010337884,15.8369745632635,8.96511180272214,7.42057429771691,0.269928644,25.6341905792087
358857.353,524391.795,28.304175458046,19.8798171703737,15.8818999827221,15.6974827144972,8.9115887471835,7.4442569816458,0.308664628,25.7128261945646
358857.3424,524391.8192,28.3075557192964,19.8808782506066,15.8826223629081,15.8462740198479,8.84914518238842,7.53109348938503,0.275229358,25.7392458841702
358857.4376,524391.6273,28.2785817563006,19.8716907785768,15.8763246955959,15.9020707593544,8.81346314536266,7.41268006974062,0.326197757,25.9534622467276
358857.5265,524391.467,27.9838404096461,19.7472721610481,15.7668307045037,15.8555734764323,8.72425805279826,7.22321859830955,0.289296636,26.1367633651883
358857.524,524391.4244,27.9745878577414,19.7450459519495,15.765993139031,16.0787604344583,8.87590671015774,7.30216087807249,0.268195719,26.1794366588727
358857.5002,524391.2892,27.9398070887843,19.736947042442,15.7631417235538,15.9578674988609,8.84022467313198,7.11269940664142,0.299796126,26.3167154992068
358857.4599,524391.2413,27.9228284452319,19.7332084354584,15.7619987781719,16.0322631515362,8.71533754354182,6.92323793521035,0.370234455,26.3793134224946
358857.4434,524391.0783,27.8760304355604,19.7228974503105,15.7588297275412,16.2089528266402,8.75101958056758,6.994285986997,0.331498471,26.5431464166748
358857.3298,524391.1386,27.8858952305338,19.7252414360326,15.7597316156533,16.1996533700557,8.71533754354182,6.96270907509183,0.340366972,26.671758430046
358857.2371,524391.0115,27.8510778519673,19.7176585699579,15.7575346859294,16.0973593476272,8.61721194172098,6.83640142747111,0.357900102,26.8290724471492
358857.1709,524390.9435,27.8352357952952,19.7141264311693,15.7564648493816,16.1996533700557,8.65289397874674,6.8442956554474,0.350866463,26.9239747126442
358857.1226,524390.8456,27.5116352272168,19.5892434839382,15.67243217775,16.0694609778739,8.57260939543878,6.72588223580299,0.354434251,27.0331410994692
358857.0563,524390.7795,27.5038665004149,19.5860104654772,15.6700477784648,16.1066588042116,8.54584786766946,6.71798800782669,0.384301733,27.1267621441546
358856.9444,524390.6599,27.4941791119752,19.5806876939355,15.6655368814896,16.1717550003025,8.66181448800318,6.67851686794522,0.389602446,27.2905478883401
358856.895,524390.5584,27.4872866239199,19.5769781366543,15.6624189025224,15.8555734764323,8.36743768254066,6.51273808044303,0.354434251,27.4034310580066
358856.7923,524390.3887,26.7839207189545,19.4873181307548,15.6104865603717,15.7532794540037,8.43880175659218,6.48116116853785,0.421304791,27.6017877569084
358856.7897,524390.1068,26.7738475189228,19.4834286496969,15.6039070494322,15.7904772803414,8.23363004369406,6.44169002865638,0.398470948,27.8836997467804
358856.7542,524389.9829,26.7582975018423,19.4798913293067,15.5988631036076,15.49289466964,8.13550444187322,6.4180073447275,0.315698267,28.0125851998049
358856.7375,524389.6918,25.9383915856625,19.415861640229,15.5858734196685,15.1860126023542,8.09090189559102,6.22854587329643,0.525280326,28.3041638340559
358856.8089,524389.1366,25.5948641058672,19.3629591745632,15.4838797989685,15.2139109721075,7.97493527525731,6.21275741734384,0.50764526,28.8639361092443
358856.8682,524388.7874,25.248982036434,19.3438249771405,15.4812036487017,14.9628256443282,7.93925323823154,6.02329594591277,0.490010194,29.2181353892547
358856.948,524388.4566,24.5218739112851,19.310636894313,15.4976403677293,15.0186223838347,7.81436610864139,5.975930578055,0.445973496,29.5584245016124
358856.9351,524388.2193,24.2508580745053,19.2926600935359,15.5015718048074,14.8512321653152,7.86788916418003,5.88119984233947,0.534148828,29.796074875096
358856.9948,524387.9183,24.4882718617149,19.2553860888463,15.4045733584736,14.6187457507047,7.73408152533343,5.8259402465054,0.477675841,30.1029381834021
358856.9888,524387.731,25.0265007179494,19.2701582624416,15.3636135998068,14.5908473809515,7.72516101607699,5.99961326198389,0.588786952,30.2903342612596
358856.9524,524387.5162,26.1315860749585,19.2503310157319,15.4673757556123,14.3955587926787,7.76976356235919,5.81804601852911,0.537614679,30.5081966031883
358856.9281,524387.331,26.1151122969948,19.079778425142,15.1752794759826,14.3955587926787,7.91249171046222,6.08644976972312,0.54648318,30.6949839956446
358856.9603,524387.0747,26.8255601656457,18.8852482966968,14.8763634298836,14.023580529302,7.8857301826929,6.07066131377054,0.49714577,30.9532987842291
358856.9916,524386.9706,26.9660277609019,18.8634742043644,14.8650135518932,13.8840886805357,7.93033272897511,6.07855554174683,0.544648318,31.0620025100223
358856.9727,524386.9077,27.0777816034018,18.8396930538538,14.8411112249646,13.7073990054318,8.12658393261678,6.06276708579424,0.562283384,31.127680664711
358856.9444,524386.7503,27.3877448916757,18.7751892194478,14.7728988879065,13.8747892239513,8.1979480066683,6.22065164532013,0.66116208,31.2876045528839
358856.8666,524386.6026,27.6239910850282,18.608266169365,14.6302897592713,13.7910941146915,8.18010698815542,6.04697862984165,0.645259939,31.4545420561213
358856.7961,524386.4234,27.625544604592,18.4736355533944,14.5129860523838,13.7724952015227,8.30499411774558,6.44169002865638,0.498878695,31.6471112385184
358856.7235,524386.2534,27.8437744603208,18.3310889173843,14.357638710233,13.6330033527564,8.52800684915658,6.71798800782669,0.59235474,31.8319645857108
358856.7062,524386.0125,27.880703084961,18.0983588370903,14.1548650779447,13.7166984620162,8.65289397874674,6.58378613222968,0.502344546,32.0734849783165
358856.6255,524385.8982,27.598483679355,17.9421136117961,14.0741096403364,13.7631957449383,8.66181448800318,6.48905539651415,0.574719674,32.2134027397893
358856.6433,524385.7181,27.2883173707352,17.6923186500404,13.924926365909,13.4377147644837,8.87590671015774,6.63115150008745,0.601121305,32.3943802245718
358856.5788,524385.4925,26.9903830748433,17.3425269365339,13.6902564614077,13.3912174815616,8.72425805279826,6.88376679532888,0.595820591,32.6290195435267
358856.5475,524385.2424,27.0501939075387,17.254001924031,13.5994971944767,13.4098163947304,9.05431689528654,7.07322826675995,0.54648318,32.8810705304985
358856.4969,524385.1297,26.874072025803,16.9634137862555,13.3828598690556,13.400516938146,9.02755536751722,7.02586289890218,0.534148828,33.0046085812449
358856.4637,524384.9074,26.7647959624177,16.8131779498796,13.3220075224715,13.3075223723018,9.23272708041534,7.02586289890218,0.604689093,33.2293740812902
358856.4451,524384.6368,26.5274270959623,16.5421026644306,13.0554840640721,13.2424261762109,9.42005777480058,7.50741080545615,0.601121305,33.5006125741814
358856.4225,524384.2883,26.401058312013,16.2988988365602,12.7422972119581,13.3819180249772,9.64307050621157,8.50208353046927,0.636391437,33.849844603033
358856.3686,524383.9235,26.1531572468588,16.1447243123974,12.7361387618428,13.4842120474058,9.83040120059681,9.36255437988538,0.562283384,34.2186050265958
358856.3724,524383.6248,25.865265119894,15.9958640219859,12.6435825663219,13.6516022659253,9.70551407100665,9.64674658703198,0.472477064,34.5173291970704
358856.3201,524383.3267,25.5140789096917,15.7814790054587,12.5850660565417,13.3819180249772,9.67875254323733,9.11783331262025,0.682262997,34.8199822988333
358856.3808,524382.7753,24.7267660115721,15.7368085399152,12.4821395731795,12.4519723665354,9.39329624703126,8.29683360308561,0.689398573,35.3747132696587
358856.3575,524382.3453,24.2252111495538,15.5246022933048,12.2428584353965,11.6615185568599,8.98295282123502,8.3126220590382,0.599388379,35.8053440743441
358856.333,524382.0135,23.9466459261007,15.4294499888336,12.1505213262138,11.419732685665,8.74209907131114,8.11526635963083,0.61529052,36.1380473806531
358856.3221,524381.7595,23.7514157217273,15.3618613739329,12.0747898879845,11.4569305120027,8.4209607380793,8.04421830784418,0.676962283,36.3922811509868
358856.2988,524381.45,23.7170347748409,15.366558775933,12.0815138798647,11.8382082319638,8.16226596964254,7.98895871201012,0.604689093,36.7026569555463
358856.2319,524381.0778,24.0188776419441,15.4821075397818,12.0781821700626,12.0706946465743,7.99277629377019,7.4442569816458,0.581753313,37.0808215360988
358856.1776,524380.7871,24.1607444138609,15.5795275275731,12.0712232685521,12.2194859519249,7.82328661789783,7.59424731319539,0.502344546,37.3765494177892
358856.0894,524380.4374,24.1858813966625,15.704493409628,12.0682059673881,12.2101864953405,7.76084305310274,7.4363627536695,0.599388379,37.7372006758388
358856.0233,524380.0392,24.1689480314066,15.8323042298082,12.0770593831356,12.1357908426652,7.80544559938495,7.38110315783544,0.555249745,38.1408495951272
358855.9846,524379.6928,23.9188644764735,15.8663820545795,12.0083059126228,12.1822881255873,7.97493527525731,7.04954558283106,0.438939857,38.4894046840655
358856.0019,524379.3365,23.7992351606856,15.8795539587759,12.0079201990868,12.2938816046003,8.04629934930882,6.82850719949482,0.498878695,38.8461244339918
358855.9888,524378.9601,23.7203186383005,16.0499165115975,12.0250246297784,12.3589778006912,7.99277629377019,6.48116116853785,0.493577982,39.2227523272259
358855.9811,524378.7117,24.052917635722,16.2746103707523,12.0758060515081,12.154389755834,7.83220712715427,6.96270907509183,0.585219164,39.4712716424115
358856.0542,524378.698,24.0452052095846,16.2731094666876,12.073038061045,12.1729886690029,7.86788916418003,7.07322826675995,0.403669725,39.5456443524994
358856.0721,524378.6571,24.0610781777238,16.2809087223887,12.0722269774507,12.2845821480159,7.97493527525731,7.06533403878365,0.445973496,39.5902898450038
358856.0186,524378.4517,24.6504093292567,16.5101563545485,12.1795925465213,12.2938816046003,7.8857301826929,7.06533403878365,0.414271152,39.8025430192756
358855.9701,524378.0905,25.1856586584191,16.7401221113852,12.3451723585128,12.0520957334054,7.73408152533343,7.0021802149733,0.382568807,40.1669846331869
358856.009,524377.9863,25.2518749678274,16.7617109474396,12.3673283958544,12.1822881255873,7.93925323823154,7.08901672271254,0.386136595,40.2782089561375
358856.0266,524377.9119,25.3019414297639,16.7780676845123,12.3866157853407,12.2845821480159,7.99277629377019,7.20743014235696,0.370234455,40.3546623406593
358856.0217,524377.7302,25.4072276336285,16.8156932980206,12.4415092115007,12.3031810611847,8.00169680302663,7.13638209057031,0.366768603,40.5364283990544
358855.9509,524377.4044,25.597241440675,16.9865298337524,12.72898187325,12.3217799743535,8.00169680302663,7.1521705465229,0.36146789,40.8698324782025
358855.9,524377.1341,25.2705568212268,17.0139161311324,12.9580963968103,12.4984696494575,8.02845833079594,7.2863724221199,0.264627931,41.1448832007675
358855.8359,524376.8268,24.7963167806278,16.9892838529435,13.1693060735716,12.5728653021328,7.72516101607699,6.82061297151852,0.350866463,41.4587973609986
358855.7037,524376.4997,24.0084690801344,16.9023538085533,13.3392361361567,12.6100631284705,7.77868407161563,6.92323793521035,0.349133537,41.8116021937245
358855.6016,524376.2781,23.8463321508082,16.8738027451527,13.3734137426655,12.6565604113926,7.89465069194934,6.96270907509183,0.349133537,42.055591886181
358855.6065,524375.9832,23.5887974658132,16.7564956015015,13.4201744929091,12.8518489996654,8.05521985856526,6.91534370723406,0.335066259,42.3505325920654
358855.5862,524375.7682,23.5531484594252,16.723975398938,13.4252368705054,12.889046826003,7.87680967343646,6.93902639116294,0.37196738,42.5664888144462
358855.4427,524375.4969,23.4403564310786,16.6389572533913,13.4750607083131,12.9076457391719,8.05521985856526,7.03375712687848,0.345565749,42.8734023853642
358855.4286,524375.2448,23.5016240657879,16.6129095429461,13.4792607643141,12.8704479128342,8.07306087707815,7.13638209057031,0.329765545,43.125896385336
358855.4924,524374.9159,24.1124822852328,16.6226506238176,13.5407816425526,13.0843354142758,8.27823258997626,7.17585323045178,0.335066259,43.4609272047792
358855.5284,524374.6188,24.4845883195252,16.6775186191174,13.5978702727512,13.3261212854707,8.25147106220694,7.08901672271254,0.333231397,43.7602003408639
358855.535,524374.2775,24.8743506955525,16.710238580982,13.7259234082374,13.4656131342369,8.38527870105354,7.08901672271254,0.322731906,44.1015641498115
358855.5119,524373.866,25.0028741644261,16.7237704082587,13.7996248534792,13.7910941146915,8.42988124733574,7.23900705426214,0.352599388,44.5137120115569
358855.4611,524373.3676,24.4532960122423,16.7645268998652,13.7732493503213,13.9863827029643,8.5547683769259,7.04954558283106,0.340366972,45.0146942468079
358855.3886,524372.9713,24.1005888402974,16.7684020161824,13.6459916707617,13.9026875937046,8.49232481213082,7.17585323045178,0.352599388,45.4175713248589
358855.2566,524372.6646,24.1474311697653,16.9364964689098,13.5758474407386,13.9584843332111,8.44772226584862,7.08112249473624,0.401936799,45.7514708456273
358855.1909,524372.4186,24.2455131728004,16.9960091614596,13.5546138091136,13.7445968317695,8.3763581917971,6.88376679532888,0.421304791,46.0060930952949
358855.1828,524372.2443,24.5968596779071,17.2153004483202,13.5215345734124,13.8189924844448,8.3763581917971,6.82850719949482,0.368501529,46.1805812037263
358855.1557,524371.9849,24.8313405162487,17.2952782495014,13.5452807117842,13.911987050289,8.40311971956642,6.92323793521035,0.329765545,46.4413929557438
358855.1157,524371.7238,25.6605122908369,17.6109967512444,13.600647437103,13.9956821595487,8.21578902518118,6.77324760366075,0.359734964,46.7055391463278
358855.0911,524371.507,25.8432542773413,17.6693119056259,13.6265121852199,13.9863827029643,8.22470953443762,6.80482451556593,0.389602446,46.9237303469367
358855.0803,524371.2734,26.6215816501427,17.9107811840909,13.7457753188641,14.0607783556397,8.1533454603861,6.74956491973187,0.340366972,47.157579871242
358855.0943,524371.0303,26.7161623486624,17.9462573253409,13.7624471431952,14.1444734648994,8.18010698815542,6.7021995518741,0.291029562,47.4010826637986
358855.1177,524370.7593,26.7983887799273,18.0521629144973,13.8329668395223,14.2839653136657,8.0195378215395,6.40221888877491,0.336799185,47.6730910459727
358855.1518,524370.4864,26.7417571615998,18.0510864383102,13.8417057936528,14.535050641445,8.08198138633458,6.42590157270379,0.354434251,47.9481132632377
358855.1889,524370.1874,26.3500879077679,18.0658529472609,13.9150215601482,14.5071522716917,7.93925323823154,6.29959392508308,0.386136595,48.2494061605994
358855.2406,524369.9551,25.8494346654115,18.0534715685781,13.9507849790402,14.6094462941203,7.94817374748798,6.13381513758089,0.386136595,48.487389731495
358855.2355,524369.7493,25.6489199634988,18.0394426261776,13.9622243479003,14.7024408599645,7.85896865492358,6.03908440186536,0.349133537,48.6932529142122
358855.272,524369.5042,25.1941380201027,17.9752908781669,13.990073567878,14.869831078484,7.92141221971867,6.02329594591277,0.403669725,48.9410557794654
358855.301,524369.2591,25.0609880019681,17.9888644334146,14.01500676272,15.0186223838347,8.07306087707815,5.99171903400759,0.393170234,49.1878654429115
358855.2835,524368.9866,24.8412488058145,18.0205877089039,14.06990810514,15.1674136891854,8.29607360848914,6.23644010127272,0.349133537,49.460926791406
358855.2933,524368.6453,24.8568228766389,18.0144534326815,14.085855437417,15.1488147760165,8.1533454603861,5.95224789412612,0.350866463,49.8023674597222
358855.3355,524368.3129,25.195826072379,18.020731874646,14.0902752915877,15.0744191233412,8.1087429141039,5.91277675424464,0.386136595,50.1374355124633
358855.3242,524368.0255,25.3514619509908,18.1658509946236,14.2756532468633,14.9256278179905,8.16226596964254,5.88119984233947,0.322731906,50.4250575735394
358855.2715,524367.7849,25.4278398192465,18.2383447129653,14.3893971400245,14.8791305350684,8.32283513625846,5.99961326198389,0.347400612,50.6713615524136
358855.2892,524367.4824,25.7931999635568,18.3966243847479,14.639105387672,14.7675370560554,8.29607360848914,6.00750748996018,0.380835882,50.9743789446459
358855.3131,524367.1502,25.9190777604847,18.5102642359568,14.8858345402097,14.5443500980294,8.27823258997626,6.02329594591277,0.405504587,51.3074375730668
358855.3161,524366.77,26.0795338895312,18.5151562197812,14.974711767428,14.3490615097566,8.2871530992327,6.07066131377054,0.384301733,51.6876494087724
358855.3146,524366.375,25.8811380854593,18.4999349556441,14.9776784301037,14.1909707478215,8.31391462700202,6.23644010127272,0.373802243,52.082652256882
358855.3272,524366.1022,26.0173641048132,18.6156823907994,15.0111422027851,14.1909707478215,8.21578902518118,6.25222855722531,0.433639144,52.3557430842996
358855.3862,524365.8383,25.4624977660833,18.7298232509717,15.0320303705082,14.246767487328,8.25147106220694,6.29169969710678,0.421304791,52.6261579692662
358855.3909,524365.5248,25.8743655414595,19.0171395731604,15.2707777330084,14.2281685741592,8.04629934930882,6.32327660901196,0.396636086,52.9396931984777
358855.4059,524365.1686,26.2974238807567,19.1137013052228,15.3824827065407,14.0886767253929,7.81436610864139,6.42590157270379,0.53058104,53.2962088924208
358855.3944,524364.7254,25.8246023728472,19.0404626465142,15.576281326997,13.7910941146915,7.68947897905123,6.44958425663268,0.458307849,53.7395580663036
358855.4379,524364.3077,24.9156050704621,18.8644855961925,15.7416968921019,13.4284153078993,7.44862522912735,6.60746881615857,0.475942915,54.1595170404843
358855.3725,524363.8539,24.643512621956,18.9021930485238,16.0877199625535,12.554266388964,7.42186370135803,6.35485352091714,0.447706422,54.618005426399
358855.2273,524363.5121,24.93328971597,19.0492034805013,16.3386287128964,11.9591011675612,7.46646624764023,6.47326694056156,0.477675841,54.9893681600542
358855.0997,524363.211,25.7925402775438,19.2689476479495,16.4796904160076,11.9869995373145,7.42186370135803,6.48905539651415,0.468909276,55.3163895202529
358854.9283,524362.9529,26.198416069502,19.3160533208421,16.4865405398143,12.5728653021328,7.53783032169175,6.57589190425339,0.479510703,55.6262178113845
358854.8746,524362.7308,26.6218877729176,19.3227689170764,16.4786497095207,12.8146511733277,7.61811490499971,6.8442956554474,0.42833843,55.8547174831812
358854.6666,524362.4601,26.7183518078523,19.159675835035,16.4064854692635,12.7309560640679,7.95709425674442,7.04165135485477,0.447706422,56.1961006842763
358854.3015,524362.2075,26.8706407497918,18.9499930007091,16.2464014030978,12.5914642153017,8.34959666402778,7.34952624593026,0.460040775,56.6400655139647
358854.0436,524361.8982,26.7869222242976,18.6030651768953,16.0438863114609,12.3868761704445,8.52800684915658,7.46004543759838,0.502344546,57.0427799288935
358853.9545,524361.6913,26.9605181722502,18.3992328366331,15.8555521544377,12.4147745401977,8.74209907131114,7.42846852569321,0.500611621,57.2680495896137
358853.8123,524361.3291,27.0999026417242,18.1334864016069,15.530133316145,12.5635658455484,8.94727078420926,7.60214154117169,0.475942915,57.6571635574713
358853.646,524360.9133,27.0022796878553,17.8717506863113,15.2312145141071,12.7402555206523,9.25948860818466,7.61792999712427,0.481243629,58.1049864353594
358853.6102,524360.6484,26.9778907467496,17.8531239009757,15.2048216526817,12.6751593245614,9.01863485826078,7.53109348938503,0.477675841,58.3722945909338
358853.4623,524360.2417,26.9512240799387,17.7178490439016,14.9552114336198,12.2845821480159,8.90266823792706,7.77581455665017,0.412538226,58.8050523753132
358853.3182,524359.7868,27.6423773104415,17.8134034414206,14.7988673915405,12.331079430938,8.89374772867062,7.91791066022347,0.516513761,59.2822303505178
358853.1857,524359.4189,27.7460228375766,17.8316130106238,14.8301809065924,12.37757671386,8.75101958056758,7.71266073283981,0.535881753,59.6732631623991
358853.1961,524359.2667,27.4023785412628,17.7427876683148,14.8589971189817,12.2845821480159,8.8223836546191,7.38110315783544,0.505912334,59.8258180705603
358853.0931,524358.9431,26.7287994282438,17.581999711582,14.8514633465983,12.3868761704445,8.75101958056758,7.39689161378803,0.410805301,60.165414831444
358853.0091,524358.7065,26.1460309400965,17.4746917806623,14.9103270469168,12.3496783441068,8.70641703428538,7.59424731319539,0.564118247,60.4164836666763
358853.0122,524358.5711,26.1173979182942,17.4701198873054,14.9128241411067,12.2938816046003,8.7331785620547,7.54688194533762,0.486544343,60.5519191494993
358853.0091,524358.343,26.0260250677857,17.4065990415962,14.9018909483437,12.2566837782626,8.59045041395166,7.61003576914798,0.479510703,60.7800402137979
358853.1498,524358.0802,25.9831837704205,17.4004963667177,14.9099028776023,12.0520957334054,8.57260939543878,7.36531470188285,0.368501529,61.0781347122552
358853.1273,524357.8541,25.4971262326922,17.3257463886079,14.9144048865282,11.8661066017171,8.54584786766946,7.23900705426214,0.606422018,61.3053514809755
358853.0949,524357.5985,25.3365636102214,17.3449674487479,14.9063685649415,11.8754060583015,8.43880175659218,7.55477617331392,0.276962283,61.5629968186295
358853.1196,524357.3534,25.3168164997526,17.3171410429003,14.8684608627774,11.8847055148859,8.36743768254066,7.48372812152727,0.342099898,61.8093382482939
358852.8889,524357.0866,24.8257681052511,17.37750226967,14.8307855434562,12.1450902992496,8.20686851592474,7.60214154117169,0.335066259,62.1620487953021
358852.8354,524356.8831,24.6068911150475,17.3688855117095,14.7549991701134,12.1636892124184,8.25147106220694,7.4363627536695,0.430173293,62.3724638613718
358852.7486,524356.6928,24.664459005176,17.4406633270318,14.6727595128189,12.4333734533666,8.14442495112966,7.38110315783544,0.320998981,62.5816248759146
358852.461,524356.4339,24.1841260797073,17.3068489990183,14.5740024187678,12.3217799743535,8.1087429141039,7.4442569816458,0.296330275,62.9685912439587
358852.2943,524356.2147,23.9665706659965,17.0464344271654,14.4006051262295,12.331079430938,8.07306087707815,7.36531470188285,0.250560652,63.2439773909807
358852.3088,524356.0291,23.814651937053,17.0834897336466,14.4651521355228,12.2845821480159,7.97493527525731,7.12059363461772,0.252293578,63.4301429355582
358852.2133,524355.711,23.4286399184417,17.0418582157101,14.506426378567,12.4054750836133,7.96601476600087,7.18374745842807,0.225891947,63.7622692067568
358852.0991,524355.4598,23.3730623583327,17.0454953614875,14.5187053714684,12.6844587811458,8.20686851592474,6.93902639116294,0.196024465,64.0382095626874
358851.9321,524355.2091,23.5018027881008,17.0507583963084,14.5338797816395,12.6472609548082,7.96601476600087,6.74167069175557,0.173190622,64.3394395246646
358851.7967,524354.9952,23.6663990867732,17.1275401250426,14.5627774527033,12.7588544338212,8.08198138633458,6.49694962449044,0.225891947,64.5925923835868
358851.6909,524354.8441,23.8137764004562,17.1571980019812,14.5669672670639,12.8332500864965,8.11766342336034,6.75745914770817,0.190723751,64.7770506444735
358851.6418,524354.6535,23.9556148076782,17.1874702826178,14.5724906122393,12.8704479128342,7.8857301826929,6.55220922032451,0.215392457,64.9738733311484
358851.4416,524354.5366,24.1197852678354,17.274193889453,14.5705759042372,13.1401321537823,8.05521985856526,6.68641109592151,0.192456677,65.2057044118742
358851.3571,524354.3649,24.1269670968571,17.294877473672,14.5682518662285,13.1401321537823,8.03737884005238,6.62325727211116,0.206625892,65.3970709188227
358851.2336,524354.1601,24.1584408750348,17.3612098594042,14.560180179144,13.3447201986395,8.1979480066683,6.82061297151852,0.185423038,65.6362262868114
358851.1313,524353.7976,24.2645527888482,17.481233615323,14.5981921047175,13.6144044395876,8.29607360848914,6.93902639116294,0.171355759,66.0128846730755
358850.9822,524353.734,24.0741641920135,17.4718828994902,14.5847998546636,13.7817946581071,8.47448379361794,6.82850719949482,0.139755352,66.1749826989532
358850.7815,524353.5708,23.9580003576079,17.5143511234346,14.5997271015174,13.9305859634578,8.5101658306437,6.8442956554474,0.20479103,66.4336615153265
358850.589,524353.4668,24.3480695354389,17.5459982584993,14.6213518053468,14.1816712912371,8.63505296023386,6.8521898834237,0.254026504,66.6524587959038
358850.4155,524353.3293,24.8279899167838,17.6632598138117,14.7035212751125,14.135174008315,8.76886059908046,6.88376679532888,0.19775739,66.87383743085
358850.2551,524353.0878,25.5816051426842,17.8904981167062,14.8289978624173,14.3862593360943,8.96511180272214,6.8521898834237,0.2382263,67.1637519182419
358850.0316,524352.7838,26.0929407060746,18.1197099379882,14.9642425220359,14.5443500980294,8.93835027495282,7.09691095068883,0.217125382,67.541069092529
358849.8755,524352.6609,26.1847173686593,18.1717937871892,14.9841087039463,14.6373446638736,8.92942976569638,7.16795900247548,0.222426096,67.7397437511508
358849.7353,524352.5083,26.4562530207141,18.3535477573128,15.071402817988,14.8233337955619,9.0899989323123,7.18374745842807,0.178389399,67.9469701973777
358849.6343,524352.1791,26.3780243958053,18.527607555046,15.1905004283224,14.8791305350684,8.9561912934657,7.09691095068883,0.183690112,68.2913154311605
358849.3974,524351.9308,26.2753346420938,18.664138400005,15.2630514281262,15.1488147760165,9.07215791379942,7.2863724221199,0.217125382,68.6344983269607
358849.0883,524351.5627,26.0291216900933,18.8497738489597,15.438965795383,15.49289466964,8.87590671015774,7.13638209057031,0.188990826,69.1151649681801
358848.8256,524351.2016,25.9992473300015,19.0399111075435,15.5031925987541,15.6230870618218,8.92942976569638,7.40478584176432,0.301630989,69.5617122781
358848.5156,524350.724,27.6306939000496,19.6101166697859,15.7039000087649,15.9020707593544,8.98295282123502,7.30216087807249,0.234760449,70.131099457428
358848.2885,524350.4906,28.6251488542952,19.9851487411716,15.8198731248595,15.9578674988609,8.88482721941418,7.35742047390655,0.190723751,70.4567526011165
358848.2024,524350.1427,29.6928308908371,20.3148461397061,15.9475148438587,16.0694609778739,8.85806569164486,7.19164168640437,0.248827727,70.8151484995842
358847.9557,524349.889,30.5272444845539,20.6799095878545,16.2029548731927,16.3577441319908,9.00971434900434,7.08112249473624,0.254026504,71.1690193517455
358847.8688,524349.5633,30.9738287552418,20.9699533510846,16.4185604258576,16.4879365241727,9.0453963860301,7.21532437033325,0.250152905,71.5061129588526
358847.5784,524349.4658,31.0095822813748,21.0008892418916,16.4523069114404,16.5251343505104,9.00971434900434,6.91534370723406,0.269928644,71.8124435156132
358847.3332,524349.2603,31.2906743063049,21.2033189886422,16.616454349311,16.7948185914585,9.19704504338958,6.95481484711553,0.259327217,72.1323705229427
358847.0993,524348.9935,31.1968335911255,21.2661494568916,16.6890159877579,16.8692142441338,9.15244249710738,6.89166102330517,0.250560652,72.4871823744742
358846.9012,524348.7431,30.8095796139513,21.337632110717,16.8499269375389,16.8692142441338,9.12568096933806,6.93902639116294,0.287461774,72.8064687193144
358846.7372,524348.5925,30.4782182564482,21.3511218301924,16.9866513803558,16.8041180480429,9.09891944156874,6.97060330306812,0.287461774,73.0291262141271
358846.648,524348.3726,30.4250852338602,21.3564040311614,17.0109276741445,16.962208809978,9.27732962669753,7.04954558283106,0.319164118,73.2664290796998
358846.5692,524348.2212,29.9193695782958,21.2877593594259,17.0427222187473,16.8599147875494,9.23272708041534,6.8442956554474,0.363200815,73.4371083109657
358846.5897,524348.1172,29.9039690984946,21.2895224056419,17.0520847183926,17.0087060929001,9.37545522851837,6.994285986997,0.289296636,73.5431094902507
358846.4093,524348.0446,29.855554255471,21.2866288083484,17.068205708996,16.6460272861078,9.05431689528654,6.59957458818227,0.298063201,73.7375700775118
358846.2334,524347.8719,29.3934604868974,21.2579398144531,17.1399585456544,17.073802288991,9.55386541364717,7.11269940664142,0.33853211,73.9840778866963
358846.0306,524347.59,29.4754128362053,21.1840071191871,17.1434509837814,17.3341870733547,9.55386541364717,7.01007444294959,0.45127421,74.3313464427811
358845.8683,524347.3856,29.4274706330312,21.0519030536408,17.0196198635983,17.4457805523677,9.74119610803241,7.1442763185466,0.370234455,74.5923457722429
358845.6722,524347.1277,29.666446032614,21.0796264489563,17.0563627897001,17.4178821826145,9.92852680241765,7.31005510604879,0.354434251,74.9163328399536
358845.4914,524346.8994,29.6743246014665,21.0673224697193,17.0544857053519,17.3806843562768,9.97312934869985,7.1521705465229,0.465341488,75.2075535980932
358845.3169,524346.6487,29.650702438004,20.9611938843177,16.99493438521,17.4178821826145,10.0177318949821,7.27847819414361,0.454841998,75.513005296395
358845.23,524346.3213,29.5828467580005,20.9449235227411,16.9806838278312,17.473678922121,10.178301061598,7.4442569816458,0.421304791,75.8517417279214
358845.0028,524346.1953,29.369066098113,20.8667653027971,16.9061309237054,17.6224702274717,10.2764266634188,7.5784588572428,0.396636086,76.1115413429454
358844.853,524345.9371,29.4017357231135,20.8338552874206,16.8868157103984,17.6782669669782,10.2050625893673,7.60214154117169,0.431906218,76.4100497683289
358844.6237,524345.8167,29.6847205470096,20.9225532968697,16.9258014944417,17.6596680538093,10.321029209701,7.80739146855534,0.527115189,76.6690375093638
358844.4637,524345.744,29.78668836187,20.9350363541634,16.9383147399871,17.7061653367314,10.321029209701,7.75213187272128,0.55351682,76.8447796215468
358844.3012,524345.6268,30.0474789317716,20.9187749261503,16.8765668773861,17.4829783787054,10.0712549505207,7.7205549608161,0.597655454,77.0451345316597
358844.0722,524345.5398,30.1442859147656,20.9226724742473,16.8589687944148,17.7061653367314,10.0266524042385,7.878439520342,0.502344546,77.2901039174739
358843.9036,524345.4765,30.434550460004,20.9794046419599,16.8278929770171,17.7619620762379,10.0712549505207,7.84686260843682,0.456574924,77.4701951443466
358843.8094,524345.2918,30.4834857912926,20.9798204492708,16.8041649080735,17.585272401134,9.98204985795629,7.76002610069758,0.541182467,77.6775299701536
358843.7092,524345.0424,30.7280850674678,20.9706680673154,16.7532733042386,17.5666734879652,9.97312934869985,7.64161268105316,0.565851172,77.9463057130968
358843.509,524344.8068,30.7820524943925,20.9914145136451,16.7005776730317,17.5945718577184,9.97312934869985,7.78370878462646,0.539449541,78.2554778334311
358843.347,524344.6302,30.7881184506084,20.9953732120823,16.7130596658263,17.6038713143028,9.86608323762257,7.75213187272128,0.505912334,78.4951266598539
358843.1495,524344.3427,30.9222827931073,21.0336312566417,16.7856709764956,17.7247642499003,9.78579865431461,7.73634341676869,0.571151886,78.843928179332
358843.0469,524344.3028,30.9438973507268,21.0378413407649,16.7948039541972,17.8270582723289,9.95528833018697,7.53898771736133,0.588786952,78.95401346447
358842.9103,524344.0797,31.0737443980903,21.0772399936604,16.8476008155383,17.696865880147,9.94636782093053,7.38110315783544,0.643425076,79.2156108076957
358842.7431,524343.9198,31.1861063145946,21.1157309304325,16.8855511652405,17.7154647933158,9.71443458026309,7.31005510604879,0.608154944,79.4469630283016
358842.6244,524343.6557,31.449948362558,21.2463846708087,17.0297776181745,17.7619620762379,9.81256018208393,7.55477617331392,0.579918451,79.7365118152572
358842.4796,524343.3547,31.3560168989041,21.1915744602929,16.8741215374709,17.80845935916,9.91960629316121,7.34952624593026,0.62579001,80.0705298386815
358842.2289,524343.0194,30.7551071988508,21.1453495201386,16.7865020623096,17.7991599025756,9.88392425613545,7.21532437033325,0.632925586,80.4891902978131
358841.9183,524342.8312,29.9802225325006,20.9265838082982,16.7047158264005,17.6782669669782,9.86608323762257,7.24690128223843,0.664627931,80.8523591290345
358841.6676,524342.6128,29.161107069211,20.7608196034664,16.6900566198012,17.3992832694456,9.82148069134037,7.31005510604879,0.631090724,81.1848483018238
358841.5838,524342.2723,28.180111953926,20.7572128721617,16.7973381758515,17.585272401134,9.84824221910969,7.34952624593026,0.581753313,81.5355086646075
358841.5436,524342,27.6723119312431,20.5556767140034,16.7510874827605,17.3806843562768,9.62522948769869,7.10480517866513,0.620489297,81.8107600587516
358841.3361,524341.6625,27.2521033883655,20.3740289555504,16.6771015229516,17.7526626196535,9.93744731167409,7.46004543759838,0.655861366,82.2069449903168
358841.1238,524341.4066,26.5627583696578,20.1797975661429,16.5142174549484,17.9014539250042,9.76795763580173,7.31005510604879,0.407237513,82.5394447647533
358840.8901,524341.1565,26.4089235530626,20.0989379458106,16.3914033744371,18.0130474040172,9.93744731167409,7.52319926140874,0.645259939,82.8817395207241
358840.674,524340.8321,26.8933922634443,20.0721731347431,16.2354814458448,17.7712615328223,10.1336985153158,7.66529536498204,0.685830785,83.2715273733251
358840.3474,524340.6644,27.7605871047718,20.2118122801293,16.22439687534,17.7805609894068,10.2050625893673,7.7205549608161,0.588786952,83.6386661072911
358840.0012,524340.471,28.9346310359279,20.3025005786723,16.2491857158707,17.7619620762379,10.3299497189574,7.84686260843682,0.714067278,84.0352237954222
358839.6627,524340.3015,29.2728720437244,20.3369027565085,16.2548939945128,17.6038713143028,10.4548368485476,7.85475683641311,0.542915392,84.413790170097
358839.3883,524340.1928,29.5753040399293,20.3614755674352,16.3131118549178,17.7433631630691,10.4815983763169,8.00474716796271,0.68756371,84.7089359815078
358839.1751,524339.9536,29.378723285329,20.2587086278825,16.3269734398452,17.7619620762379,10.5529624503684,8.09947790367825,0.775840979,85.0293589519339
358839.0363,524339.8417,29.2974264054377,20.2322605914109,16.3267057289243,17.6224702274717,10.3745522652396,8.03632407986789,0.659327217,85.2076481832639
358838.9161,524339.6388,29.0058881603598,20.2181936307839,16.346283997462,17.7340637064847,10.463757357804,7.97317025605753,0.61529052,85.4434795849358
358838.53,524339.7962,28.7829664834473,20.1724611750698,16.3297466021355,17.8642560986665,10.3031881911881,8.012641395939,0.639959225,85.8604303853496
358838.3311,524339.7146,28.733466830386,20.2035014703254,16.3368130858283,17.5387751182119,10.2585856449059,8.06000676379677,0.609989806,86.075418222244
358838.0893,524339.637,28.8341154293705,20.3048564297829,16.3239510398037,17.6131707708872,10.2318241171366,7.98106448403382,0.454841998,86.3293650670808
358837.8437,524339.4946,29.1760834200262,20.4359831502256,16.3608317027532,17.6317696840561,10.1336985153158,7.98895871201012,0.578185525,86.6132613861595
358837.656,524339.335,29.6200589491107,20.6079491299905,16.4544222366092,17.5480745747963,9.97312934869985,7.96527602808124,0.668195719,86.8596420875302
358837.4329,524339.1942,29.7448123901295,20.6872962175368,16.4902234529669,17.6503685972249,9.94636782093053,7.84686260843682,0.606422018,87.1234568899639
358837.142,524339.0392,29.6647642579991,20.7417356689512,16.5755331679969,17.6038713143028,9.83040120059681,7.73634341676869,0.6382263,87.4530745624594
358836.8899,524338.78,29.4279986360509,20.8443040112406,16.6966635969927,17.4457805523677,9.84824221910969,7.7284491887924,0.639959225,87.8146531154416
358836.6828,524338.6186,28.7997411514583,20.6506418744598,16.41687194659,17.5201762050431,9.83040120059681,7.66529536498204,0.572884811,88.0772180978636
358836.4684,524338.4852,28.6036214386758,20.5045683840321,16.2478020650635,17.5945718577184,9.80363967282749,7.52319926140874,0.694699286,88.3297313054628
358836.1932,524338.1687,29.0062721202622,20.5336043740785,16.1961243368498,17.8642560986665,9.81256018208393,7.63371845307686,0.581753313,88.7491443357693
358835.9181,524337.8596,28.9387658645115,20.3975364441661,16.1112059048551,17.8363577289133,9.84824221910969,7.53109348938503,0.655861366,89.1629351283536
358835.6232,524337.6286,28.5707929432377,20.0855104437398,16.020787695721,17.8270582723289,9.91960629316121,7.52319926140874,0.54648318,89.5375375976213
358835.3821,524337.3953,28.3996820743161,19.9282562832507,15.9724846986565,17.8270582723289,9.99097036721273,7.54688194533762,0.567584098,89.8730343934777
358835.1238,524337.1621,27.9979156923602,19.738395926024,15.8645588788499,17.7154647933158,10.1693805523415,7.4363627536695,0.676962283,90.2210302698916
358834.7884,524337.0983,27.46136349708,19.5650117958138,15.6869125527401,17.5108767484587,10.0890959690336,7.5784588572428,0.565851172,90.5624443879187
358834.5164,524336.9042,26.3203396263577,19.2438550495398,15.5672211911738,17.3713848996924,10.178301061598,7.57056462926651,0.493577982,90.8965982596374
358834.1568,524336.8908,25.6349131044744,18.9797850138285,15.4125044280183,17.1295990284975,9.97312934869985,7.49951657747986,0.504179409,91.256447839346
358833.8666,524336.8211,24.9944024048689,18.7450670795783,15.4085219474546,16.8692142441338,9.77687814505817,7.49951657747986,0.758205912,91.5549007334659
358833.634,524336.6953,24.5581029794138,18.6485945990027,15.3889008376065,16.9901071797313,10.0712549505207,7.69687227688722,0.6382263,91.8193405186249
358833.3404,524336.6089,23.4016327500196,18.476229610556,15.3114769840693,16.739021851952,9.93744731167409,7.71266073283981,0.618756371,92.1253894036495
358833.0259,524336.4708,23.0695576882975,18.4523549028722,15.2225415970134,16.5437332636792,9.87500374687901,7.79160301260275,0.50764526,92.4688742795633
358832.7284,524336.3103,22.435389986834,18.3285400570214,15.0911918460151,16.4600381544194,9.79471916357105,7.74423764474499,0.68756371,92.8069075619351
358832.4538,524336.1811,22.3046092875505,18.3062239701716,15.0383844942644,16.4228403280818,9.97312934869985,8.00474716796271,0.645259939,93.1103837553898
358832.1909,524336.0351,22.7976091294112,18.3219857168743,15.0276337516375,16.1996533700557,9.88392425613545,7.96527602808124,0.673496432,93.4111035752146
358831.9079,524335.8077,24.2522143107152,18.4276736340519,15.0732026166768,15.7718783671725,9.64307050621157,7.82317992450793,0.680530071,93.7741459418688
358831.672,524335.5558,26.5594523872343,18.821133211347,15.2525923929007,15.1209164062633,9.66983203398089,7.91001643224717,0.617023445,94.1192581265309
358831.5323,524335.3512,28.1939642833779,18.9023863516482,15.2365005941488,14.8512321653152,9.72335508951953,7.91791066022347,0.938430173,94.3670024503307
358831.3275,524335.0804,28.8742965071146,18.9069256961384,15.1700141479008,14.8884299916528,9.72335508951953,8.1705259554649,0.684097859,94.7065251742144
358831.0113,524334.8793,28.1057458031447,18.6334755209019,14.9731066047455,15.381301190627,9.83932170985325,8.35998742689597,0.587054027,95.0812566113525
358830.6616,524334.658,26.1142984453337,18.327317140688,14.8930292144215,15.5951886920686,9.90176527464833,8.3126220590382,0.639959225,95.4950968945581
358830.3437,524334.5033,22.3636674036316,17.7124169360968,14.730947498565,15.5951886920686,10.0444934227514,8.42314125070632,0.645259939,95.848639678391
358830.0168,524334.2967,21.4384908624167,17.5532853398459,14.6861341710913,15.5486914091465,10.0088113857256,8.64417963404257,0.629357798,96.2353529701752
358829.7144,524334.0694,20.898270528484,17.4423371648333,14.6864029610959,15.3627022774581,9.99097036721273,8.78627573761587,0.646992864,96.613653181583
358829.3531,524333.8798,20.912710218757,17.4329039134299,14.7621605807983,15.3255044511205,10.1872215708544,8.6047084941611,0.587054027,97.0216799576753
358829.0189,524333.7104,21.7927418966967,17.4774811267072,14.8175071099079,14.8884299916528,10.0801754597771,8.63628540606627,0.551783894,97.3963611554864
358828.7092,524333.5092,22.1794743885188,17.2913995921571,14.7068443580268,14.7768365126398,10.1693805523415,8.73101614178181,0.654026504,97.765678810128
358828.3361,524333.3179,21.2815349012602,17.1006939312513,14.6132203865915,14.6931414033801,9.91068578390477,8.56523735427963,0.659327217,98.1849630811853
358828.0878,524333.118,19.811358470528,16.9229161023524,14.5648726377516,14.9070289048217,9.91068578390477,8.47840084654039,0.579918451,98.503730865035
358827.8052,524332.9443,18.1212168224174,16.7407545904413,14.5565349947295,14.8605316218996,9.71443458026309,8.43103547868262,0.55351682,98.8354452753368
358827.5053,524332.8729,18.2078385678768,16.7261364962145,14.5294455438121,14.9721251009126,9.73227559877597,8.48629507451668,0.549949032,99.143727564793
358827.2453,524332.8011,19.4310842624461,16.7312435138314,14.2932760911987,14.9256278179905,9.74119610803241,8.53366044237445,0.609989806,99.4134593574928
358827.0482,524332.9104,20.0672986142862,16.7355300669752,14.2022255099328,15.0465207535879,9.75011661728885,8.48629507451668,0.562283384,99.6388365968019
358826.764,524332.7924,20.1626471277698,16.889564992808,14.1547696022751,15.2418093418607,9.78579865431461,8.4468239346352,0.477675841,99.9465599140869
358826.4555,524332.6061,19.83443878303,16.9974904564456,14.437967719835,15.3441033642893,9.66091152472445,8.39156433880114,0.532313965,100.306948509978
358826.2234,524332.4116,19.7382986315371,16.9437400124283,14.4196971837421,15.1116169496789,9.65199101546801,8.18631441141748,0.535881753,100.609769678289
358826.0174,524332.2558,20.2182006496629,16.9390490545836,14.4288067562634,14.7210397731333,9.54494490439073,8.13105481558342,0.460040775,100.868051772106
358825.8685,524332.213,20.721550494258,16.9500523494911,14.4562710535773,14.6745424902112,9.53602439513429,8.20210286737008,0.555249745,101.022980949517
358825.6161,524332.0384,20.9597377171775,16.9546157402044,14.4545669285696,14.8233337955619,9.46466032108277,7.89422797629459,0.59235474,101.32988634212
358825.3465,524331.9874,21.597311441951,17.0316129788888,14.5525071798883,14.8233337955619,9.61630897844225,8.40735279475373,0.435474006,101.60426775548
358825.2373,524331.9361,21.6218589763913,17.0396743105102,14.5613137463384,15.0465207535879,9.75903712654529,8.3126220590382,0.551783894,101.724917372116
358825.1523,524331.9391,21.6446410848156,17.0463686481515,14.5686665801952,15.2139109721075,9.74119610803241,8.1626317274886,0.574719674,101.809970296776
358824.9893,524331.7659,21.981943701955,17.1552743566091,14.5909993123869,15.4184990169647,9.79471916357105,8.33630474296708,0.470642202,102.047808981574
358824.742,524331.6847,22.4067928882558,17.3400915474889,14.6744231003634,15.3720017340426,9.4914218488521,8.06000676379677,0.518246687,102.308098685552
358824.5414,524331.5251,22.2445273876896,17.5173090697066,14.7855654209658,15.2325098852763,9.62522948769869,8.20999709534637,0.490010194,102.564443219374
358824.2438,524331.4667,22.4514951344826,17.8258136836924,14.9685751798244,15.0465207535879,9.54494490439073,8.1626317274886,0.435474006,102.867719199287
358824.0289,524331.3985,22.4408278194408,17.871471348014,14.9990169033722,14.9628256443282,9.4914218488521,8.05211253582048,0.419571865,103.093181502136
358823.8263,524331.4916,22.4197769660339,17.9067092729005,15.0211456343533,14.9070289048217,9.52710388587785,8.09158367570195,0.393170234,103.316148696972
358823.5854,524331.4003,22.4783514477837,18.1080925290286,15.1291884725246,14.8419327087308,9.40221675628769,8.05211253582048,0.465341488,103.573769542423
358823.5104,524331.3175,22.3498007552877,18.228481286251,15.2263612689731,14.8791305350684,9.43789879331345,8.11526635963083,0.414271152,103.685487222263
358823.2677,524331.3832,22.4068365027315,18.2717698535512,15.2687381501929,14.9628256443282,9.43789879331345,8.11526635963083,0.523547401,103.936922661304
358822.9788,524331.3357,22.8561084580669,18.4628196784969,15.4276944261046,15.0093229272503,9.29517064521042,7.95738180010494,0.470642202,104.229701519871
358822.6586,524331.2797,22.8122877368399,18.447867374979,15.3919233080066,15.0465207535879,9.17028351562025,7.91791066022347,0.433639144,104.554761575836
358822.4206,524331.0381,22.9280604319989,18.4572493869506,15.3699335416657,15.0651196667568,9.41113726554414,8.07579521974936,0.42833843,104.893899541835
358822.2704,524330.7301,23.4071892273928,18.5594674517315,15.4730118826677,15.1395153194321,9.25948860818466,8.04421830784418,0.379102956,105.236571454874
358821.971,524330.5993,23.8030787684626,18.6179144496502,15.5450689218832,15.1116169496789,9.25056809892821,7.73634341676869,0.398470948,105.563296109571
358821.8063,524330.4817,23.8757422447473,18.6164880492687,15.5784131623946,15.2604082550296,9.56278592290361,8.00474716796271,0.500611621,105.765671626882
358821.5462,524330.1781,23.5074809251017,18.5794126296587,15.6568620997593,15.6137876052374,9.68767305249377,8.04421830784418,0.370234455,106.165452779512
358821.2418,524329.9661,23.4412294412666,18.553579559661,15.7055181361691,15.9764664120297,9.90176527464833,8.18631441141748,0.363200815,106.536402048285
358820.9329,524329.733,23.0793385706393,18.4852460630709,15.6847228498713,16.115958260796,10.0534139320078,8.1705259554649,0.442507645,106.923383727413
358820.6213,524329.4376,23.6025943310429,18.5733435063784,15.7979045431937,16.0694609778739,10.178301061598,8.24946823522784,0.456574924,107.352750377312
358820.3026,524329.1979,24.1084532989479,18.6269495543182,15.8570467420302,15.8462740198479,10.1336985153158,8.26525669118043,0.317431193,107.751530742881
358819.9021,524329.1904,24.5531689358476,18.6762589825977,15.8693322827805,15.5858892354842,10.321029209701,8.3126220590382,0.549949032,108.152100961434
358819.5175,524329.2718,24.8547260015256,18.6974873202431,15.8162341756373,15.7718783671725,10.3299497189574,8.4626123905878,0.629357798,108.54522068874
358819.2942,524329.0969,24.4911810304424,18.6489731148937,15.8560297040948,15.9299691291076,10.3745522652396,8.40735279475373,0.534148828,108.828862892933
358819.0081,524329.1351,24.2449176475922,18.6261649487748,15.8528903218694,16.004364781783,10.2764266634188,8.43103547868262,0.456574924,109.117501854287
358818.6878,524329.3049,24.0773155271592,18.6058768067856,15.8559230446613,16.115958260796,10.3031881911881,8.53366044237445,0.558817533,109.4800265155
358818.5427,524328.9746,23.8541506208476,18.562467640014,15.8832603636158,16.0787604344583,10.2496651356495,8.57313158225592,0.421304791,109.840792506174
358818.1668,524328.948,23.2973700192999,18.5758697288001,15.8022257370185,15.9671669554453,10.2585856449059,8.71522768582922,0.505912334,110.217632485459
358817.9021,524328.7223,22.9656677645664,18.6962302499622,15.8789366685975,16.004364781783,10.3567112467268,8.77048728166328,0.470642202,110.565492486002
358817.5217,524328.7981,22.9284497631289,18.7844286751668,15.9234779225656,16.1903539134713,10.463757357804,8.896794929284,0.521814475,110.953371075275
358817.2402,524328.6204,22.8972926984496,18.8490914530041,15.9533145793344,16.3763430451597,10.4102343022654,8.73891036975811,0.555249745,111.286266764629
358816.9167,524328.4453,23.1389735968717,19.0925693803989,16.0262250482536,16.627428372939,10.401313793009,8.91258338523659,0.565851172,111.654114912642
358816.6472,524328.1573,23.5241931567663,19.2998632808749,16.1171275033947,16.627428372939,10.2853471726752,8.83364110547364,0.401936799,112.048543930377
358816.3479,524328.0432,23.650793698588,19.3298434915662,16.12940753868,16.850615330965,10.463757357804,8.7468045977344,0.535881753,112.368855185267
358816.0402,524327.819,24.0720580352759,19.4755517350419,16.1812864614606,16.8878131573027,10.3477907374703,8.68365077392404,0.465341488,112.749571523209
358815.7792,524327.6433,24.4262433385576,19.5201028364394,16.1245445192329,17.0552033758222,10.4994393948298,8.7546988257107,0.392762487,113.064200654102
358815.6592,524327.4719,24.4179981625342,19.5111264051131,16.1066042836021,16.9994066363157,10.4459163392912,8.7546988257107,0.93312946,113.273432487235
358815.418,524327.3483,24.7025943400358,19.5810610793506,16.0709970789326,16.9436098968092,10.3923932837525,8.68365077392404,0.45127421,113.544457209368
358815.0862,524327.2045,24.827159346466,19.620804160632,16.0699228063865,16.9901071797313,10.463757357804,8.61260272213739,0.45127421,113.906078115815
358814.7051,524327.08,25.3108620494867,19.7931286767191,16.1601522189603,16.9436098968092,10.5797239781378,8.58102581023221,0.535881753,114.306998881063
358814.4596,524327.0755,25.782374027762,20.0425297082532,16.2756125057812,17.1760963114196,10.5618829596249,8.69943922987663,0.401936799,114.55254011998
358814.2079,524326.9732,25.8706969236834,20.0823379028524,16.3026922349918,17.473678922121,10.5262009225991,8.57313158225592,0.437206932,114.824235132847
358813.9236,524326.8534,26.6154444765451,20.3562009805929,16.4400628498448,17.8921544684198,10.6689290707022,8.53366044237445,0.45127421,115.132745310955
358813.6002,524326.7973,26.6997016167469,20.3978930051177,16.4674556144333,17.8270582723289,10.62432652442,8.66786231797146,0.465035678,115.460975062808
358813.2809,524326.7201,27.2745224393485,20.7461737786921,16.7634295810142,17.985149034264,10.7135316169844,8.77048728166328,0.341692151,115.789475184534
358812.9611,524326.5973,27.9455839692255,20.941076604514,16.8577406007478,17.8456571854977,10.6689290707022,8.64417963404257,0.414271152,116.132041791198
358812.6398,524326.5357,28.8229758754831,21.2043694455951,17.0785015218972,18.031646317186,10.9008623113696,8.72312191380552,0.42803262,116.459193514422
358812.3374,524326.4271,29.4541235484253,21.345052448465,17.1667459478554,18.1804376225367,10.8830212928567,8.65207386201886,0.433639144,116.780502898038
358812.0569,524326.2439,29.8673882070251,21.4931284035599,17.2461826840553,18.3664267542251,10.9187033298825,8.68365077392404,0.449133537,117.115529001477
358811.8151,524326.1715,29.8917780755236,21.5051890810144,17.2540837546164,18.4687207766537,10.9633058761647,8.73101614178181,0.396330275,117.367935419781
358811.5107,524326.0852,29.9191691809348,21.5207424587503,17.2640539503709,18.5896137122511,10.9722263854211,8.72312191380552,0.46146789,117.684332401479
358811.229,524325.9977,30.0174278746296,21.6145042362138,17.3282506481923,18.7570039307706,10.8562597650874,8.53366044237445,0.412130479,117.979308909018
358810.8558,524325.9176,30.3342746423504,21.825004050332,17.4356016633831,18.7849023005239,10.8562597650874,8.62839117808998,0.424464832,118.361008070616
358810.5399,524325.7424,30.6181637479892,22.0601936047508,17.5036568313307,18.7756028439395,10.8294982373181,8.51787198642186,0.505504587,118.722239090945
358810.2455,524325.5682,30.7590038644951,22.3277106965403,17.7070453177958,18.6826082780953,10.8919418021132,8.52576621439815,0.50733945,119.064316567515
358810.0066,524325.4613,30.8011797241151,22.3532665075836,17.7229296188682,18.6454104517576,11.0168289317033,8.58892003820851,0.387461774,119.326043180608
358809.7465,524325.3769,31.1635775510721,22.5056671623453,17.7315763671747,18.7012071912641,11.0614314779855,8.4626123905878,0.510805301,119.599494035418
358809.5579,524325.235,31.7357024603847,22.8114781943565,17.8593955554831,18.7384050176018,11.0168289317033,8.43103547868262,0.54077472,119.835514309994
358809.3611,524325.1444,32.1600464635585,22.9996843622652,17.9760834654989,18.8592979531992,11.1238750427806,8.39156433880114,0.547808359,120.052167489091
358809.1206,524325.0932,32.1880671055494,23.0107013551443,17.9811914962783,19.1196827375629,11.0881930057548,8.34419897094338,0.553109072,120.298057078089
358808.8991,524325.0062,32.5639568983235,23.1957212436596,18.0931463874978,19.1847789336538,10.990067403934,8.3126220590382,0.560244648,120.536030290928
358808.7346,524324.9076,32.5807100857616,23.2028054249103,18.0954495685226,19.3521691521734,10.9365443483954,8.47050661856409,0.54077472,120.727817177778
358808.5907,524324.831,32.8389872124367,23.3053005949772,18.1131698047007,19.3986664350955,10.9722263854211,8.38367011082485,0.630784913,120.89083487624
358808.3741,524324.8051,32.8632385665466,23.321150850118,18.1281011182237,19.4916610009396,10.7938162002923,8.43892970665891,0.479102956,121.108977879781
358808.0831,524324.761,33.1950895612892,23.4753615413478,18.3308810618578,19.5474577404461,10.8651802743438,8.50997775844556,0.549643221,121.403300508898
358807.7628,524324.6994,33.1155453876092,23.4634592303222,18.2581595046431,19.5474577404461,10.9276238391389,8.35209319891967,0.581345566,121.729470173303
358807.5321,524324.6681,33.1099069147662,23.4602926343071,18.2503388950279,19.6218533931215,10.9722263854211,8.39156433880114,0.565443425,121.962283789762
358807.2797,524324.6092,33.3577287419553,23.5969271676228,18.3835029192249,19.7520457853033,11.0792724964984,8.33630474296708,0.364627931,122.221465135553
358806.966,524324.5598,33.6507012159103,23.697941537696,18.5320708324406,20.0868262223424,11.2755237001401,8.4626123905878,0.620183486,122.539030955486
358806.6422,524324.4626,33.7118589165391,23.7252110402348,18.5648452541477,19.789243611641,11.213080135345,8.35209319891967,0.567278287,122.877105326036
358806.2875,524324.4012,34.0442930301353,23.843878032443,18.7245362452635,19.7520457853033,11.1149545335242,8.32051628701449,0.569011213,123.237080394643
358805.9225,524324.3945,34.6476214660021,24.1996810283221,19.2113008503276,19.6497517628747,11.3825698112174,8.55734312630333,0.554943935,123.602141882604
358805.614,524324.3295,34.6471524076853,24.2053737624592,19.2197792003657,19.5939550233682,11.3647287927045,8.55734312630333,0.558409786,123.917415176745
358805.3086,524324.2443,34.7364625825353,24.2975637243024,19.3493746365368,19.6032544799526,11.436092866756,8.63628540606627,0.616615698,124.234477000373
358805.0307,524324.1078,34.7149853032578,24.3230890756938,19.4364261644278,19.8543398077319,11.4182518482431,8.4626123905878,0.532008155,124.544090727457
358804.734,524324.0326,34.7218688120894,24.3311022127695,19.4534466490157,19.7985430682254,11.355808283448,8.61260272213739,0.586646279,124.850172301548
358804.4386,524323.9896,34.7844038526883,24.44269202246,19.5804566073314,19.8729387209008,11.4093313389867,8.55734312630333,0.706625892,125.148685550847
358804.1066,524323.9381,34.6840842863495,24.4556138956225,19.5568320004637,19.6962490457968,11.4450133760124,8.69943922987663,0.660754332,125.484656159667
358803.7837,524323.9411,34.078877032555,24.2288294482656,19.235198833613,19.6311528497059,11.4628543945253,8.68365077392404,0.840876656,125.807570095539
358803.4063,524323.8711,33.8870871069098,24.2168440347286,19.1281241885057,19.4265648048487,11.3825698112174,8.78627573761587,0.734862385,126.191406988049
358803.0684,524323.764,33.7294274216292,24.2373330143069,19.0973045741297,19.389366978511,11.4806954130382,8.84153533344993,0.660754332,126.545873939956
358802.7231,524323.6636,34.0118732271731,24.3669315256135,19.2583008453551,19.166180020485,11.4093313389867,8.73101614178181,0.655453619,126.90547406508
358802.4008,524323.622,34.648375406115,24.6189996982425,19.5775052184239,19.0731854546408,11.4182518482431,8.84942956142623,0.628950051,127.230447679393
358802.1685,524323.6464,34.6620332745864,24.6241630836744,19.5872894824962,19.0359876283032,11.4896159222946,8.92047761321288,0.669520897,127.464025610688
358802.0262,524323.631,34.6936226907269,24.6225034201311,19.6301753190178,19.0824849112253,11.5877415241155,9.09415062869136,0.810805301,127.607156494844
358801.7631,524323.5689,34.6928441445014,24.6169604870076,19.6298269034207,19.342869695589,12.2300181905792,9.7730542346527,0.653720693,127.877485960558
358801.4481,524323.6274,34.6460471500562,24.5298295017159,19.5474468191196,19.6497517628747,11.9802439313988,9.41781397571944,0.699592253,128.197872055772
358801.0211,524323.5456,34.5293865415648,24.5115793199061,19.5240791565312,20.0682273091735,12.408428375708,9.68621772691345,0.7490316,128.632636635722
358800.607,524323.5827,34.0344432889366,24.229212904007,19.1130584673633,20.0217300262515,12.693884671914,10.0177753019178,0.706625892,129.048395243571
358800.2497,524323.5915,33.8915372854139,24.2360798052043,18.9786544322065,19.9938316564982,13.0863870791974,10.1519771775148,0.706625892,129.405803595491
358799.9368,524323.6278,33.8646266994781,24.2489586955584,18.8972050825353,19.9473343735761,13.0507050421716,10.3414386489459,0.703058104,129.720802166882
358799.6132,524323.5617,33.9442953655298,24.27722961848,18.8375108317529,19.8636392643163,12.9882614773765,10.4598520685903,0.844342508,130.051084122201
358799.2415,524323.5206,34.1511776314826,24.3910243035228,18.7906401937697,19.6683506760436,12.8009307829913,10.530900120377,0.844342508,130.425049494938
358798.9474,524323.4977,34.3353717025895,24.4722217878447,18.7789959121272,19.7985430682254,12.6760436534012,10.5703712602585,0.832008155,130.720039698172
358798.6261,524323.554,34.6305795873033,24.5954515820665,18.8111761453697,19.8357408945631,12.4797924497595,10.5072174364481,0.73312946,131.046235007784
358798.3231,524323.5056,34.7490337121033,24.7808294258111,19.0417258377589,20.12402404868,12.1764951350405,10.4124867007326,0.734862385,131.353076269687
358797.9279,524323.3712,35.1246916273777,25.055984783404,19.3992437745634,21.1748626427193,12.3459848109129,10.5072174364481,0.865545362,131.770504586851
358797.6666,524323.1666,35.5567728702288,25.4290372935285,19.8225418749851,20.9330767715244,12.2121771720663,10.2861790531118,0.759633028,132.102376324168
358797.6323,524323.178,35.5575204540549,25.4292689118561,19.8233252152851,20.9330767715244,12.1229720795019,10.2151310013252,0.770234455,132.138521171643
358797.5903,524323.1762,35.5583605982876,25.4295230319676,19.8242151895602,21.035370793953,12.2300181905792,10.2782848251356,0.791335372,132.180559725391
358797.5329,524323.1466,35.5594488979364,25.4298399942163,19.8253878901242,20.7284887266672,12.105131060989,10.0888233537045,0.708358818,132.245142385599
358797.4393,524323.2643,35.9067671704603,25.4947441561959,19.9620314449147,20.5796974213165,12.0070054591682,10.2072367733489,0.793170234,132.395522736734
358797.3232,524323.2788,35.9117253964618,25.4959627003844,19.963798226017,20.8307827490958,12.2210976813227,10.1204002656097,0.669520897,132.512524702563
358797.1674,524323.308,35.9183841890084,25.497591265096,19.9661009166993,20.8028843793425,12.024846477681,10.0572464417993,0.750764526,132.671037414993
358797.0225,524323.356,36.1795186676275,25.5697433066587,20.0800082246182,20.7377881832516,12.1764951350405,10.049352213823,0.763098879,132.823680822953
358796.8194,524323.398,36.2416328791853,25.6310930405842,20.1627285965104,21.1283653597972,12.1408130980148,9.81252537453417,0.777268094,133.031078050559
358796.5022,524323.3196,36.3237278451629,25.6711911695881,20.2341060037056,21.0074724241997,12.185415644297,9.71779463881863,0.685423038,133.357823211187
358796.2064,524323.2244,36.0018022076226,25.6861838726329,20.5702237529957,21.5096430797583,12.5957590700932,9.89936188227341,0.740163099,133.668565355089
358795.953,524323.2946,35.5708949560585,25.8365087448171,21.1068228733486,21.3422528612388,12.5333155052981,9.79673691858158,0.637818552,133.931509455676
358795.7215,524323.2933,35.8270062131246,25.8574792212934,21.0495053387522,21.3422528612388,12.693884671914,9.97830416203636,0.718960245,134.163013105749
358795.4465,524323.2313,35.8272228719746,25.8563531143065,21.0478549797611,21.3143544914855,12.6582026348883,9.93883302215488,0.761365953,134.444915571125
358795.2214,524323.3424,36.0838794689528,25.8644147494796,21.0343933085886,21.3515523178232,12.85445383853,10.0809291257282,0.713659531,134.695939912601
358795.0096,524323.3744,36.0724062080444,25.855210127021,20.9894631804567,21.5096430797583,12.9882614773765,10.18355408942,0.690723751,134.910143647387
358794.8936,524323.401,36.076582337469,25.8567899857846,20.9903868017658,21.5654398192648,13.1309896254796,10.1204002656097,0.435066259,135.02915440318
358794.7836,524323.4944,36.2239703961634,25.90816639273,21.0203258211283,21.6491349285246,13.0863870791974,10.3335444209696,0.574311927,135.173458110684
358794.6332,524323.5336,36.224479450444,25.9078246108312,21.019685715855,21.8909207997194,13.3986049031728,10.4440636126377,0.591946993,135.328882690505
358794.4324,524323.5777,36.2250928436206,25.9073546912017,21.0188050812975,21.9188191694727,13.4878099957372,10.5466885763296,0.830275229,135.534468317439
358794.223,524323.633,35.8681505277398,25.8696890462204,20.9710535672019,22.0676104748234,13.7375842549175,10.8387750114525,0.66432212,135.751047286865
358794.012,524323.5148,35.5871121226883,25.858125847754,20.9810908347731,22.4767865645377,14.1390071714573,11.0519191668124,0.761365953,135.992898976978
358793.773,524323.4001,35.5229226080989,25.9506240278268,21.088242330595,22.3093963460182,14.6385556898179,11.4861017055086,0.729561672,136.257997241794
358793.5497,524323.46,35.569851656332,25.9910777867819,21.1262718338151,22.169904497252,14.7366812916388,11.683457404916,0.810805301,136.489191748659
358793.3028,524323.5457,35.5683081868002,26.0300889239892,21.2017960900545,22.1792039538364,14.7723633286645,11.8255535084893,0.819673802,136.750542279545
358793.1141,524323.5062,35.6263194114888,26.1112365810068,21.2783776105783,22.3372947157715,15.0399786063577,12.1886879953988,0.872680938,136.943332165185
358792.7912,524323.5125,35.6368924218272,26.1468853499023,21.4348967819075,22.1792039538364,15.2183887914865,12.5281397983795,0.743730887,137.266293618022
358792.5145,524323.5095,35.7499839553143,26.2684488162014,21.5867273516752,22.4488881947845,15.2986733747945,12.7333897257632,1.176962283,137.543009880631
358792.3372,524323.4221,35.7751660780314,26.282373107924,21.6045606073092,22.1792039538364,15.0488991156142,12.6939185858817,0.826707441,137.740681451695
358792.2268,524323.4754,36.0821096154175,26.4714002150214,21.7212883495262,22.2257012367585,15.1827067544608,12.8596973733839,0.895616718,137.863274477615
358791.9808,524323.5277,36.2690846533457,26.6567047317101,21.8906795302352,22.3558936289403,15.0756606433835,12.9860050210046,0.876146789,138.11477256904
358791.7357,524323.6824,36.5331815754474,26.8455181886594,22.0511863715376,22.3744925421091,14.9596940230498,13.0017934769572,0.86911315,138.404610627311
358791.4709,524323.8139,36.8627915155127,27.051902187878,22.2006088166565,22.3279952591871,14.924011986024,13.0886299846964,0.842609582,138.700264631133
358791.3288,524323.9209,37.3452241438142,27.3238192904621,22.3521052140528,22.4209898250312,14.924011986024,13.2701972281512,0.98756371,138.878144956115
358791.0405,524323.9457,37.6000503904203,27.4469575234385,22.5347525454098,22.7092729791482,15.0132170785884,13.3333510519616,0.945158002,139.167509656812
358790.8574,524324.052,37.8028936953126,27.642642143983,22.7038318649956,22.9417593937586,15.0756606433835,13.2465145442223,0.816106014,139.379229518907
358790.6787,524324.057,37.8172283437623,27.6590214655415,22.7189413610784,22.9603583069275,15.0488991156142,12.8439089174313,0.768399592,139.557999454847
358790.4694,524324.1223,37.8838450129545,27.8347917009882,22.9057408834635,23.0626523293561,15.2808323562816,13.641225943037,0.784301733,139.777249494749
358790.3783,524324.1632,37.8729355360424,27.8407970457183,22.914403212098,23.0347539596028,15.2719118470252,13.3491395079141,0.410397554,139.877109496731
358790.1605,524324.2453,37.7677695299259,28.0158593242274,23.1013194310342,23.1184490688626,15.3165143933074,13.1675722644594,0.655453619,140.109869566316
358789.9366,524324.362,37.4268651532295,28.0791445683542,23.2408103577609,23.0068555898496,15.4770835599233,13.5386009793452,0.832008155,140.362357387795
358789.6301,524324.5139,37.2083846875714,28.269966001771,23.4482993093935,23.127748525447,15.4949245784362,14.3201295489984,0.844342508,140.704433198136
358789.4982,524324.5663,37.2091340069985,28.2744930617148,23.4518582022719,23.1742458083691,15.5484476339748,13.5386009793452,0.731396534,140.846360538709
358789.1477,524324.733,36.9447497988657,28.3728992807011,23.6038068195434,23.2579409176288,15.7268578191036,13.7122739948237,0.860244648,141.234483122464
358788.926,524324.8608,36.6150130721799,28.4007656054426,23.7898313112495,23.0998501556937,15.8339039301809,14.0201488858992,0.814373089,141.490381012259
358788.6875,524324.9175,36.0388971172133,28.5438542815708,24.1885998414427,23.6485180941744,16.0925986986176,14.470119880548,0.98756371,141.735528192509
358788.561,524324.9643,36.015587113854,28.5463678296568,24.1983907553833,23.4253311361484,15.9944730967968,14.5569563882872,0.888583078,141.870407731374
358788.3329,524324.983,35.8330680369768,28.596768298324,24.3458987055799,23.6113202678367,16.3602139763108,14.6280044400739,0.946890928,142.099272975576
358788.1301,524325.0516,35.8494456850042,28.6787594146244,24.5115990338658,23.462528962486,16.3869755040802,15.3463791859167,0.680122324,142.313361275088
358787.8972,524325.1228,35.6754988157447,28.745141496128,24.6257033377684,23.5927213546679,16.6724318002862,15.4016387817507,0.872680938,142.556901518173
358787.7173,524325.2323,35.3852885268498,28.7693127174852,24.6876808473328,23.7787104863562,16.78839842062,15.5042637454426,0.853211009,142.767506029047
358787.466,524325.4127,35.1266494167039,28.8612667759252,24.9370322991421,23.6764164639276,16.7705574021071,15.4490041496085,0.787869521,143.076853487393
358787.2469,524325.5871,34.674852944555,28.8522801305333,25.0296573061515,23.8438066824472,16.8597624946715,15.7095136728262,0.706625892,143.356889502935
358786.9891,524325.762,34.5344549468886,29.0705753133077,25.287161298505,23.7601115731874,16.9846496242616,15.8752924603284,0.826707441,143.66841935705
358786.7223,524325.9013,34.9014401176299,29.2729126968762,25.5054243163553,23.7043148336809,17.2879469389806,16.0647539317595,0.796636086,143.969395651801
358786.464,524326.0283,35.1382403604278,29.5468915760065,25.7530174371779,23.8717050522004,17.2701059204677,16.4831480145031,0.858511723,144.257228745829
358786.2102,524326.173,35.5333897488675,29.8009359846372,25.9568061316486,23.9461007048757,17.519880179648,16.8699651853415,0.906218145,144.549380298944
358785.934,524326.3402,36.4770744527013,30.2662218306015,26.4675178627766,23.9089028785381,17.6536878184946,16.9015420972467,0.976962283,144.872246029533
358785.6276,524326.501,36.9102955310295,30.5393129714482,26.789519364273,23.8438066824472,17.6447673092382,16.988378604986,0.826707441,145.218277242032
358785.3757,524326.6235,37.6900780901679,30.7426220944524,26.9953827279731,24.0669936404732,17.8856210591621,17.525186107374,0.824974516,145.498384114495
358785.1146,524326.676,38.0406233585942,30.9054677413573,27.1290736591769,24.2436833155771,18.0997132813166,17.9672628740465,0.899184506,145.764709967541
358784.931,524326.7277,38.0690043466668,30.9146860632193,27.1320928776763,24.3459773380057,18.3227260127276,18.3619742728612,0.992864424,145.955450235978
358784.716,524326.871,38.7016198960114,31.2443417954542,27.4121923735868,24.5598648394473,18.4030105960356,18.330397360956,0.92038736,146.213829588839
358784.4424,524326.977,38.7510619307487,31.2829372178776,27.4512539058824,24.5877632092006,18.5457387441386,18.8040510395337,0.75606524,146.50724560747
358784.2189,524327.1448,39.1921218688113,31.7572552782657,27.97870165091,24.6435599487071,18.5546592533951,18.8987817752492,0.918654434,146.786725642585
358784.0128,524327.3225,39.6382157695008,32.0482663259586,28.2588666571536,24.3924746209278,18.2424414294197,18.6461664800078,0.930988787,147.058855207279
358783.919,524327.5459,40.2637841433815,32.4085420782931,28.5928639498781,23.8345072258627,17.6626083277511,18.0777820657146,0.830275229,147.301148418107
358783.8062,524327.6883,40.7540055107656,32.6535463556898,28.8936661801957,23.6950153770965,17.6893698555204,18.2356666252405,0.909785933,147.482811843166
358783.6627,524327.8877,40.8024568429876,32.6485290018935,29.0227601542787,23.4439300493172,17.5020391611352,17.8725321383309,0.953924567,147.72847952515
358783.5672,524328.031,40.7886460085026,32.8396593166659,29.4346237115423,23.5834218980835,17.4039135593143,17.8962148222598,0.791335372,147.900686203296
358783.3464,524328.1487,40.450614051779,32.6998028629342,29.2970166365372,23.7229137468497,17.5823237444431,18.3461858169086,0.57961264,148.15089797364
358783.1948,524328.396,40.2579374569271,32.5022416932045,29.192183986942,23.3974327663951,17.5644827259302,17.7699071746391,0.810805301,148.440966672331
358783.05,524328.6911,39.8351108040092,32.1434589034151,29.0425192654728,23.0812512425249,17.3949930500579,17.6120226151132,0.701325178,148.769677867858
358782.9259,524328.8981,39.5940933284453,31.9259332313164,28.8233688342215,23.4067322229795,18.3227260127276,19.1356086145381,0.766666667,149.011027841915
358782.9388,524329.0126,39.591174167119,31.9231463206507,28.8205444552729,23.1649463517847,18.0907927720602,18.6303780240552,0.708358818,149.126252231723
358782.8705,524329.0822,39.3732246123923,31.6653388622143,28.6322378614518,22.9696577635119,18.0729517535473,18.3935511847664,0.757798165,149.223766589579
358782.7877,524329.2087,39.094519695979,31.3279242354494,28.2888670537666,22.904561567421,18.0015876794958,18.3146089050034,0.906218145,149.37495551116
358782.6197,524329.4384,38.8086709983689,31.0378814514821,27.9601563828118,22.616278413304,17.9302236054443,18.2198781692879,0.759633028,149.65953606217
358782.4405,524329.7316,38.5882714282679,30.7255428572297,27.589046163639,22.5325833040442,17.8945415684185,17.9593686460702,0.584913354,150.003162138053
358782.2436,524329.9815,38.3868719582393,30.095229943096,26.8912459739472,22.3000968894338,17.7607339295719,18.0462051538094,0.745463812,150.321312448416
358782.0632,524330.258,38.2423178084075,29.812628760104,26.4924115650762,22.2443001499273,17.6358467999818,17.9593686460702,0.745463812,150.651458491894
358781.9056,524330.5766,38.0630483965851,29.2013328081085,25.7037594963187,21.9095197128883,17.2165828649291,17.7383302627339,0.77196738,151.006907109829
358781.7415,524330.8707,37.8401373630056,28.8656167417662,25.2806816859858,21.7979262338752,17.011411152031,17.659387982971,0.666055046,151.343691343373
358781.5526,524331.1785,37.6574569922404,28.6286404120925,24.9382961348832,21.7235305811999,16.5029421244139,17.3278304079666,0.764933741,151.704834043762
358781.3345,524331.4553,37.5365899914084,28.3894172406929,24.6456608695038,21.5654398192648,16.3156114300286,17.0910035686778,0.812538226,152.057234171451
358781.2224,524331.8013,36.8269354718984,27.5983892290848,23.6310349068953,21.5003436231739,15.9855525875404,16.5857729781949,0.839041794,152.420940660267
358781.0558,524332.0599,36.4340664210215,27.1515636544707,23.1046850644047,21.481744710005,15.673334763565,16.1515904394987,0.789602446,152.728559775389
358780.944,524332.3157,36.0433111374479,26.8575174691125,22.8022875191105,21.5189425363427,15.4057194858718,15.891080916281,0.708358818,153.007724386348
358780.78,524332.6266,35.5742042986854,26.5734107430508,22.4671803419544,21.5003436231739,15.2629913377687,15.5121579734189,0.69775739,153.359228027794
358780.6805,524332.9357,35.1743060081596,26.2796080033887,22.1367141184124,21.4352474270829,15.2808323562816,15.1648119424619,0.569011213,153.683947999533
358780.5177,524333.2577,34.6350945997936,25.8832236569138,21.6687847893724,21.258557751979,15.0488991156142,14.8964081912679,0.754332314,154.044763520194
358780.3368,524333.5988,33.8679066657103,25.4329674452537,21.2692466880796,21.2771566651478,15.0756606433835,14.6911582638842,0.473802243,154.430864569229
358780.1718,524333.9263,33.5574025117905,25.3201328212629,21.1011956587436,21.3050550349011,14.9596940230498,14.2648699531643,0.807237513,154.797581421859
358779.9851,524334.2307,32.7990147747896,25.032203701856,20.9150200580748,21.5654398192648,15.3343554118203,14.4227545126902,0.734862385,155.154675597043
358779.7889,524334.5496,31.864623912295,24.7386897974075,20.6609353665793,21.6491349285246,15.2629913377687,14.1701392174488,0.701325178,155.529097351282
358779.5994,524334.8963,31.2307287042565,24.3719151613812,20.2748614404246,21.6956322114466,15.2451503192559,14.256975725188,0.66432212,155.924206374196
358779.3971,524335.2732,30.6920008860347,24.0386352781435,19.8694943079594,21.7421294943687,15.4235605043847,14.256975725188,0.770234455,156.351966704318
358779.1942,524335.6845,30.5567183831056,23.9117634953512,19.712450287833,21.8723218865506,15.3878784673589,14.2411872692354,0.586646279,156.810590842283
358778.9571,524336.1229,30.9711896003168,23.7918441167228,19.408900280985,22.0490115616545,15.3254349025638,14.0201488858992,0.669520897,157.308999279209
358778.7691,524336.5252,31.6912331270952,23.8509070509975,19.348595712329,22.5325833040442,15.2451503192559,14.067514253757,0.641284404,157.753059286493
358778.5649,524336.9143,32.2744001770836,23.8762763767795,19.2556906991771,22.8952621108365,14.6831582361001,13.7043797668474,0.683690112,158.192486697931
358778.4006,524337.3087,33.1288611414123,23.9276860782032,19.1535283928246,23.2021441781223,14.0944046251751,13.2544087721986,0.692558614,158.619740545293
358778.1192,524337.7385,33.5594965245779,23.981738521153,19.1300917316637,23.5276251585769,13.7643457826868,12.9781107930283,0.680122324,159.133466152912
358777.9832,524338.0491,33.7977555567762,24.0770220615836,19.1372112028978,23.7043148336809,13.5324125420194,12.8439089174313,0.621916412,159.472535998194
358777.8645,524338.2594,33.9038222575969,24.2479630404555,19.1940227872181,23.3695343966418,13.5234920327629,12.6702359019528,0.659021407,159.714022602404
358777.7052,524338.4968,33.884676328744,24.4425441973524,19.2700328484871,23.1184490688626,13.808948328969,12.9465338811231,0.634250765,159.999916376369
358777.5388,524338.7732,33.804134969469,24.6122054669446,19.3639520838414,22.9975561332651,14.0676430974058,12.9781107930283,0.51783894,160.322539872204
358777.3918,524339.0672,33.737606995109,24.8542023382724,19.4671846362567,22.5325833040442,14.1479276807137,12.8123320055261,0.657186544,160.65124186489
358777.211,524339.3114,33.7659809682889,24.9154418354144,19.4989201266947,22.4302892816157,14.3709404121247,12.8281204614787,0.7490316,160.955087681003
358776.9991,524339.5693,33.9340508950538,24.9978984521252,19.5806926115569,22.281497976265,14.5315095787407,12.6702359019528,0.584913354,161.288875068394
358776.8016,524339.8626,34.1834296646112,25.0649681120618,19.6788448355539,22.1792039538364,14.6831582361001,12.5833993942136,0.630784913,161.642472494877
358776.6653,524340.151,34.3863559844795,25.1363744082674,19.8455017608138,22.3558936289403,14.7723633286645,12.6307647620713,0.588379205,161.961458779819
358776.5928,524340.4632,34.5254343764056,25.2378709932742,20.0280174164028,22.6534762396417,14.7277607823823,12.567610938261,0.634250765,162.281966330477
358776.4641,524340.7526,34.5227282290259,25.2785205944217,20.202985737803,22.8301659147456,14.8526479119725,12.5439282543321,0.597247706,162.598693421211
358776.3559,524340.9272,34.4848499746023,25.3404365060749,20.3423835587204,22.83946537133,14.8348068934596,12.8833800573128,0.653720693,162.804101308111
358776.2299,524341.1475,34.4445647155735,25.3009375547923,20.3536986004315,22.7092729791482,14.8526479119725,12.9544281090994,0.637818552,163.057888797914
358776.1054,524341.4291,34.400252799302,25.246396701415,20.3195483472746,22.8487648279145,14.9775350415627,12.7886493215972,0.680122324,163.365782951784
358776.0092,524341.7427,34.2458000890262,25.2203419906139,20.314479061315,22.727871892317,14.7902043471774,12.7491781817158,0.674821611,163.693806426556
358775.8816,524342.0376,34.1726234671995,25.2243098565819,20.3134762911808,22.7464708054859,15.0310580971013,12.8439089174313,0.662487258,164.015128336863
358775.5962,524342.2583,34.0906932497583,25.231412354943,20.3045149111597,22.8208664581612,15.0221375878449,12.8439089174313,0.644852192,164.375907562946
358775.4288,524342.5492,34.2080160727928,25.2632341487754,20.3505494645409,22.8301659147456,15.004296569332,12.9938992489809,0.666055046,164.711534692398
358775.1995,524342.7894,34.2995797560399,25.2132885055683,20.3201383429741,22.9417593937586,15.1291836989221,12.9149569692179,0.741896024,165.04361078308
358774.9862,524343.0028,34.40407931006,25.205016487473,20.3402598144658,22.7929680884079,15.0221375878449,12.8991685132654,0.717227319,165.345333254906
358774.8459,524343.1966,34.3586991461707,25.1760861676903,20.3206824626181,22.7092729791482,15.0488991156142,13.0175819329098,0.703058104,165.584587366668
358774.6392,524343.4377,34.3194836674034,25.1533711314304,20.303765840255,22.6906740659793,15.0132170785884,13.0965242126727,0.701325178,165.902162712072
358774.4274,524343.6989,33.8768869646883,24.9600527473894,20.1558744506723,22.7557702620703,14.9953760600755,13.1123126686253,0.708358818,166.238443368622
358774.2435,524343.951,33.6778541109216,24.8677550190646,20.1050171813332,22.7929680884079,15.0667401341271,13.1123126686253,0.71019368,166.550490832996
358774.0529,524344.1864,33.5003837654114,24.759592278788,20.074403636966,22.9975561332651,15.1113426804093,13.2228318602934,0.738430173,166.853379459378
358773.8224,524344.4133,33.5257959849422,24.6733545826164,20.0884701565198,22.83946537133,15.3075938840509,13.3649279638667,0.757798165,167.176820118552
358773.5909,524344.6346,33.5878762250047,24.6135711368193,20.1445170447069,22.6720751528105,15.1827067544608,13.2307260882697,0.779001019,167.497079294824
358773.4116,524344.9256,33.4914525142355,24.5975119121823,20.168429347668,22.5883800435508,15.3254349025638,13.3333510519616,0.734862385,167.838882586189
358773.2118,524345.2056,33.3153058979134,24.5995584060354,20.11443331956,22.5697811303819,15.2629913377687,13.4359760156534,0.7490316,168.182859387756
358773.0352,524345.5555,33.1844102746795,24.6522419668412,20.0633243293345,22.6627756962261,15.3521964303331,13.4201875597008,0.747196738,168.574800161373
358772.8365,524345.8355,32.9218058471636,24.6224268719698,20.0063065318922,22.7650697186547,15.8339039301809,13.9254181501837,0.791335372,168.918139192098
358772.6397,524346.1021,32.7734411836665,24.5895771487986,19.9481249793974,22.5604816737975,15.2986733747945,13.5622836632741,0.738430173,169.249508774251
358772.4756,524346.3985,32.2890691247812,24.4230730393483,19.84812643958,22.3744925421091,15.3789579581025,13.5543894352978,0.777268094,169.588303358023
358772.2193,524346.6279,31.438261019366,24.238633110014,19.808947718984,22.1792039538364,15.2808323562816,13.6570143989896,0.798470948,169.932271452449
358772.0059,524346.8357,30.5021505989332,23.9846762003905,19.7440185520023,22.0862093879922,15.3878784673589,13.8227931864918,0.717227319,170.230131151034
358771.7332,524347.0251,29.6148171198744,23.7993295897381,19.6974463401903,22.0304126484857,15.3432759210767,14.0359373418518,0.793170234,170.562151707555
358771.5263,524347.244,29.1599085046751,23.7233011040884,19.6713700739953,22.0025142787324,15.4860040691797,14.0359373418518,0.786136595,170.86335731837
358771.2896,524347.4932,30.0709812798266,23.972684866225,19.8438351663835,21.881621343135,15.5752091617441,14.4464371966191,0.777268094,171.207054176143
358771.1121,524347.7396,30.9278569404643,24.1723879834634,19.9456741539703,21.7979262338752,15.6019706895135,14.6122159841213,0.787869521,171.510730335843
358770.965,524347.9023,31.1067115249789,24.2039100564141,19.9783289363394,21.6398354719401,15.7625398561294,14.6911582638842,0.805504587,171.73006957081
358770.8001,524348.113,31.5557554500567,24.2595078598919,20.0265694418526,21.6305360153557,15.8249834209244,14.8964081912679,0.787869521,171.997626106954
358770.5715,524348.4356,31.1589197170595,24.095496901921,19.98100991471,21.5003436231739,15.8249834209244,15.0463985228175,0.851478084,172.393010375684
358770.3219,524348.6827,30.5209774882407,23.9184507974507,19.7936931783206,21.5096430797583,16.1015192078741,15.3621676418693,0.800203874,172.744234762705
358770.173,524348.9978,30.3427451823609,23.8591030423071,19.6509009984395,21.6026376456025,16.1996448096949,15.4411099216322,0.747196738,173.092744762555
358769.9791,524349.2255,30.5229546139852,23.8740849466947,19.5990504781306,21.7328300377843,16.3780549948237,15.6621483049685,0.787869521,173.391817496139
358769.7869,524349.5155,30.8461220970274,23.9117593760799,19.5533605707785,21.5840387324336,16.5029421244139,15.8516097763995,0.787869521,173.739726737203
358769.5504,524349.7791,30.9347356196189,23.9244575663064,19.5758764594887,21.5840387324336,16.7170343465684,16.2147442633091,0.821406728,174.093869660376
358769.3466,524349.9757,30.8787279781034,23.9124584284408,19.6075881034318,21.5840387324336,17.0649342075696,16.5778787502186,0.870846075,174.377040986557
358769.1437,524350.1667,30.4760339218726,23.8583815015091,19.6439753888913,21.6398354719401,16.9846496242616,16.6252441180764,0.763098879,174.655697423745
358768.9139,524350.4648,29.995238506003,23.8135066628016,19.6535648061739,21.7235305811999,17.4841981426223,17.2173112162985,0.740163099,175.032090370043
358768.6861,524350.7395,29.7395361070179,23.8611396666321,19.6229653935222,21.5747392758492,17.3147084667499,17.2173112162985,0.727828746,175.388955792904
358768.5063,524350.9749,29.9953142604232,24.0138636643052,19.6747071207017,21.4538463402518,17.3860725408014,17.4304553716584,0.683690112,175.685167203887
358768.3124,524351.1881,29.4834307637282,23.9902587281607,19.7729436026733,21.5189425363427,17.4128340685708,17.7067533508288,0.724260958,175.973353688657
358768.1396,524351.4868,29.7440562448145,24.0464527377393,19.9405225424533,21.546840906096,17.3503905037757,17.8567436823784,0.669520897,176.318435606405
358767.924,524351.6868,29.9453499560812,23.9677834348566,20.0428005653236,21.593338189018,17.4395955963401,17.9356859621413,0.666055046,176.612516139637
358767.7514,524351.9966,30.3441357045622,24.073795583487,20.2278471602134,21.7049316680311,17.457436614853,18.3146089050034,0.64841998,176.967152291141
358767.7108,524352.2785,30.7498042898695,24.1893998857482,20.3091638057124,21.9746159089792,17.9213030961878,19.0487721067988,0.584913354,177.251960946266
358767.6247,524352.5119,30.7526264993921,24.3525463111133,20.3408764709421,21.8444235167973,17.7518134203155,19.1277143865618,0.530275229,177.500735482775
358767.5516,524352.7551,30.9282287939562,24.4980346278389,20.36507534843,21.6119371021869,17.4841981426223,19.02508942287,0.593679918,177.754684001087
358767.496,524353.0372,31.166156617457,24.603924233094,20.3861741836138,21.6863327548622,17.3503905037757,18.6935318478656,0.618450561,178.042210991197
358767.3725,524353.3043,31.6640716194038,24.8062191034642,20.4625926815507,21.6305360153557,17.0649342075696,18.6145895681026,0.637818552,178.336480697358
358767.2009,524353.6119,32.2500916679439,25.0000016841467,20.5221698250322,21.6212365587713,16.9400470779794,18.3461858169086,0.644852192,178.688708351066
358767.0372,524353.9616,32.6736532306147,25.1289411624068,20.5612752657281,21.7514289509532,16.8151599483893,18.1804070294064,0.546075433,179.074827218782
358766.869,524354.2892,32.6541507367874,25.1051740016087,20.5304597852362,21.881621343135,16.8865240224408,18.4724934645293,0.526707441,179.443083922698
358766.7088,524354.6579,32.2815242942571,24.9925827989378,20.4940787855632,21.9002202563038,16.9132855502101,18.2672435371457,0.627217125,179.845083586863
358766.5568,524354.992,32.2058790381304,24.8880141198484,20.4461688669236,21.881621343135,16.8330009669022,18.2435608532168,0.576044852,180.212135095491
358766.4166,524355.3216,31.8795882881634,24.7765141941707,20.3701445941327,21.7979262338752,16.6456702725169,17.9120032782124,0.565443425,180.570314101078
358766.2675,524355.6067,31.523382193829,24.6590707070197,20.2728129213114,21.8165251470441,16.7705574021071,18.140935889525,0.561977574,180.892048183796
358766.2148,524355.9722,31.1827108782888,24.4662749532637,20.2228723082018,21.6212365587713,16.5743061984654,17.8567436823784,0.553109072,181.261327942201
358766.1053,524356.3593,30.2628692458935,24.3510023970041,20.1991734552162,21.3980496007453,16.5118626336703,17.7699071746391,0.546075433,181.663617216286
358766.0324,524356.7417,29.2372840847703,24.1394030997499,20.0070791588102,21.1748626427193,16.2174858282078,17.0199555168911,0.546075433,182.052903961498
358765.9237,524357.0988,29.4521272929006,24.0914525125822,19.9921641493721,21.2864561217323,16.3245319392851,17.2725708121325,0.546075433,182.426181472239
358765.8281,524357.4746,28.9851396439088,24.0001795658278,20.1330005030838,21.1748626427193,16.4404985596188,17.446243827611,0.532008155,182.813950733451
358765.6858,524357.8042,29.0560145426843,24.0048527550748,20.224530422212,21.2306593822258,16.2442473559771,17.1936285323696,0.532008155,183.172956931223
358765.6201,524358.1564,28.5884830984902,23.8590817119754,20.0799208189023,21.2399588388102,16.2353268467207,17.1857343043933,0.535474006,183.531232425741
358765.5437,524358.5132,28.2058947614998,23.6148248484963,19.8533167746876,21.1004669900439,16.039075643079,16.909436325223,0.535474006,183.896120353811
358765.4963,524358.8698,29.9147913020975,23.9744497637731,20.2073434619204,20.9981729676153,15.7446988376165,16.8147055895075,0.561977574,184.255856812842
358765.4232,524359.2377,31.4420331512605,24.1088814943653,20.1532103869332,21.0074724241997,15.5038450876926,16.3963115067639,0.584913354,184.630948828284
358765.317,524359.6281,31.6823077980155,24.0389179916594,20.0419100712942,21.146964272966,15.3878784673589,16.1673788954513,0.641284404,185.035535778077
358765.1967,524360.0209,31.4080346318755,24.0378825114068,20.0990175021944,21.258557751979,15.3165143933074,15.9621289680676,0.699592253,185.446344650944
358765.1113,524360.4479,31.4417301975505,24.1340802319497,20.1161919347795,21.3794506875764,15.2629913377687,15.5674175692529,0.590214067,185.881800917426
358764.995,524360.913,32.4130872285878,24.4056077533004,20.2517736515491,21.5561403626804,15.0845811526399,15.2832253621063,0.586646279,186.361221087964
358764.9265,524361.3086,34.0317939215511,24.9442828928306,20.453397202771,21.8072256904597,15.1916272637172,14.9832446990071,0.674821611,186.76270783748
358764.7737,524361.6773,33.5095646784781,24.6614283260002,20.2787949152157,21.7235305811999,15.2540708285123,14.8885139632916,0.630784913,187.161816256319
358764.6624,524362.0956,32.8369468951698,24.6250607234119,20.0519610991725,22.0304126484857,15.3165143933074,14.9753504710308,0.607849134,187.594670250209
358764.5692,524362.5048,33.4858011267063,24.8364441286324,20.271586335453,22.0490115616545,15.370037448846,14.8253601394812,0.613149847,188.014349746951
358764.501,524362.9372,33.8103376914767,24.9302164430423,20.3081380728722,22.2628990630961,15.2540708285123,14.6358986680502,0.64841998,188.452095106775
358764.444,524363.2938,33.8938140301299,24.9151077044934,20.2441888829835,22.3000968894338,15.2629913377687,14.3990718287613,0.800203874,188.81322189885
358764.327,524363.6866,33.8503899979622,24.9695587400824,20.274283002472,22.4116903684468,15.1559452266915,14.2885526370932,0.64841998,189.223076556052
358764.2022,524364.0527,33.8098784434001,25.0941215759307,20.3504582579089,22.6069789567196,15.2362298099994,14.2253988132828,0.591946993,189.609863642169
358764.0318,524364.3681,33.96109208279,25.217985501929,20.4346059741521,22.5418827606287,15.2986733747945,14.1938219013777,0.667787971,189.968351187249
358763.8726,524364.7323,34.3596572126145,25.3396589114905,20.5171721819816,22.8766631976677,15.3165143933074,14.1464565335199,0.671355759,190.36582606702
358763.6676,524365.0391,34.5956487556343,25.3743791021501,20.5456237655774,22.9417593937586,15.4414015228975,14.1385623055436,0.554943935,190.734812841876
358763.5019,524365.4078,34.9842418958429,25.5584712172992,20.6101743220586,23.23934200446,15.673334763565,14.1938219013777,0.669520897,191.139035775414
358763.3757,524365.7272,35.3928958729542,25.7258981472528,20.7673827148352,23.23934200446,15.7268578191036,14.3753891448324,0.708358818,191.482463788175
358763.2049,524366.0059,35.5232802162509,25.8019376325472,20.8180296384041,23.5090262454081,16.0033936060533,14.4780141085243,0.639551478,191.809337357007
358763.0603,524366.3165,35.7052594536296,26.0883353019804,21.0139499791978,23.4067322229795,16.1639627726692,14.3832833728087,0.685423038,192.151947222569
358762.9454,524366.5869,36.0828770718367,26.0004273608722,20.8814383278,23.4439300493172,15.9320295320017,14.3280237769747,0.708358818,192.445746763101
358762.7988,524366.9198,36.3716079905057,26.0752076345456,20.9294267389022,23.7229137468497,16.1728832819256,14.4464371966191,0.636085627,192.809496636002
358762.6652,524367.2549,36.6825996682206,26.2126524007816,21.078434114302,23.6578175507588,16.0212346245661,14.0596200257807,0.832008155,193.170247200822
358762.5,524367.5591,36.8959370486268,26.3421572836575,21.1557572600714,23.9089028785381,16.2977704115158,14.5332737043583,0.761365953,193.516409994798
358762.3649,524367.8563,36.9962291609393,26.4155228571161,21.0393164765104,24.2064854892394,16.2977704115158,14.6437928960265,0.688990826,193.842875689813
358762.2428,524368.2803,37.1237925953379,26.5418306096724,21.0259635487071,24.3180789682525,16.342372957798,14.470119880548,0.722528033,194.284106253118
358762.0803,524368.6401,37.2970905035401,26.6935632336716,21.2671628501758,24.4761697301876,16.3066909207722,14.5727448442398,0.720795107,194.678900237361
358761.9991,524368.9446,37.4660648963229,26.8297870264778,21.4167613270545,24.4203729906811,16.2710088837464,14.3674949168561,0.718960245,194.994040983766
358761.9151,524369.2892,37.5921869106843,26.9616438698273,21.4256554565366,24.7272550579668,16.4315780503624,14.5411679323346,0.741896024,195.348731214775
358761.8523,524369.6014,37.6859055771815,27.0471148427411,21.4540331681236,24.6528594052915,16.3602139763108,14.4227545126902,0.724260958,195.667184790704
358761.7596,524369.8315,37.7734605959132,27.0641572710921,21.5449980116538,24.7272550579668,16.565385689209,14.5648506162635,0.75606524,195.915255949797
358761.656,524370.0349,37.8639423320994,27.1263820080125,21.5811738398214,24.820249623811,16.5207831429268,14.2806584091169,0.738430173,196.143520095019
358761.5045,524370.3067,37.9738117384569,27.1540759643785,21.5450989966213,24.931843102824,16.6991933280556,14.4464371966191,0.741896024,196.454691253715
358761.3718,524370.5082,38.1962294574206,27.2376111796266,21.5277955595917,24.996939298915,16.8151599483893,14.3438122329273,0.722528033,196.695961931631
358761.3428,524370.75,38.4931410165164,27.3842761169647,21.5913671283764,24.931843102824,16.8330009669022,14.3674949168561,0.715494393,196.939494763058
358761.2758,524370.9654,38.8399287480268,27.4914526098169,21.7169989769794,25.1736289740189,16.9757291150052,14.4227545126902,0.745463812,197.165074372047
358761.2298,524371.2262,39.6703850850255,27.8557877332618,21.8894347900017,24.9783403857461,16.8954445316972,14.3201295489984,0.75606524,197.429900050612
358761.1213,524371.2561,39.5353436246549,27.8450480704248,21.8650763340297,25.1178322345124,16.8240804576457,14.3280237769747,0.73312946,197.542444530673
358761.0292,524371.1868,39.3610646750734,27.6759657610232,21.802679762994,25.1643295174345,16.708113837312,14.2727641811406,0.761365953,197.657704671216
358761.0069,524371.2182,39.540533116488,27.7583604456198,21.8076481780171,25.1178322345124,16.6991933280556,14.201716129354,0.759633028,197.696217656028
358760.9862,524371.1895,39.3545056869232,27.6738051579017,21.8020578776243,24.8853458199019,16.708113837312,14.1701392174488,0.805504587,197.731603811529
358760.987,524371.1683,39.3477740358762,27.6717158599573,21.8012733096301,24.8388485369799,16.6991933280556,14.1938219013777,0.77196738,197.752818900459
358760.9609,524371.2464,39.492401702437,27.8326162342904,21.8596994287827,24.8388485369799,16.6010677262347,14.0833027097095,0.777268094,197.835164634953
358760.936,524371.24,39.4884381789623,27.8310974315793,21.8589602572344,24.7923512540578,16.8062394391328,14.3438122329273,0.775535168,197.860873971785
358760.9048,524371.2403,39.4846061744223,27.8301713114935,21.8586010161439,24.8295490803954,16.931126568723,14.2964468650695,0.768399592,197.892075414028
358760.8784,524371.3017,39.9101766608999,28.6652071402935,22.1301805472138,24.8667469067331,16.8419214761586,14.391177600785,0.770234455,197.958910434806
358760.8827,524371.2972,39.9107308888955,28.6637390370617,22.1296125372751,24.3924746209278,16.5564651799525,13.9964662019703,0.779001019,197.965134581298
358760.86,524371.2807,39.9976416277852,28.6487641483769,22.1638831721611,24.2901805984992,16.6991933280556,14.2253988132828,0.777268094,197.993197724427
358760.8479,524371.2575,39.5348888489224,27.9424701303702,21.7827685965058,24.4947686433564,16.9043650409537,14.5490621603109,0.779001019,198.019363541868
358760.8252,524371.2388,39.4118783836907,27.8877233249089,21.8029781277903,24.5319664696941,16.9668086057488,14.5885333001924,0.780835882,198.04877408411
358760.8122,524371.23,39.4106842296546,27.886535640532,21.8028379007925,24.5505653828629,16.9222060594666,14.5964275281687,0.777268094,198.06447249174
358760.811,524371.2189,39.4539499397249,27.8102455467212,21.7507999424424,24.6063621223694,16.9757291150052,14.6201102120976,0.839041794,198.075637168183
358760.7933,524371.2802,39.9127938110662,28.6667727219352,22.1309998252634,24.4296724472655,16.9668086057488,14.6516871240028,0.77196738,198.139441400065
358760.8234,524371.2866,39.9121760181201,28.6660607741828,22.1306566150604,24.2436833155771,16.7973189298764,14.2332930412591,0.64841998,198.170214277699
