VCP0.32,VCP0.71,VCP1.18,HCP0.32,HCP0.71,HCP1.18,VCP0.32_inph,VCP0.71_inph,VCP1.18_inph,HCP0.32_inph,HCP0.71_inph,HCP1.18_inph,plot,name,block
15.81,18.02,24.12,15.76,25.64,34.72,3.65,3.77,4.22,3.8,3.93,4.67,1,var0,1
15.27,18.04,24.03,15.84,25.51,34.99,3.63,3.74,4.21,3.81,3.97,4.65,1,var0,1
15.98,18.03,23.88,16.98,25.78,34.67,3.63,3.75,4.2,3.78,3.95,4.68,1,var0,1
14.54,15.69,21.01,13.96,21.91,29.2,3.63,3.76,4.17,3.82,3.94,4.6,2,var1,1
13.69,15.32,19.74,13.43,21.69,28.42,3.62,3.71,4.07,3.77,3.89,4.58,2,var1,1
13.25,14.8,19.33,13.47,20.82,28.48,3.65,3.74,4.14,3.83,3.94,4.59,2,var1,1
15.29,18.7,22.68,14.24,23.43,29.97,3.6,3.59,3.96,3.77,3.86,4.7,3,var2,1
16.48,18.41,23.78,17.24,25.32,34.62,3.41,3.07,3.55,3.58,4.03,5.16,3,var2,1
15.4,17.35,23.38,15.0,25.42,33.88,3.59,3.7,4.11,3.82,3.97,4.72,3,var2,1
16.09,18.05,23.9,15.69,25.86,35.29,3.63,3.75,4.2,3.78,3.94,4.69,4,var3,1
14.2,16.26,21.72,16.77,27.22,34.9,3.63,3.74,4.22,3.8,3.93,4.7,4,var3,1
13.33,15.2,20.6,13.25,23.59,32.06,3.65,3.77,4.23,3.81,3.94,4.67,4,var3,1
14.45,16.36,21.08,15.86,23.44,31.7,3.63,3.74,4.21,3.82,4.01,4.63,5,var4,1
13.74,16.17,21.19,14.43,22.18,30.28,3.64,3.74,4.19,3.84,4.0,4.66,5,var4,1
13.67,15.59,20.89,15.39,22.91,30.42,3.66,3.74,4.2,3.74,3.93,4.66,5,var4,1
14.49,15.69,20.64,13.65,21.76,29.3,3.63,3.74,4.17,3.78,3.94,4.6,6,var5,1
13.62,14.89,19.14,13.45,20.65,26.64,3.61,3.68,4.11,3.77,3.91,4.6,6,var5,1
13.54,14.48,18.54,12.93,20.2,26.13,3.64,3.73,4.16,3.79,3.92,4.55,6,var5,1
12.93,14.65,18.83,13.41,20.73,27.27,3.65,3.74,4.14,3.86,3.99,4.65,7,var6,1
14.26,14.52,18.83,12.75,20.41,26.76,3.62,3.7,4.11,3.85,4.0,4.71,7,var6,1
13.2,14.35,18.62,13.08,20.77,28.0,3.64,3.74,4.13,3.82,3.99,4.65,7,var6,1
15.01,16.72,21.43,13.89,22.23,30.43,3.63,3.72,4.17,3.84,4.0,4.67,8,var7,1
15.13,16.65,22.4,13.36,24.21,32.54,3.62,3.73,4.14,3.84,3.96,4.68,8,var7,1
15.29,16.77,22.94,13.88,23.24,32.16,3.63,3.74,4.14,3.82,3.96,4.7,8,var7,1
14.97,17.11,22.5,16.09,25.13,33.95,3.62,3.75,4.2,3.76,3.95,4.65,9,var8,1
16.62,17.08,22.38,15.28,24.7,33.1,3.64,3.77,4.21,3.8,3.93,4.62,9,var8,1
14.65,16.53,21.85,15.37,24.8,32.67,3.66,3.77,4.22,3.81,3.94,4.67,9,var8,1
16.17,16.11,20.31,14.13,21.88,28.9,3.51,3.71,4.14,3.83,3.98,4.67,10,var9,1
14.06,15.87,20.18,14.0,22.05,29.08,3.65,3.73,4.17,3.8,3.96,4.67,10,var9,1
15.25,16.73,20.36,15.93,22.7,28.23,3.62,3.7,4.16,3.8,3.98,4.67,10,var9,1
14.95,15.66,19.9,14.74,21.54,27.56,3.63,3.77,4.16,3.79,3.97,4.6,11,var10,1
17.2,15.43,18.6,14.03,21.18,27.43,3.62,3.76,4.31,3.81,3.95,4.63,11,var10,1
14.6,15.17,19.47,13.31,21.16,29.24,3.63,3.76,4.21,3.83,3.99,4.62,11,var10,1
15.05,16.56,20.24,13.39,21.71,28.59,3.66,3.76,4.17,3.76,3.93,4.61,12,var11,1
14.96,14.83,19.73,13.59,21.59,28.88,3.62,3.79,4.13,3.81,3.92,4.6,12,var11,1
15.4,15.24,20.03,13.46,21.34,28.55,3.63,3.78,4.16,3.84,3.98,4.67,12,var11,1
13.99,15.92,21.55,14.94,22.96,31.41,3.67,3.78,4.25,3.79,3.94,4.61,13,var12,1
14.92,18.2,24.85,15.93,25.8,35.36,3.66,3.78,4.23,3.8,3.99,4.68,13,var12,1
16.66,20.13,26.82,16.12,27.88,38.06,3.66,3.78,4.25,3.85,4.02,4.73,13,var12,1
14.06,15.91,21.3,15.09,23.86,32.29,3.64,3.72,4.15,3.81,3.97,4.71,14,var13,1
15.62,16.54,21.42,14.35,22.87,31.26,3.64,3.75,4.14,3.82,3.97,4.69,14,var13,1
15.73,16.29,21.22,15.57,22.89,30.4,3.63,3.72,4.05,3.74,3.89,4.42,14,var13,1
16.19,17.39,22.6,15.57,23.63,30.47,3.61,3.72,4.15,3.78,3.92,4.6,15,var14,1
15.26,16.6,22.05,16.33,24.55,30.19,3.64,3.78,4.2,3.76,3.92,4.59,15,var14,1
15.08,17.24,22.3,16.2,23.59,30.93,3.66,3.75,4.2,3.8,3.94,4.66,15,var14,1
16.22,18.25,23.52,16.74,26.28,34.53,3.65,3.77,4.23,3.8,3.97,4.68,16,var15,1
15.8,17.7,23.8,15.33,24.99,34.23,3.64,3.78,4.21,3.83,3.99,4.69,16,var15,1
93.94,24.76,26.26,16.32,25.44,33.87,2.73,3.34,3.87,3.75,3.95,5.11,16,var15,1
18.43,19.29,24.8,18.1,28.21,37.17,3.51,3.53,3.88,3.69,3.54,4.55,17,var16,1
15.72,18.17,24.4,14.58,25.49,34.96,3.65,3.82,4.27,3.84,3.99,4.72,17,var16,1
14.92,18.1,24.4,15.55,26.02,35.07,3.65,3.78,4.22,3.78,3.94,4.68,17,var16,1
15.55,16.46,21.26,14.83,22.87,30.45,3.62,3.76,4.18,3.85,3.96,4.68,18,var17,1
13.61,16.2,20.75,14.02,23.23,30.68,3.67,3.76,4.2,3.77,3.96,4.69,18,var17,1
17.95,17.62,21.24,15.12,22.51,31.08,3.67,3.76,4.24,3.8,3.99,4.6,18,var17,1
14.44,16.13,21.14,14.02,22.83,30.85,3.62,3.72,4.16,3.83,3.96,4.64,19,var18,1
14.36,15.68,20.43,14.49,23.19,30.82,3.68,3.78,4.24,3.81,3.92,4.63,19,var18,1
15.1,15.83,20.51,13.78,24.1,32.23,3.68,3.76,4.18,3.82,3.97,4.75,19,var18,1
17.28,20.56,27.4,17.71,29.33,38.84,3.6,3.78,4.26,3.83,4.01,4.72,20,var19,1
16.76,19.2,25.2,15.75,25.53,34.42,3.68,3.79,4.24,3.84,4.01,4.67,20,var19,1
15.11,16.87,22.29,15.49,23.82,31.71,3.66,3.78,4.25,3.78,3.99,4.61,20,var19,1
13.77,13.99,18.98,13.33,20.57,27.8,3.65,3.78,4.22,3.79,3.97,4.61,21,var20,1
40.18,15.14,19.77,-7.3,20.19,29.16,3.32,3.75,4.23,4.24,4.13,4.75,21,var20,1
16.14,16.32,21.36,14.14,21.33,28.58,3.66,3.77,4.22,3.77,3.93,4.56,21,var20,1
14.62,14.83,20.02,13.86,22.03,29.48,3.66,3.82,4.23,3.83,3.96,4.64,22,var21,1
15.18,15.54,19.15,14.57,22.03,27.99,3.64,3.78,4.22,3.8,3.96,4.67,22,var21,1
14.69,14.99,19.24,14.03,21.68,28.04,3.63,3.76,4.2,3.82,3.98,4.63,22,var21,1
15.18,15.74,20.43,15.17,21.95,28.79,3.65,3.8,4.22,3.84,3.99,4.69,23,var22,1
15.8,14.74,20.03,13.68,20.95,29.11,3.59,3.8,4.22,3.81,3.97,4.6,23,var22,1
14.05,15.83,21.26,13.92,23.07,31.98,3.67,3.79,4.25,3.84,3.97,4.62,23,var22,1
17.14,18.64,23.76,15.97,26.38,35.27,3.61,3.77,4.25,3.83,3.94,4.67,24,var23,1
15.03,17.37,22.94,15.51,24.51,33.73,3.71,3.84,4.3,3.83,3.99,4.74,24,var23,1
14.84,16.48,22.89,15.08,24.04,33.72,3.7,3.83,4.29,3.82,4.03,4.74,24,var23,1
15.73,18.46,24.56,16.19,25.06,34.98,3.63,3.72,4.19,3.79,3.97,4.74,25,var24,1
15.71,18.18,24.98,15.52,26.11,35.7,3.64,3.79,4.24,3.82,4.0,4.75,25,var24,1
16.75,18.71,25.64,16.08,27.07,37.12,3.65,3.8,4.27,3.8,3.96,4.76,25,var24,1
17.59,19.29,23.99,16.48,27.27,33.86,3.64,3.83,4.17,3.81,3.91,4.73,26,var25,1
15.89,17.14,22.47,15.4,24.09,32.17,3.62,3.73,4.21,3.79,3.96,4.7,26,var25,1
15.47,17.0,22.56,14.51,24.31,32.01,3.64,3.78,4.23,3.76,3.92,4.65,26,var25,1
14.18,15.56,20.55,14.31,22.88,30.99,3.63,3.75,4.19,3.83,3.97,4.6,27,var26,1
15.78,15.66,20.32,14.65,21.67,28.44,3.61,3.75,4.18,3.82,4.01,4.63,27,var26,1
14.57,14.87,19.13,12.52,20.3,27.42,3.62,3.75,4.2,3.82,3.97,4.6,27,var26,1
16.37,18.3,22.81,16.25,24.96,31.62,3.62,3.68,4.19,3.8,3.96,4.64,28,var27,1
14.81,16.71,21.72,15.51,24.35,31.08,3.63,3.74,4.23,3.78,3.93,4.6,28,var27,1
14.98,15.92,20.55,13.32,21.33,28.61,3.59,3.73,4.2,3.79,3.91,4.58,28,var27,1
14.43,14.88,19.95,12.97,21.69,29.84,3.66,3.8,4.27,3.82,3.99,4.64,29,var28,1
14.12,15.9,20.78,13.92,22.83,30.6,3.66,3.77,4.27,3.78,3.92,4.61,29,var28,1
14.32,16.15,21.9,13.63,23.3,31.59,3.66,3.77,4.24,3.8,3.94,4.61,29,var28,1
16.97,19.6,25.19,16.15,27.48,34.64,3.63,3.75,4.23,3.81,3.95,4.65,30,var29,1
15.19,17.63,23.18,15.49,25.14,33.57,3.64,3.74,4.2,3.77,3.93,4.65,30,var29,1
15.55,18.33,23.41,14.87,24.92,33.52,3.65,3.74,4.23,3.83,3.95,4.73,30,var29,1
14.34,16.4,20.68,13.67,23.02,29.34,3.63,3.68,4.07,3.79,3.86,4.65,31,var30,1
15.12,16.03,20.24,14.58,22.49,29.03,3.57,3.27,3.34,3.71,3.72,5.44,31,var30,1
14.55,15.59,20.1,14.04,21.59,28.7,3.63,3.72,4.15,3.79,3.94,4.67,31,var30,1
16.19,18.8,25.11,16.35,26.15,35.5,3.65,3.78,4.24,3.82,3.96,4.7,32,var31,1
16.87,19.29,25.57,16.24,26.11,34.99,3.65,3.77,4.24,3.77,3.91,4.65,32,var31,1
16.64,19.13,25.88,15.61,26.31,36.34,3.63,3.78,4.23,3.77,3.96,4.7,32,var31,1
17.91,19.94,25.68,15.84,26.56,35.27,3.63,3.76,4.21,3.79,3.91,4.63,33,var32,1
15.95,17.45,23.47,16.35,26.98,37.02,3.64,3.73,4.24,3.83,4.0,4.69,33,var32,1
15.96,18.0,24.16,15.4,25.79,34.78,3.63,3.78,4.21,3.84,3.97,4.69,33,var32,1
14.81,16.47,20.5,15.48,24.21,30.8,3.66,3.76,4.23,3.83,3.96,4.6,34,var33,1
16.16,15.31,19.85,14.12,22.13,28.56,3.6,3.66,4.11,3.82,3.87,4.62,34,var33,1
14.75,15.96,20.71,13.99,22.18,29.29,3.6,3.71,4.15,3.79,3.97,4.66,34,var33,1
14.68,16.68,22.42,15.54,24.13,32.93,3.64,3.77,4.26,3.8,3.97,4.66,35,var34,1
16.32,17.03,23.29,15.17,25.7,34.62,3.62,3.81,4.28,3.81,3.99,4.69,35,var34,1
15.13,18.17,23.44,17.18,25.81,34.04,3.64,3.74,4.26,3.79,3.95,4.63,35,var34,1
17.18,17.61,23.14,15.94,25.26,33.09,3.62,3.79,4.27,3.84,4.01,4.69,36,var35,1
14.66,16.16,21.13,15.1,24.05,32.66,3.65,3.79,4.27,3.83,3.99,4.67,36,var35,1
13.97,14.97,20.06,15.3,22.51,29.75,3.63,3.76,4.26,3.82,4.01,4.66,36,var35,1
14.59,15.15,20.19,11.95,20.41,28.2,3.6,3.77,4.24,3.83,3.97,4.6,37,var36,1
14.64,15.97,21.48,14.54,22.84,30.32,3.61,3.76,4.23,3.82,3.99,4.65,37,var36,1
14.3,16.37,21.71,14.79,23.65,31.46,3.63,3.75,4.16,3.81,3.96,4.64,37,var36,1
14.09,14.11,19.02,13.56,20.21,27.4,3.64,3.79,4.25,3.79,3.93,4.6,38,var37,1
14.13,15.57,20.34,12.62,21.65,28.36,3.63,3.75,4.21,3.88,3.99,4.67,38,var37,1
16.58,16.39,21.8,16.15,23.79,29.96,3.59,3.75,4.2,3.84,3.97,4.64,38,var37,1
15.67,17.45,22.68,15.93,25.12,32.38,3.6,3.73,4.21,3.81,3.99,4.66,39,var38,1
15.71,17.33,23.7,14.53,23.22,30.81,3.63,3.75,4.21,3.87,4.02,4.7,39,var38,1
17.36,18.67,25.14,14.64,24.79,33.34,3.58,3.75,4.23,3.86,4.03,4.74,39,var38,1
16.16,18.0,24.34,15.59,26.0,35.68,3.63,3.77,4.25,3.84,3.99,4.68,40,var39,1
15.88,18.12,24.17,16.14,25.06,34.87,3.61,3.73,4.21,3.81,3.98,4.71,40,var39,1
15.47,17.22,23.02,15.84,25.65,35.1,3.61,3.74,4.22,3.8,3.96,4.73,40,var39,1
17.07,20.39,26.02,16.22,27.33,37.74,3.62,3.72,4.22,3.83,3.98,4.81,41,var40,1
16.57,18.88,25.36,15.84,26.15,35.91,3.63,3.73,4.23,3.82,4.03,4.75,41,var40,1
16.47,18.03,24.46,14.7,25.72,35.16,3.59,3.75,4.22,3.86,4.0,4.79,41,var40,1
15.52,18.61,24.16,15.74,25.06,32.95,3.62,3.72,4.2,3.77,3.91,4.68,42,var41,1
16.43,18.75,24.06,15.97,25.7,32.98,3.59,3.72,4.22,3.74,3.88,4.58,42,var41,1
16.5,18.32,23.75,16.84,24.79,33.25,3.59,3.67,4.18,3.79,3.95,4.62,42,var41,1
16.07,17.75,23.02,14.88,24.47,32.75,3.61,3.72,4.16,3.79,3.95,4.65,43,var42,1
16.87,16.64,21.24,15.97,23.29,30.56,3.56,3.69,4.11,3.77,3.95,4.55,43,var42,1
15.46,15.13,19.67,13.96,20.49,27.43,3.57,3.71,4.16,3.8,3.94,4.53,43,var42,1
15.6,17.3,22.43,16.83,23.84,30.94,3.56,3.61,4.08,3.72,3.93,4.74,44,var43,1
14.72,17.12,21.51,15.84,23.45,30.49,3.58,3.57,4.03,3.8,3.92,4.55,44,var43,1
13.3,14.52,19.34,14.45,21.75,28.49,3.58,3.7,4.23,3.8,3.99,4.52,44,var43,1
14.48,15.04,20.7,14.14,21.97,29.08,3.62,3.75,4.17,3.76,3.88,4.52,45,var44,1
14.54,15.31,20.99,14.66,22.83,30.85,3.62,3.75,4.19,3.77,3.96,4.5,45,var44,1
14.02,15.71,21.32,13.16,22.35,30.81,3.63,3.74,4.22,3.77,3.91,4.55,45,var44,1
16.94,17.96,23.69,15.84,24.84,32.09,3.58,3.75,4.18,3.81,4.0,4.64,46,var45,1
17.17,17.14,22.68,14.21,23.79,32.02,3.6,3.77,4.23,3.85,4.0,4.67,46,var45,1
15.04,17.01,22.44,13.85,23.34,31.4,3.6,3.74,4.22,3.8,3.98,4.68,46,var45,1
18.0,15.76,22.6,14.84,24.67,32.62,3.57,3.75,4.15,3.83,3.99,4.7,47,var46,1
14.75,16.6,22.21,14.68,23.77,31.78,3.63,3.73,4.16,3.75,3.95,4.69,47,var46,1
15.49,16.94,21.71,13.76,22.49,30.0,3.61,3.71,4.17,3.82,4.05,4.71,47,var46,1
15.33,17.46,23.02,15.52,25.5,32.87,3.61,3.75,4.17,3.8,3.93,4.66,48,var47,1
14.38,17.15,23.35,15.73,24.35,33.38,3.61,3.7,4.12,3.79,3.89,4.67,48,var47,1
17.17,18.6,24.26,16.62,26.03,33.89,3.6,3.7,4.16,3.79,3.94,4.77,48,var47,1
15.53,17.76,23.76,16.66,27.73,36.43,3.67,3.8,4.25,3.81,3.94,4.62,49,var48,1
16.7,18.11,23.74,15.77,25.74,35.63,3.62,3.73,4.2,3.88,4.01,4.76,49,var48,1
16.67,17.68,23.51,16.14,25.95,34.86,3.63,3.81,4.26,3.81,3.96,4.62,49,var48,1
15.14,16.59,22.0,15.01,23.6,31.37,3.61,3.75,4.24,3.84,3.99,4.74,50,var49,1
15.31,16.89,22.42,14.65,24.33,33.26,3.62,3.76,4.24,3.84,3.99,4.76,50,var49,1
14.96,17.69,23.68,15.82,25.16,34.05,3.63,3.69,4.16,3.73,3.92,4.68,50,var49,1
16.2,16.51,21.6,14.87,23.16,31.15,3.6,3.77,4.19,3.8,3.97,4.71,51,var50,1
15.09,16.39,21.64,14.9,23.75,31.48,3.61,3.77,4.27,3.77,3.93,4.65,51,var50,1
15.04,15.89,21.38,13.67,23.22,31.73,3.63,3.81,4.25,3.82,3.99,4.67,51,var50,1
14.21,16.36,21.37,15.49,23.88,32.19,3.61,3.72,4.18,3.81,3.94,4.5,52,var51,1
14.92,15.46,20.4,13.66,23.07,32.04,3.58,3.76,4.2,3.89,3.98,4.55,52,var51,1
13.85,15.41,20.74,14.3,23.38,31.77,3.63,3.75,4.2,3.84,3.96,4.55,52,var51,1
16.4,16.36,21.27,15.23,23.78,31.33,3.5,3.59,4.09,3.79,4.01,4.84,53,var52,1
16.52,17.27,21.69,16.82,23.08,30.65,3.45,3.48,4.04,3.8,4.07,5.03,53,var52,1
14.45,15.46,20.04,15.0,22.24,28.99,3.55,3.56,4.0,3.74,4.06,5.1,53,var52,1
14.67,15.44,20.62,12.83,21.17,28.92,3.6,3.73,4.18,3.83,3.97,4.61,54,var53,1
16.1,16.83,22.44,14.87,23.21,30.69,3.58,3.72,4.18,3.88,4.0,4.62,54,var53,1
17.41,18.61,24.31,15.22,24.44,32.63,3.58,3.74,4.16,3.85,4.0,4.67,54,var53,1
17.57,20.15,25.13,16.66,26.7,34.72,3.56,3.7,4.22,3.77,4.04,4.76,55,var54,1
17.32,19.42,25.53,17.43,28.09,36.56,3.6,3.78,4.25,3.88,4.05,4.8,55,var54,1
16.83,18.65,24.58,17.13,27.38,36.66,3.62,3.77,4.25,3.85,4.03,4.75,55,var54,1
15.76,18.2,25.05,15.98,25.99,35.21,3.59,3.77,4.25,3.86,4.02,4.85,56,var55,1
16.15,20.09,26.54,16.76,27.87,38.56,3.63,3.73,4.24,3.84,4.01,4.81,56,var55,1
16.88,20.07,26.25,17.6,28.65,38.07,3.61,3.75,4.24,3.86,3.97,4.79,56,var55,1
17.58,20.26,26.77,19.85,32.31,42.39,3.63,3.76,4.28,3.83,4.0,4.88,57,var56,1
16.5,19.2,24.37,18.76,28.98,39.22,3.59,3.72,4.22,3.86,4.01,4.87,57,var56,1
15.28,17.9,24.26,16.64,26.67,36.63,3.59,3.73,4.18,3.79,4.02,4.83,57,var56,1
17.0,19.96,25.38,18.09,28.94,38.01,3.62,3.72,4.21,3.82,4.07,4.82,58,var57,1
18.76,20.62,26.27,18.95,29.91,39.12,3.55,3.68,4.19,3.8,4.03,4.84,58,var57,1
16.53,18.68,25.19,18.2,29.89,39.49,3.6,3.77,4.28,3.84,3.95,4.81,58,var57,1
16.92,17.31,22.41,15.7,24.74,32.34,3.57,3.69,4.16,3.86,4.0,4.77,59,var58,1
15.28,16.58,22.2,14.18,23.13,31.39,3.59,3.71,4.2,3.81,4.02,4.72,59,var58,1
16.78,17.74,22.31,15.53,23.89,31.21,3.58,3.72,4.2,3.85,3.99,4.75,59,var58,1
16.18,16.61,21.27,15.19,22.41,28.96,3.55,3.65,4.1,3.85,4.09,4.8,60,var59,1
17.7,16.91,21.64,14.35,22.52,30.12,3.49,3.54,3.9,3.8,4.0,4.89,60,var59,1
17.5,18.62,23.71,16.52,24.43,31.31,3.51,3.6,4.09,3.73,4.02,4.96,60,var59,1
15.19,17.27,21.66,14.16,22.37,29.65,3.58,3.69,4.18,3.81,4.0,4.67,61,var60,1
24.35,18.05,21.46,14.5,21.65,29.2,3.55,3.68,4.13,3.83,4.01,4.7,61,var60,1
14.95,15.83,20.89,12.9,20.88,28.24,3.59,3.73,4.2,3.82,3.95,4.67,61,var60,1
13.87,15.64,20.55,13.68,22.69,29.99,3.6,3.71,4.19,3.77,3.96,4.69,62,var61,1
14.3,14.82,19.78,13.51,21.35,30.01,3.61,3.77,4.23,3.83,4.0,4.68,62,var61,1
14.69,15.83,20.45,13.51,20.95,28.83,3.59,3.73,4.18,3.87,4.02,4.69,62,var61,1
17.76,19.77,25.91,20.03,26.71,35.71,3.6,3.73,4.2,3.77,3.97,4.76,63,var62,1
16.28,18.11,23.97,17.82,26.79,35.51,3.61,3.77,4.24,3.76,3.95,4.7,63,var62,1
15.78,17.87,22.92,15.67,25.22,33.35,3.59,3.73,4.23,3.81,3.96,4.75,63,var62,1
15.36,18.49,23.99,17.61,26.98,34.87,3.66,3.74,4.21,3.83,4.02,4.76,64,var63,1
16.16,17.64,23.48,15.62,26.13,35.0,3.63,3.77,4.2,3.83,3.95,4.73,64,var63,1
16.2,18.12,23.34,16.47,25.9,33.96,3.61,3.76,4.22,3.77,3.91,4.64,64,var63,1
14.97,17.49,23.36,15.63,24.45,33.25,3.62,3.75,4.19,3.81,3.97,4.71,65,var64,1
14.12,17.32,22.73,15.54,25.46,34.64,3.63,3.71,4.2,3.82,4.01,4.75,65,var64,1
15.17,17.77,23.66,15.86,24.58,33.68,3.64,3.74,4.24,3.75,3.96,4.68,65,var64,1
16.37,19.09,24.97,16.69,25.88,34.28,3.61,3.74,4.22,3.8,3.99,4.76,66,var65,1
15.08,18.4,25.21,14.9,25.3,34.78,3.63,3.76,4.23,3.81,3.99,4.77,66,var65,1
15.99,19.13,25.29,16.9,27.29,36.3,3.62,3.74,4.23,3.81,3.97,4.72,66,var65,1
14.29,15.48,20.05,14.21,22.1,29.39,3.6,3.73,4.2,3.84,4.03,4.74,67,var66,1
13.9,15.45,20.38,14.5,21.4,29.72,3.61,3.72,4.18,3.86,4.02,4.76,67,var66,1
14.23,15.48,20.71,13.38,20.84,28.42,3.6,3.74,4.2,3.8,4.0,4.7,67,var66,1
13.52,14.5,18.78,13.88,21.38,28.69,3.59,3.76,4.22,3.83,4.01,4.66,68,var67,1
13.16,14.29,19.21,13.95,21.87,29.44,3.63,3.79,4.22,3.83,4.02,4.63,68,var67,1
14.93,14.52,19.77,12.95,21.38,29.05,3.59,3.76,4.18,3.79,4.03,4.7,68,var67,1
16.28,17.87,22.2,16.35,24.17,31.15,3.53,3.62,4.13,3.82,3.96,4.76,69,var68,1
15.51,16.42,20.98,14.56,23.61,30.35,3.49,3.57,4.08,3.82,4.02,4.9,69,var68,1
15.22,15.59,20.29,14.54,21.68,28.94,3.59,3.7,4.1,3.75,3.98,4.77,69,var68,1
14.92,16.69,21.6,15.35,23.05,30.45,3.58,3.73,4.18,3.77,4.08,4.79,70,var69,1
15.52,16.57,21.66,14.92,24.22,31.73,3.58,3.72,4.18,3.81,4.08,4.87,70,var69,1
14.94,16.12,21.25,14.19,23.72,32.17,3.56,3.69,4.19,3.84,4.04,4.79,70,var69,1
26.22,27.5,31.5,26.18,36.09,40.58,3.56,3.68,4.25,3.88,4.0,4.98,71,var70,1
26.17,25.77,30.18,26.01,34.94,41.22,3.55,3.73,4.25,3.88,4.07,5.09,71,var70,1
23.87,24.18,30.26,25.46,34.57,41.42,3.6,3.82,4.32,3.82,4.04,5.16,71,var70,1
18.24,19.6,27.44,19.76,32.64,45.97,3.6,3.83,4.59,3.76,4.06,5.42,72,var71,1
18.31,22.6,32.61,19.63,33.55,49.29,3.62,3.87,4.88,3.82,4.18,5.68,72,var71,1
20.53,27.66,39.65,21.56,36.76,53.21,3.63,3.96,5.29,3.81,4.2,5.85,72,var71,1
18.53,23.71,33.65,14.34,25.5,35.06,3.62,3.89,4.97,3.8,4.0,4.78,73,var56,2
17.91,21.76,29.83,16.61,28.86,39.38,3.64,3.81,4.55,3.81,4.02,4.85,73,var56,2
18.19,21.14,28.39,19.97,31.49,42.19,3.6,3.75,4.36,3.78,4.04,4.92,73,var56,2
18.85,22.09,30.86,19.46,34.17,48.04,3.6,3.82,4.76,3.84,4.18,5.75,74,var17,2
21.76,28.53,39.72,22.34,36.35,51.84,3.59,3.95,5.4,3.86,4.27,5.98,74,var17,2
22.88,32.58,46.29,22.44,38.0,54.83,3.64,4.07,5.92,3.85,4.3,6.1,74,var17,2
16.12,16.91,21.67,14.91,23.66,32.91,3.54,3.66,4.08,3.82,4.11,5.0,75,var15,2
16.35,17.1,22.41,15.22,25.09,34.35,3.53,3.62,4.08,3.82,4.06,5.11,75,var15,2
15.4,16.72,22.99,15.61,24.76,34.6,3.58,3.64,3.97,3.8,4.07,5.06,75,var15,2
15.4,15.9,20.5,14.79,23.39,30.58,3.58,3.68,4.07,3.84,3.99,4.75,76,var48,2
16.49,16.56,20.6,14.65,21.55,29.22,3.55,3.66,4.06,3.84,4.03,4.75,76,var48,2
15.43,15.95,20.5,14.34,22.03,29.41,3.55,3.68,4.03,3.83,4.05,4.9,76,var48,2
13.71,13.06,18.13,13.01,19.41,27.63,3.56,3.68,4.09,3.81,3.98,4.7,77,var28,2
14.21,14.42,18.66,11.93,19.79,27.32,3.57,3.66,4.05,3.85,4.02,4.78,77,var28,2
13.96,13.0,17.69,11.74,19.28,26.22,3.6,3.7,4.08,3.81,4.0,4.71,77,var28,2
14.52,15.28,18.69,13.38,21.49,27.76,3.59,3.68,4.19,3.8,3.98,4.7,78,var41,2
13.58,14.69,21.5,11.98,20.43,28.67,3.59,3.69,4.18,3.82,4.02,4.72,78,var41,2
13.64,13.35,19.37,11.07,19.42,27.78,3.58,3.62,4.07,3.83,3.96,4.7,78,var41,2
15.47,18.21,24.72,15.94,26.17,35.2,3.55,3.71,4.13,3.81,4.01,4.76,79,var69,2
16.22,18.54,25.2,16.12,26.26,35.63,3.57,3.67,4.07,3.77,3.97,4.73,79,var69,2
15.58,18.74,24.97,17.12,27.01,36.55,3.61,3.68,4.1,3.79,4.0,4.77,79,var69,2
17.58,16.29,21.32,13.58,22.39,30.95,3.44,3.51,3.9,3.75,3.92,4.71,80,var32,2
15.6,17.72,23.63,15.52,25.14,34.1,3.59,3.7,4.11,3.82,3.99,4.73,80,var32,2
14.71,17.71,24.06,16.11,25.79,34.72,3.6,3.7,4.12,3.78,3.96,4.72,80,var32,2
16.09,17.26,22.66,16.65,27.26,35.8,3.59,3.68,4.14,3.74,3.95,4.73,81,var63,2
15.47,16.78,22.14,15.53,25.45,35.05,3.59,3.68,4.12,3.73,3.94,4.73,81,var63,2
16.01,16.78,21.66,14.54,24.48,33.05,3.61,3.71,4.13,3.8,3.96,4.71,81,var63,2
16.76,20.24,25.54,17.01,28.25,37.2,3.58,3.62,4.09,3.8,3.98,4.75,82,var21,2
15.67,18.71,24.97,15.78,25.71,36.08,3.64,3.69,4.15,3.77,3.97,4.75,82,var21,2
17.47,19.51,26.3,15.11,26.61,36.65,3.6,3.71,4.18,3.81,3.96,4.74,82,var21,2
14.11,13.82,19.35,13.94,22.38,30.07,3.6,3.72,4.11,3.76,3.93,4.69,83,var51,2
14.59,14.34,19.57,12.75,21.09,29.19,3.6,3.69,4.11,3.79,4.0,4.74,83,var51,2
14.0,15.28,19.75,13.56,22.75,29.62,3.61,3.62,4.07,3.73,3.84,4.69,83,var51,2
16.13,14.87,20.06,14.19,22.65,30.63,3.59,3.74,4.14,3.78,3.96,4.77,84,var42,2
13.98,14.49,19.26,12.26,20.79,29.42,3.62,3.69,4.13,3.79,4.01,4.8,84,var42,2
13.67,14.6,18.78,11.44,21.17,30.14,3.59,3.7,4.12,3.8,3.96,4.79,84,var42,2
19.36,23.93,32.29,14.74,24.8,33.05,3.61,3.87,4.97,3.8,3.99,4.8,85,var66,2
17.46,19.6,25.95,15.43,25.85,35.34,3.61,3.79,4.56,3.78,4.01,4.86,85,var66,2
15.46,17.87,23.25,16.6,25.67,34.65,3.6,3.73,4.35,3.74,3.99,4.87,85,var66,2
18.18,22.5,30.26,19.36,34.07,48.08,3.6,3.78,4.69,3.84,4.25,5.97,86,var1,2
18.04,21.97,31.28,21.25,35.28,52.22,3.59,3.81,4.8,3.82,4.34,6.18,86,var1,2
21.49,27.74,40.04,19.79,35.96,54.46,3.54,3.76,5.41,3.77,4.4,6.58,86,var1,2
15.71,17.21,22.74,14.71,24.69,34.36,3.58,3.68,4.17,3.78,4.01,4.91,87,var26,2
15.75,17.75,23.12,15.79,25.61,35.33,3.56,3.65,4.13,3.76,4.04,5.0,87,var26,2
16.21,18.68,24.99,16.77,27.53,38.8,3.58,3.7,4.21,3.83,4.14,5.16,87,var26,2
17.16,19.79,25.61,17.5,27.79,36.52,3.61,3.7,4.15,3.82,4.07,4.88,88,var35,2
18.59,19.64,25.7,16.83,28.66,38.02,3.58,3.68,4.12,3.81,3.99,4.78,88,var35,2
18.45,20.15,25.6,16.3,26.33,34.22,3.58,3.69,4.15,3.79,3.99,4.81,88,var35,2
18.64,19.7,25.61,18.47,27.0,35.1,3.61,3.73,4.14,3.81,3.99,4.82,89,var47,2
17.76,20.81,27.3,23.44,29.23,38.31,3.57,3.66,4.09,3.73,4.06,4.79,89,var47,2
18.42,20.39,26.92,18.42,27.46,35.74,3.6,3.69,4.09,3.78,3.99,4.8,89,var47,2
17.25,18.67,24.35,15.97,25.92,35.53,3.56,3.64,4.09,3.81,4.03,4.81,90,var6,2
16.96,18.49,23.82,15.36,25.36,35.53,3.61,3.64,4.11,3.86,4.06,4.91,90,var6,2
16.38,17.15,23.09,14.45,24.73,35.29,3.64,3.73,4.13,3.83,4.05,4.84,90,var6,2
16.92,18.65,23.52,15.58,26.73,37.49,3.58,3.65,4.16,3.81,4.13,5.03,91,var58,2
16.79,18.54,23.5,16.02,26.22,36.31,3.52,3.43,3.89,3.8,4.15,5.22,91,var58,2
15.53,18.96,24.61,19.11,30.34,39.52,3.66,3.62,4.08,3.7,3.91,4.79,91,var58,2
20.95,28.54,42.91,18.45,32.52,47.31,3.66,4.14,6.04,3.86,4.3,6.05,92,var52,2
23.87,35.11,53.75,18.53,31.53,42.23,3.68,4.32,6.86,3.83,4.22,5.57,92,var52,2
24.15,35.82,51.83,16.01,25.04,34.09,3.68,4.24,6.63,3.77,4.12,4.98,92,var52,2
13.65,14.11,18.53,13.18,22.31,31.94,3.64,3.71,4.25,3.78,4.07,5.08,93,var38,2
14.12,15.07,19.51,13.87,22.18,32.13,3.63,3.74,4.28,3.78,4.07,5.17,93,var38,2
15.39,15.27,20.89,15.44,24.55,34.91,3.61,3.75,4.34,3.78,4.11,5.32,93,var38,2
14.02,15.14,20.49,13.0,22.42,30.06,3.63,3.73,4.19,3.79,3.96,4.8,94,var30,2
14.79,15.34,20.34,13.2,20.98,29.81,3.62,3.71,4.12,3.83,4.03,4.89,94,var30,2
14.13,15.33,20.42,12.67,20.48,28.31,3.66,3.72,4.19,3.82,4.04,4.8,94,var30,2
17.41,19.16,24.81,17.18,27.96,36.96,3.61,3.69,4.14,3.79,3.94,4.73,95,var8,2
16.12,18.68,24.23,15.47,26.08,35.81,3.64,3.69,4.13,3.83,4.03,4.79,95,var8,2
16.32,18.31,24.35,14.8,25.2,34.63,3.6,3.67,4.11,3.78,3.96,4.77,95,var8,2
15.51,17.57,23.28,16.66,26.03,34.46,3.61,3.7,4.14,3.78,3.98,4.71,96,var68,2
15.32,18.04,23.98,14.83,25.9,35.57,3.6,3.64,4.12,3.82,4.04,4.81,96,var68,2
16.2,19.23,25.85,16.2,27.9,38.07,3.62,3.7,4.14,3.77,4.0,4.81,96,var68,2
16.65,20.44,26.6,16.85,29.78,40.39,3.6,3.63,4.18,3.81,3.99,4.8,97,var14,2
16.66,20.4,27.1,17.68,28.95,38.49,3.59,3.67,4.17,3.76,3.98,4.76,97,var14,2
16.3,19.72,26.61,16.95,27.15,36.25,3.64,3.71,4.21,3.77,3.97,4.71,97,var14,2
15.88,17.23,23.15,15.29,26.17,35.84,3.58,3.69,4.16,3.78,4.0,4.89,98,var45,2
15.2,16.84,22.86,14.98,25.63,36.32,3.62,3.68,4.15,3.76,4.0,4.84,98,var45,2
16.55,18.73,24.43,15.8,27.8,38.81,3.62,3.7,4.13,3.84,4.04,4.94,98,var45,2
24.89,38.58,58.95,18.3,30.32,42.7,3.69,4.35,7.07,3.78,4.25,5.76,99,var3,2
25.01,36.93,54.13,15.5,24.49,31.69,3.69,4.27,6.63,3.78,4.11,4.89,99,var3,2
21.06,27.45,38.38,14.1,22.39,29.33,3.63,3.99,5.52,3.73,3.97,4.64,99,var3,2
14.55,13.22,18.22,20.48,23.44,31.09,3.61,3.85,4.26,3.73,4.01,5.18,100,var36,2
13.34,14.34,19.51,13.56,24.24,36.3,3.67,3.76,4.44,3.83,4.17,5.5,100,var36,2
13.61,15.91,21.84,15.74,26.72,38.99,3.64,3.76,4.57,3.75,4.14,5.64,100,var36,2
17.04,18.66,24.01,17.19,26.44,34.48,3.55,3.45,3.81,3.65,3.93,4.98,101,var49,2
15.82,17.29,22.22,15.03,24.08,31.54,3.6,3.59,4.07,3.77,4.0,4.86,101,var49,2
14.83,16.45,20.82,12.98,22.96,30.19,3.63,3.7,4.14,3.77,3.99,4.89,101,var49,2
16.88,18.68,23.69,16.11,25.2,33.25,3.57,3.55,3.89,3.78,3.98,4.79,102,var71,2
18.2,18.66,23.31,15.9,24.79,32.98,3.57,3.56,4.01,3.76,3.95,4.87,102,var71,2
17.69,18.49,23.77,15.98,25.13,34.31,3.56,3.57,4.02,3.79,4.07,4.9,102,var71,2
18.1,19.93,24.57,16.47,23.79,30.86,3.6,3.64,4.07,3.85,4.03,4.8,103,var59,2
15.73,17.5,22.28,14.82,23.47,31.21,3.59,3.64,4.11,3.73,3.95,4.67,103,var59,2
15.8,17.32,23.0,14.83,23.29,32.24,3.59,3.51,4.09,3.78,3.98,4.76,103,var59,2
15.76,17.6,22.66,14.33,23.52,32.66,3.64,3.73,4.15,3.78,3.99,4.74,104,var20,2
16.53,18.29,23.69,15.23,26.12,33.02,3.61,3.63,4.05,3.78,3.87,4.81,104,var20,2
17.6,18.22,23.62,16.81,26.05,33.03,3.59,3.6,3.98,3.76,3.85,4.71,104,var20,2
16.6,17.68,23.46,16.29,25.5,32.96,3.61,3.54,4.02,3.73,3.88,4.87,105,var31,2
16.94,19.82,25.06,16.6,26.31,33.47,3.61,3.62,4.09,3.8,3.9,4.7,105,var31,2
16.62,18.31,23.5,15.46,24.99,33.21,3.6,3.64,4.07,3.78,3.93,4.67,105,var31,2
14.6,16.57,22.62,14.05,24.97,34.06,3.65,3.77,4.2,3.81,3.99,4.73,106,var55,2
17.84,17.12,22.6,9.45,23.52,32.1,3.57,3.73,4.17,3.66,3.95,4.68,106,var55,2
15.95,17.25,22.27,15.27,23.94,31.67,3.64,3.74,4.18,3.83,4.01,4.69,106,var55,2
16.86,18.39,24.09,15.32,24.68,33.81,3.6,3.65,4.09,3.76,3.95,4.72,107,var0,2
16.66,18.97,24.75,16.96,26.02,33.62,3.58,3.58,3.97,3.72,3.84,4.65,107,var0,2
17.43,19.38,24.8,16.45,26.06,34.86,3.56,3.51,3.9,3.75,3.97,4.8,107,var0,2
14.07,15.37,20.23,13.6,22.55,30.22,3.64,3.72,4.15,3.75,3.93,4.7,108,var19,2
14.9,16.35,21.31,13.77,22.79,30.33,3.6,3.6,4.01,3.78,3.98,4.72,108,var19,2
15.56,17.38,23.02,16.1,24.97,33.53,3.62,3.67,4.09,3.73,3.92,4.71,108,var19,2
13.79,13.76,17.84,13.08,22.07,29.59,3.63,3.7,4.17,3.77,3.99,4.85,109,var65,2
12.39,12.86,17.12,11.99,21.0,29.35,3.67,3.73,4.17,3.8,4.03,4.75,109,var65,2
12.91,12.59,16.59,12.5,20.27,27.68,3.61,3.66,4.14,3.72,3.97,4.69,109,var65,2
21.4,27.45,37.01,16.33,23.68,31.66,3.64,3.98,5.41,3.79,4.05,4.75,110,var10,2
17.63,20.74,27.97,14.93,25.04,33.96,3.65,3.89,4.87,3.82,4.02,4.86,110,var10,2
14.82,17.55,23.37,14.48,23.21,31.64,3.64,3.77,4.51,3.72,3.93,4.75,110,var10,2
16.86,20.88,28.24,18.02,32.41,46.76,3.66,3.78,4.54,3.8,4.13,5.43,111,var43,2
17.11,21.31,29.33,18.85,32.95,47.94,3.64,3.81,4.69,3.8,4.17,5.66,111,var43,2
17.35,22.88,33.19,18.48,33.4,49.49,3.64,3.84,5.02,3.8,4.21,5.82,111,var43,2
16.49,17.34,23.23,16.2,25.71,34.67,3.63,3.75,4.23,3.73,3.93,4.77,112,var62,2
16.53,18.6,25.04,15.99,27.26,38.03,3.63,3.7,4.21,3.78,4.02,4.87,112,var62,2
17.77,19.3,25.78,17.08,29.96,41.11,3.55,3.62,4.19,3.86,4.14,5.07,112,var62,2
18.67,25.21,35.36,21.22,36.23,51.28,3.63,3.84,4.87,3.79,4.15,5.62,113,var5,2
22.25,31.68,48.08,20.73,36.19,53.94,3.63,4.02,5.6,3.75,4.15,5.72,113,var5,2
25.49,36.26,54.2,18.9,31.66,43.91,3.63,4.07,5.91,3.76,4.12,5.45,113,var5,2
21.78,23.67,29.05,23.68,33.02,40.2,3.54,3.44,3.85,3.61,3.91,5.14,114,var70,2
22.27,25.14,31.05,25.13,36.95,45.37,3.58,3.65,4.22,3.78,4.01,5.25,114,var70,2
23.61,24.84,31.68,24.95,34.9,44.38,3.62,3.78,4.41,3.75,4.0,5.23,114,var70,2
14.23,14.08,18.62,11.8,20.22,27.69,3.59,3.66,4.09,3.72,3.89,4.66,115,var29,2
15.51,14.7,19.45,12.89,21.27,29.19,3.6,3.71,4.19,3.71,3.97,4.7,115,var29,2
14.91,15.6,20.89,12.81,22.16,29.38,3.61,3.7,4.15,3.76,3.99,4.8,115,var29,2
14.01,12.82,17.49,11.29,17.93,25.02,3.6,3.69,4.12,3.7,3.9,4.59,116,var12,2
12.88,13.09,17.46,10.95,17.73,25.16,3.64,3.7,4.15,3.74,3.96,4.65,116,var12,2
15.09,14.18,18.89,11.05,18.64,26.33,3.61,3.71,4.13,3.77,3.98,4.67,116,var12,2
16.24,18.07,22.74,15.28,23.67,30.44,3.58,3.53,3.91,3.71,3.95,4.8,117,var54,2
16.67,17.44,21.3,15.61,21.73,28.42,3.39,2.7,3.36,3.5,3.59,4.36,117,var54,2
18.18,16.71,21.0,14.98,20.74,26.44,3.38,2.91,3.57,3.56,4.17,5.22,117,var54,2
15.59,18.31,23.55,15.69,24.86,32.46,3.6,3.62,4.07,3.78,3.96,4.75,118,var39,2
16.47,18.83,23.88,14.95,24.21,32.29,3.61,3.63,4.08,3.81,4.0,4.73,118,var39,2
17.33,17.96,23.34,14.88,24.21,32.37,3.6,3.66,4.12,3.79,3.99,4.72,118,var39,2
14.48,16.04,20.98,12.52,21.95,30.04,3.62,3.7,4.13,3.81,4.0,4.74,119,var61,2
16.92,17.49,21.87,15.04,23.35,30.72,3.61,3.7,4.11,3.77,3.97,4.73,119,var61,2
16.24,16.8,21.48,14.23,21.74,29.95,3.61,3.68,4.14,3.74,3.94,4.65,119,var61,2
15.62,16.97,22.09,12.48,23.72,32.28,3.63,3.64,4.14,3.74,3.98,4.75,120,var23,2
17.11,17.59,23.47,15.96,25.44,33.18,3.6,3.65,4.12,3.79,3.98,4.74,120,var23,2
18.38,20.02,25.91,17.21,26.87,35.97,3.61,3.66,4.09,3.72,3.91,4.68,120,var23,2
15.43,17.68,23.09,15.63,25.82,33.36,3.67,3.7,4.17,3.79,3.95,4.68,121,var4,2
17.5,17.68,22.56,13.85,23.75,31.51,3.61,3.67,4.12,3.77,3.94,4.75,121,var4,2
15.05,16.8,21.61,14.53,22.56,30.63,3.6,3.63,4.11,3.77,3.99,4.75,121,var4,2
15.68,15.83,21.39,15.69,22.9,30.89,3.59,3.7,4.17,3.74,4.01,4.77,122,var13,2
14.73,15.49,21.1,14.17,23.18,31.2,3.62,3.7,4.18,3.8,4.01,4.68,122,var13,2
15.8,16.18,21.8,13.52,21.62,30.27,3.65,3.77,4.23,3.78,3.97,4.66,122,var13,2
15.7,16.67,22.21,15.71,23.64,31.37,3.6,3.6,4.04,3.76,3.95,4.7,123,var60,2
14.64,16.72,22.41,14.8,23.3,31.02,3.62,3.62,4.05,3.73,3.82,4.5,123,var60,2
16.15,17.38,22.73,15.41,25.39,33.31,3.56,3.44,3.77,3.89,3.91,4.7,123,var60,2
15.85,15.79,20.36,14.61,22.5,28.15,3.53,3.37,3.72,3.73,3.96,5.06,124,var34,2
16.44,15.83,20.92,13.68,21.82,29.06,3.53,3.41,4.07,3.71,3.89,4.96,124,var34,2
15.79,17.56,21.97,15.72,22.69,30.37,3.59,3.66,4.08,3.76,3.99,4.74,124,var34,2
14.04,14.25,18.88,11.53,20.26,27.41,3.64,3.72,4.15,3.81,3.94,4.7,125,var16,2
13.04,13.13,17.47,10.89,18.28,25.29,3.61,3.63,4.09,3.74,4.01,4.68,125,var16,2
13.51,13.33,18.29,11.13,18.3,25.5,3.63,3.72,4.14,3.78,3.98,4.65,125,var16,2
18.54,16.39,21.0,13.28,22.06,29.85,3.67,3.71,4.17,3.79,4.01,4.8,126,var44,2
14.7,14.97,19.53,12.81,21.57,30.01,3.63,3.75,4.2,3.8,3.98,4.73,126,var44,2
13.86,13.92,18.78,14.02,21.92,28.85,3.63,3.69,4.15,3.79,3.96,4.74,126,var44,2
16.97,19.55,25.53,16.32,28.9,39.76,3.62,3.7,4.19,3.78,4.01,4.82,127,var64,2
17.82,20.11,25.57,17.49,29.66,39.2,3.59,3.63,4.08,3.82,4.02,4.84,127,var64,2
17.0,18.83,23.95,17.72,27.97,36.55,3.43,3.08,3.36,3.66,4.08,5.52,127,var64,2
15.63,18.08,23.23,14.57,22.7,30.26,3.64,3.82,4.5,3.77,3.95,4.71,128,var27,2
16.49,16.53,21.82,16.01,26.16,35.43,3.62,3.72,4.31,3.78,3.98,4.8,128,var27,2
15.98,17.99,23.33,16.18,27.98,38.12,3.6,3.7,4.22,3.78,4.01,4.85,128,var27,2
14.78,17.24,22.54,14.82,24.08,31.99,3.64,3.73,4.21,3.79,3.97,4.7,129,var40,2
16.1,15.33,19.94,13.84,20.78,28.18,3.62,3.75,4.16,3.78,3.93,4.68,129,var40,2
14.68,14.01,17.43,13.12,19.91,25.51,3.64,3.76,4.18,3.8,3.97,4.66,129,var40,2
15.77,18.45,23.6,15.43,24.86,34.16,3.47,3.05,3.69,3.72,3.97,5.0,130,var67,2
15.46,18.54,25.19,15.45,26.37,35.24,3.58,3.55,3.98,3.74,3.97,4.89,130,var67,2
15.97,18.08,24.17,14.27,24.51,35.09,3.59,3.66,4.13,3.84,4.06,4.84,130,var67,2
14.88,16.7,21.14,14.92,22.96,29.93,3.59,3.64,4.09,3.77,3.95,4.68,131,var33,2
14.84,15.86,20.54,14.15,22.4,29.25,3.61,3.71,4.17,3.8,3.97,4.71,131,var33,2
15.59,15.96,20.62,13.33,21.12,28.82,3.57,3.67,4.12,3.73,3.94,4.66,131,var33,2
12.71,12.17,16.26,10.95,18.1,24.6,3.65,3.75,4.15,3.81,4.01,4.64,132,var11,2
13.66,13.33,16.76,9.91,18.7,24.62,3.61,3.69,4.13,3.81,3.95,4.66,132,var11,2
14.68,13.94,17.53,12.13,19.0,24.83,3.6,3.69,4.12,3.76,3.95,4.67,132,var11,2
16.04,17.69,23.2,15.45,24.85,32.96,3.63,3.67,4.08,3.78,3.97,4.71,133,var2,2
15.9,18.01,22.65,14.15,22.8,30.68,3.57,3.56,3.99,3.75,3.91,4.74,133,var2,2
16.7,18.09,21.66,12.48,21.81,29.42,3.59,3.56,3.96,3.77,3.91,4.62,133,var2,2
16.49,18.1,24.66,17.05,27.55,35.55,3.57,3.53,3.68,3.77,3.94,4.68,134,var24,2
15.83,18.82,24.5,17.09,26.48,35.38,3.53,3.28,3.66,3.68,3.69,4.63,134,var24,2
18.55,19.13,24.24,15.84,26.07,34.8,3.57,3.62,4.05,3.86,4.05,4.91,134,var24,2
15.4,15.36,20.46,11.97,21.03,30.19,3.59,3.7,4.1,3.81,4.06,4.8,135,var53,2
15.51,17.35,22.96,11.95,23.2,32.49,3.61,3.65,4.1,3.84,4.04,4.85,135,var53,2
16.16,18.48,24.63,14.35,24.69,34.16,3.63,3.71,4.16,3.81,4.03,4.81,135,var53,2
15.53,16.14,20.09,14.45,23.59,32.17,3.64,3.7,4.14,3.8,4.03,4.95,136,var18,2
16.48,17.06,21.6,14.64,23.67,32.23,3.63,3.74,4.15,3.82,4.04,4.92,136,var18,2
15.95,16.58,21.67,15.74,25.03,33.03,3.63,3.74,4.15,3.82,4.04,4.92,136,var18,2
15.2,15.39,20.38,13.99,24.06,34.9,3.64,3.75,4.26,3.8,4.14,5.31,137,var37,2
15.82,15.96,20.42,15.41,26.01,36.63,3.62,3.76,4.32,3.76,4.21,5.58,137,var37,2
15.05,14.98,19.78,15.89,27.41,39.18,3.63,3.79,4.42,3.8,4.21,5.85,137,var37,2
15.84,17.26,22.16,16.73,26.33,34.07,3.63,3.71,4.19,3.76,3.98,4.91,138,var7,2
15.92,16.24,20.95,14.55,23.85,31.99,3.62,3.71,4.19,3.79,3.99,4.92,138,var7,2
15.06,14.65,19.15,12.9,21.43,29.96,3.62,3.68,4.14,3.77,4.03,4.92,138,var7,2
17.57,18.93,25.19,15.97,25.98,34.77,3.57,3.66,4.1,3.76,3.97,4.73,139,var25,2
17.52,19.57,25.77,16.39,27.79,36.43,3.59,3.62,4.06,3.88,4.03,4.82,139,var25,2
16.85,18.48,25.19,16.56,26.11,34.8,3.57,3.64,4.01,3.78,3.99,4.78,139,var25,2
15.15,16.23,20.95,14.25,21.63,28.32,3.62,3.69,4.13,3.76,3.93,4.62,140,var50,2
15.1,16.45,21.86,14.0,22.76,29.87,3.59,3.6,3.91,3.81,3.98,4.93,140,var50,2
16.31,16.98,22.67,14.87,23.1,30.85,3.59,3.62,4.08,3.74,4.03,5.22,140,var50,2
14.04,12.76,17.38,11.35,18.62,25.46,3.59,3.68,4.12,3.83,4.01,4.7,141,var57,2
13.98,13.02,16.89,11.27,17.84,24.64,3.59,3.7,4.11,3.79,3.97,4.63,141,var57,2
12.3,12.62,16.57,10.44,16.88,23.71,3.6,3.66,4.13,3.78,4.0,4.65,141,var57,2
14.66,14.98,19.78,12.8,20.81,28.36,3.59,3.71,4.12,3.79,3.99,4.76,142,var9,2
14.63,15.38,20.31,13.56,20.99,28.54,3.59,3.68,4.15,3.77,3.99,4.71,142,var9,2
15.29,15.76,21.22,13.64,21.6,29.23,3.57,3.72,4.14,3.76,3.97,4.63,142,var9,2
15.76,17.62,24.36,15.91,26.37,35.26,3.61,3.65,4.07,3.73,4.0,4.92,143,var46,2
17.5,18.27,24.61,15.82,26.69,36.14,3.58,3.62,4.05,3.77,3.93,4.78,143,var46,2
17.0,19.23,24.65,15.49,25.41,34.02,3.55,3.42,3.87,3.75,4.09,5.25,143,var46,2
11.74,12.98,16.84,13.37,19.1,25.18,3.69,3.75,4.24,3.74,3.92,4.6,144,var22,2
14.94,13.38,17.72,13.39,20.43,27.59,3.63,3.73,4.13,3.78,3.99,4.67,144,var22,2
13.4,15.17,19.89,14.26,23.05,31.37,3.67,3.7,4.18,3.74,3.95,4.66,144,var22,2
14.4,14.12,17.42,12.66,18.68,23.73,3.59,3.7,4.12,3.77,3.97,4.65,145,var68,3
14.84,15.09,19.46,14.66,20.42,26.25,3.58,3.69,4.08,3.79,3.98,4.69,145,var68,3
15.09,17.0,22.03,14.67,22.48,29.92,3.59,3.69,4.14,3.75,3.95,4.69,145,var68,3
15.29,19.97,26.57,16.9,27.72,38.16,3.54,3.65,4.12,3.88,3.98,4.78,146,var61,3
17.57,20.67,27.46,19.36,29.51,38.3,3.57,3.69,4.1,3.84,4.04,4.78,146,var61,3
20.37,21.56,26.22,18.56,24.82,35.11,3.49,3.51,3.93,3.94,4.01,4.72,146,var61,3
16.97,17.28,21.77,14.9,23.11,30.16,3.51,3.57,4.0,3.87,4.03,4.73,147,var25,3
15.27,16.43,21.06,13.34,21.39,29.56,3.58,3.66,4.09,3.82,4.03,4.74,147,var25,3
14.13,16.39,21.36,14.17,23.02,30.27,3.59,3.65,4.06,3.78,4.0,4.75,147,var25,3
13.18,12.73,16.52,10.48,17.93,24.62,3.57,3.66,4.03,3.83,4.04,4.74,148,var51,3
12.46,11.99,16.16,10.79,18.24,24.16,3.57,3.7,4.11,3.76,3.98,4.65,148,var51,3
12.62,12.67,17.07,10.24,18.25,24.72,3.56,3.68,4.07,3.84,4.0,4.69,148,var51,3
15.28,15.92,20.36,13.68,22.0,29.8,3.56,3.67,4.1,3.81,4.02,4.81,149,var34,3
14.64,16.61,21.6,15.08,24.3,31.98,3.61,3.68,3.99,3.81,4.01,4.85,149,var34,3
14.75,17.25,22.87,14.9,25.61,33.67,3.57,3.56,3.89,3.74,3.86,4.88,149,var34,3
18.53,20.0,26.09,23.83,26.87,35.56,3.53,3.68,4.1,3.79,4.13,5.15,150,var43,3
17.43,19.91,26.12,16.8,28.84,37.93,3.58,3.72,4.17,3.79,4.11,5.03,150,var43,3
16.69,18.16,24.36,14.54,28.65,37.96,3.59,3.7,4.12,3.87,4.11,5.16,150,var43,3
16.05,16.51,21.05,17.83,29.56,40.72,3.57,3.76,4.33,3.88,4.2,5.65,151,var11,3
16.94,17.66,22.65,16.99,29.93,42.8,3.57,3.78,4.56,3.82,4.26,5.93,151,var11,3
17.68,18.76,25.54,18.95,33.12,46.3,3.59,3.89,4.95,3.81,4.35,6.28,151,var11,3
32.53,52.87,79.93,17.42,26.71,34.44,3.6,4.69,8.97,3.78,4.22,5.23,152,var20,3
30.63,42.9,62.16,12.67,21.08,26.35,3.62,4.54,7.75,3.84,4.03,4.71,152,var20,3
21.84,32.39,43.84,13.74,20.2,25.55,3.67,4.17,6.37,3.73,4.04,4.69,152,var20,3
15.97,16.71,19.2,13.8,20.72,27.0,3.6,3.64,4.05,3.77,4.02,4.86,153,var58,3
16.34,16.04,19.13,14.42,20.68,28.03,3.57,3.65,4.08,3.87,4.11,5.0,153,var58,3
16.52,17.36,19.59,16.42,21.95,27.09,3.6,3.67,4.14,3.75,4.01,4.94,153,var58,3
13.29,14.01,17.78,14.94,23.03,31.91,3.61,3.71,4.22,3.76,4.08,5.34,154,var40,3
14.15,15.4,19.26,15.61,24.9,34.22,3.64,3.75,4.37,3.79,4.17,5.61,154,var40,3
15.31,16.54,21.57,16.23,27.68,39.52,3.58,3.77,4.59,3.81,4.24,6.05,154,var40,3
26.32,41.55,64.3,21.79,38.24,56.12,3.66,4.45,8.11,3.81,4.46,7.24,155,var54,3
32.18,52.27,78.87,20.38,33.57,46.0,3.66,4.75,9.22,3.8,4.34,6.24,155,var54,3
28.13,41.54,59.86,16.51,25.55,30.65,3.63,4.52,7.77,3.76,4.07,4.91,155,var54,3
17.02,18.75,23.2,17.46,30.5,41.63,3.56,3.69,4.25,3.89,4.13,5.3,156,var32,3
16.17,17.89,22.31,17.26,28.27,38.02,3.55,3.61,4.04,3.79,4.0,5.09,156,var32,3
16.35,17.78,22.65,17.69,27.62,36.9,3.58,3.62,4.03,3.79,4.03,5.09,156,var32,3
15.17,14.66,18.56,14.2,22.12,28.34,3.57,3.64,3.88,3.81,3.94,4.89,157,var22,3
14.34,13.43,17.16,14.34,21.11,27.14,3.54,3.57,3.97,3.68,4.05,5.06,157,var22,3
13.44,13.37,16.99,11.82,19.13,26.42,3.59,3.73,4.09,3.82,4.05,4.77,157,var22,3
15.01,16.8,22.31,14.61,23.05,32.21,3.59,3.67,4.09,3.74,4.04,4.84,158,var3,3
14.99,18.18,23.25,14.97,25.36,33.47,3.58,3.61,4.09,3.78,3.97,4.8,158,var3,3
16.89,18.95,24.46,15.72,25.78,35.07,3.55,3.63,4.09,3.81,4.03,4.92,158,var3,3
17.74,19.22,25.5,16.31,26.18,35.09,3.48,3.34,3.42,3.74,3.83,5.02,159,var31,3
18.06,20.98,27.22,18.57,28.02,37.38,3.36,3.3,3.89,3.53,4.33,6.0,159,var31,3
17.74,20.83,27.11,18.81,29.67,38.53,3.56,3.61,4.04,3.76,3.95,4.87,159,var31,3
13.89,15.07,19.6,13.82,21.83,28.54,3.61,3.73,4.21,3.73,3.95,4.65,160,var64,3
12.7,14.3,18.07,12.89,19.26,25.0,3.64,3.71,4.17,3.75,3.96,4.6,160,var64,3
12.62,13.37,16.83,10.95,17.42,23.17,3.63,3.74,4.19,3.77,3.95,4.66,160,var64,3
12.23,11.77,16.05,10.65,16.53,21.64,3.61,3.75,4.24,3.86,3.92,4.59,161,var39,3
11.81,13.73,16.97,12.27,17.51,22.58,3.65,3.72,4.3,3.75,3.96,4.66,161,var39,3
14.12,14.12,18.74,11.6,18.77,24.81,3.6,3.74,4.21,3.72,3.88,4.59,161,var39,3
17.7,19.87,25.87,18.12,27.96,37.02,3.56,3.59,4.06,3.73,3.91,4.89,162,var42,3
17.05,19.52,25.29,16.94,27.45,36.68,3.56,3.57,3.98,3.81,4.01,4.82,162,var42,3
17.93,19.24,24.21,17.77,27.32,35.93,3.44,3.23,3.72,3.75,3.99,5.06,162,var42,3
16.69,19.0,24.68,18.58,26.76,35.56,3.48,3.49,3.94,3.69,4.05,4.97,163,var60,3
18.6,18.85,24.63,16.59,26.24,34.33,3.51,3.6,4.0,3.75,4.01,4.86,163,var60,3
16.69,17.95,23.16,8.9,21.44,31.09,3.58,3.66,4.13,3.74,3.87,4.65,163,var60,3
12.98,12.79,16.33,12.61,19.77,26.4,3.6,3.7,4.11,3.74,3.96,4.93,164,var2,3
14.52,13.34,16.52,12.07,20.77,29.28,3.58,3.67,4.14,3.77,4.04,5.11,164,var2,3
14.98,14.23,17.62,13.44,21.92,30.78,3.57,3.53,4.02,3.76,4.06,5.53,164,var2,3
16.15,19.91,28.05,19.77,35.29,52.02,3.65,3.86,4.91,3.81,4.33,6.45,165,var50,3
19.51,27.19,40.69,22.43,40.71,62.24,3.62,4.02,5.92,3.72,4.4,7.1,165,var50,3
23.97,38.35,59.69,24.44,44.5,65.84,3.64,4.32,7.49,3.75,4.52,7.45,165,var50,3
18.91,22.43,29.55,16.21,25.74,34.99,3.63,3.91,5.2,3.79,4.04,4.97,166,var10,3
16.24,18.69,23.67,15.74,27.27,37.56,3.6,3.75,4.53,3.79,4.02,5.04,166,var10,3
16.04,15.91,20.59,17.4,28.44,38.06,3.6,3.73,4.24,3.8,3.99,5.1,166,var10,3
13.57,14.19,17.55,13.94,21.99,30.08,3.62,3.69,4.11,3.73,4.0,4.9,167,var28,3
13.91,13.47,16.78,13.53,20.81,28.05,3.62,3.7,4.1,3.76,4.01,4.92,167,var28,3
14.18,13.72,16.97,13.18,19.93,25.56,3.61,3.71,4.08,3.75,3.98,4.81,167,var28,3
16.72,15.71,18.48,15.37,20.81,26.88,3.61,3.67,4.09,3.81,4.03,4.82,168,var71,3
15.84,14.7,18.09,12.86,20.77,28.14,3.62,3.72,4.1,3.77,4.06,4.86,168,var71,3
15.62,15.56,17.97,14.24,20.35,25.72,3.56,3.6,4.0,3.77,4.06,4.93,168,var71,3
14.71,15.68,19.47,16.01,20.93,26.47,3.63,3.68,4.07,3.78,3.96,4.59,169,var35,3
16.42,16.64,19.57,12.76,19.7,25.76,3.56,3.66,4.05,3.79,4.01,4.62,169,var35,3
16.09,16.12,18.89,14.29,18.59,23.6,3.57,3.66,4.05,3.74,3.98,4.54,169,var35,3
14.08,12.99,16.7,10.46,16.49,21.36,3.61,3.71,4.06,3.8,3.96,4.59,170,var44,3
13.51,13.96,16.88,11.25,17.24,22.08,3.62,3.67,4.07,3.76,3.98,4.67,170,var44,3
14.89,14.45,17.46,11.66,17.39,22.49,3.6,3.71,4.08,3.78,3.94,4.57,170,var44,3
15.33,14.97,18.49,13.68,19.28,24.51,3.61,3.68,4.07,3.79,3.97,4.66,171,var0,3
14.35,16.02,19.6,13.61,20.33,25.64,3.6,3.61,4.04,3.72,3.91,4.74,171,var0,3
16.75,15.77,20.29,14.02,21.81,28.46,3.59,3.71,4.09,3.8,3.96,4.81,171,var0,3
15.81,16.05,20.15,15.06,23.23,31.33,3.57,3.65,4.1,3.76,4.01,5.06,172,var9,3
15.68,15.31,20.08,16.4,24.19,32.5,3.59,3.73,4.19,3.76,4.09,5.24,172,var9,3
16.03,16.56,20.93,15.14,26.0,35.35,3.57,3.69,4.2,3.79,4.11,5.43,172,var9,3
19.59,24.82,34.67,20.08,36.52,54.74,3.63,3.99,5.56,3.8,4.32,6.57,173,var52,3
22.72,34.19,53.6,21.27,38.55,59.18,3.59,4.22,6.9,3.73,4.4,6.89,173,var52,3
29.53,47.69,72.74,19.67,35.9,52.27,3.65,4.5,8.13,3.83,4.38,6.49,173,var52,3
17.45,20.83,27.87,15.01,24.38,33.93,3.63,3.88,4.98,3.72,4.0,4.83,174,var56,3
16.48,19.48,24.62,16.57,28.73,41.23,3.6,3.71,4.47,3.84,4.09,5.14,174,var56,3
18.63,20.67,25.83,17.69,30.91,43.92,3.56,3.62,4.19,3.75,4.08,5.28,174,var56,3
15.87,17.18,23.71,16.52,27.68,37.32,3.57,3.64,4.24,3.81,4.07,5.07,175,var67,3
16.05,18.56,25.32,16.49,26.36,36.66,3.59,3.89,5.09,3.75,4.0,5.03,175,var67,3
17.3,19.49,25.25,16.07,27.16,36.52,3.68,4.66,7.13,3.76,3.99,5.12,175,var67,3
14.53,14.76,18.48,14.55,21.46,28.29,3.61,3.69,4.14,3.78,3.98,4.78,176,var23,3
12.25,13.17,17.69,11.5,20.03,27.32,3.65,3.73,4.13,3.76,4.01,4.76,176,var23,3
13.32,12.23,15.78,11.75,18.48,24.85,3.62,3.72,4.12,3.78,3.99,4.77,176,var23,3
13.45,12.72,16.1,11.98,18.68,25.02,3.63,3.76,4.2,3.74,3.96,4.83,177,var17,3
13.56,13.14,16.71,12.89,19.79,25.98,3.57,3.7,4.19,3.78,3.96,4.87,177,var17,3
13.73,14.22,18.56,13.24,20.66,28.78,3.63,3.74,4.18,3.79,4.07,4.99,177,var17,3
16.51,16.93,22.28,16.35,27.17,37.26,3.55,3.51,4.16,3.73,4.05,5.65,178,var27,3
15.63,17.44,23.12,17.37,30.52,42.56,3.58,3.73,4.38,3.79,4.17,5.78,178,var27,3
16.77,17.55,24.54,19.16,31.77,45.47,3.57,3.8,4.66,3.81,4.29,5.99,178,var27,3
36.22,58.87,90.65,26.03,44.1,62.71,3.65,4.89,9.67,3.83,4.56,7.14,179,var53,3
32.07,51.87,77.45,17.13,28.76,38.26,3.61,4.65,8.7,3.78,4.21,5.48,179,var53,3
27.2,41.73,59.84,15.1,22.17,28.77,3.62,4.4,7.49,3.74,4.05,4.69,179,var53,3
15.32,15.65,19.39,14.07,24.67,34.53,3.53,3.69,4.3,3.75,4.01,4.94,180,var47,3
14.54,13.41,18.2,14.68,24.06,33.67,3.55,3.7,4.16,3.74,3.99,4.9,180,var47,3
15.6,14.84,19.02,14.42,23.86,33.83,3.53,3.67,4.11,3.77,4.01,4.87,180,var47,3
15.25,15.89,20.28,13.76,23.26,31.78,3.55,3.68,4.02,3.82,4.03,4.92,181,var12,3
15.15,15.43,19.56,13.12,22.47,29.85,3.56,3.63,4.0,3.83,3.99,4.87,181,var12,3
14.52,15.46,17.31,13.4,22.09,28.8,3.54,3.58,3.96,3.77,3.94,4.84,181,var12,3
17.13,17.08,20.88,15.37,23.6,29.06,3.5,3.59,4.02,3.75,3.91,4.75,182,var7,3
14.67,15.26,19.32,13.64,21.48,27.19,3.56,3.64,3.97,3.76,3.95,4.69,182,var7,3
17.11,15.58,18.41,14.37,21.25,26.02,3.52,3.57,3.86,3.75,3.87,4.57,182,var7,3
14.04,13.74,17.0,12.99,19.2,24.15,3.56,3.66,4.01,3.78,3.95,4.6,183,var59,3
14.12,13.17,16.6,11.95,17.59,22.94,3.56,3.66,4.02,3.76,3.93,4.58,183,var59,3
14.34,12.8,16.09,12.81,19.17,23.71,3.54,3.66,4.02,3.75,3.93,4.58,183,var59,3
17.11,15.94,19.59,12.42,19.57,25.15,3.51,3.64,4.06,3.76,3.93,4.58,184,var66,3
16.03,16.22,20.14,13.04,20.01,27.7,3.5,3.65,4.07,3.8,4.01,4.63,184,var66,3
17.09,14.71,19.71,13.91,21.56,28.06,3.51,3.66,4.08,3.75,3.98,4.64,184,var66,3
16.54,16.57,20.86,15.25,22.42,28.97,3.54,3.69,4.13,3.77,3.96,4.61,185,var57,3
15.86,15.77,20.78,14.72,21.59,29.48,3.53,3.68,4.14,3.79,3.97,4.66,185,var57,3
16.6,15.76,19.86,12.76,20.59,27.9,3.52,3.68,4.11,3.82,4.0,4.64,185,var57,3
16.21,17.78,21.67,15.47,22.46,27.24,3.55,3.64,4.05,3.77,3.94,4.57,186,var15,3
16.89,17.77,22.18,14.1,22.19,27.99,3.52,3.63,4.05,3.82,3.98,4.66,186,var15,3
16.84,17.24,21.21,12.99,21.56,27.5,3.55,3.63,4.04,3.82,4.02,4.64,186,var15,3
15.16,15.58,18.87,13.76,21.01,25.4,3.52,3.51,3.78,3.76,3.91,4.56,187,var49,3
16.52,15.45,18.71,12.48,18.97,25.27,3.5,3.6,4.0,3.77,3.95,4.63,187,var49,3
14.73,15.79,18.9,11.98,19.45,24.59,3.54,3.57,3.85,3.79,3.93,4.55,187,var49,3
16.59,16.22,19.64,15.57,21.32,25.73,3.51,3.54,3.8,3.8,3.94,4.62,188,var65,3
16.69,15.67,19.59,13.68,20.37,24.8,3.44,3.46,3.7,3.74,3.82,4.65,188,var65,3
16.45,15.01,18.86,11.92,19.54,25.67,3.46,3.57,3.92,3.77,3.94,4.67,188,var65,3
14.32,15.73,19.55,12.78,20.1,27.07,3.57,3.65,4.08,3.7,3.88,4.74,189,var26,3
14.75,14.48,18.52,12.65,20.55,27.53,3.53,3.68,4.05,3.71,3.93,4.87,189,var26,3
13.48,14.13,18.69,13.9,22.91,31.86,3.54,3.62,4.06,3.72,4.05,5.16,189,var26,3
15.47,16.58,21.16,15.47,25.4,34.67,3.53,3.81,4.97,3.71,4.04,5.26,190,var6,3
17.88,18.07,22.0,16.7,26.83,37.36,3.61,4.45,5.89,3.76,4.1,5.56,190,var6,3
15.59,16.64,20.94,16.29,28.81,42.15,3.54,3.76,4.57,3.76,4.22,5.97,190,var6,3
17.4,19.36,25.55,18.2,30.66,42.84,3.54,3.75,4.5,3.75,4.23,5.87,191,var16,3
16.82,20.19,26.22,19.76,34.12,48.3,3.54,3.77,4.76,3.85,4.3,6.33,191,var16,3
18.5,22.69,31.67,19.79,34.43,50.42,3.59,3.86,5.34,3.8,4.37,6.74,191,var16,3
30.75,48.26,70.96,17.37,29.07,38.02,3.65,4.78,9.1,3.81,4.28,5.56,192,var33,3
25.92,38.35,54.75,14.14,22.37,29.55,3.64,4.51,7.62,3.78,4.04,4.65,192,var33,3
22.27,28.16,38.65,13.98,22.43,29.36,3.58,4.19,6.19,3.81,4.01,4.72,192,var33,3
21.48,31.02,44.21,13.86,21.6,28.2,3.6,4.29,6.88,3.76,3.95,4.6,193,var5,3
19.38,24.6,33.4,15.29,26.46,35.29,3.58,4.07,5.68,3.79,4.03,4.89,193,var5,3
16.13,19.19,24.98,15.33,26.69,36.76,3.6,3.87,4.84,3.77,4.04,4.99,193,var5,3
14.13,15.16,20.67,15.92,26.79,35.96,3.57,3.65,4.07,3.79,4.0,4.98,194,var14,3
16.23,18.1,23.33,17.4,28.3,37.32,3.53,3.62,4.07,3.79,4.01,4.98,194,var14,3
15.84,18.54,24.1,17.1,28.4,38.22,3.58,3.69,4.16,3.78,4.03,4.99,194,var14,3
16.42,15.31,19.97,14.76,22.38,30.4,3.5,3.69,4.09,3.78,4.03,4.86,195,var69,3
15.58,16.18,20.13,14.65,23.71,30.86,3.52,3.67,4.11,3.8,4.04,4.85,195,var69,3
15.26,14.81,19.53,13.8,22.38,30.01,3.49,3.66,4.07,3.82,4.02,4.82,195,var69,3
15.25,14.9,19.1,15.53,22.29,29.46,3.53,3.77,4.66,3.77,3.98,4.68,196,var46,3
13.54,14.03,18.31,12.35,20.44,27.01,3.51,3.76,4.48,3.74,3.93,4.66,196,var46,3
13.89,14.74,19.91,12.22,19.65,27.59,3.55,3.71,4.19,3.74,3.94,4.74,196,var46,3
14.94,15.9,19.59,13.45,21.07,26.48,3.56,3.61,3.97,3.74,3.94,4.66,197,var62,3
15.37,15.15,18.51,13.32,19.32,24.95,3.5,3.52,3.82,3.74,3.87,4.68,197,var62,3
14.92,14.94,18.74,13.4,20.7,25.1,3.52,3.6,3.92,3.75,3.85,4.54,197,var62,3
15.02,14.7,18.36,13.96,20.72,26.64,3.5,3.6,3.99,3.77,3.97,4.64,198,var38,3
15.06,14.97,18.33,14.22,20.86,25.95,3.52,3.66,4.02,3.78,3.96,4.6,198,var38,3
15.77,14.3,18.37,15.21,20.25,25.88,3.49,3.58,3.9,3.68,3.91,4.68,198,var38,3
16.53,16.7,21.08,16.4,22.53,28.78,3.55,3.69,4.17,3.76,3.99,4.68,199,var24,3
16.94,17.7,21.93,14.92,24.17,29.36,3.57,3.65,4.02,3.78,3.93,4.65,199,var24,3
17.1,17.85,22.69,15.99,23.32,29.25,3.5,3.64,3.99,3.78,4.04,4.6,199,var24,3
13.93,14.57,18.83,12.09,20.72,27.83,3.56,3.68,4.15,3.78,4.0,4.65,200,var21,3
14.45,14.86,19.73,13.56,21.62,29.21,3.53,3.69,4.13,3.77,3.95,4.67,200,var21,3
14.38,15.72,20.15,13.63,21.55,28.28,3.52,3.61,4.07,3.79,3.98,4.66,200,var21,3
15.31,16.93,20.92,13.59,21.21,28.68,3.55,3.64,4.07,3.73,3.98,4.61,201,var37,3
16.37,16.08,20.42,13.09,21.12,28.58,3.52,3.65,4.15,3.8,3.95,4.62,201,var37,3
15.93,16.16,20.29,15.27,21.83,28.6,3.53,3.67,4.1,3.73,3.99,4.65,201,var37,3
27.14,28.88,33.03,28.3,35.06,36.74,3.54,3.64,4.07,3.8,3.89,4.66,202,var70,3
27.02,27.5,31.11,27.3,33.39,34.65,3.51,3.63,4.01,3.74,3.81,4.62,202,var70,3
29.01,27.9,30.95,25.52,31.37,35.28,3.51,3.65,4.06,3.73,3.89,4.57,202,var70,3
16.41,17.86,22.14,15.31,23.22,29.82,3.54,3.62,4.02,3.78,3.94,4.59,203,var13,3
16.84,18.27,22.18,15.39,22.23,28.64,3.51,3.6,4.06,3.71,3.9,4.55,203,var13,3
18.04,17.89,21.75,14.57,23.02,29.04,3.5,3.65,4.02,3.8,3.94,4.62,203,var13,3
15.42,16.22,19.7,14.77,22.37,28.12,3.5,3.55,3.84,3.75,3.96,4.99,204,var1,3
15.72,16.07,19.58,14.74,22.16,28.29,3.51,3.58,3.94,3.82,4.44,7.43,204,var1,3
16.23,16.14,19.84,13.35,21.07,26.86,3.5,3.64,4.06,3.86,4.25,5.32,204,var1,3
15.91,16.86,21.09,14.55,21.67,26.96,3.53,3.66,4.05,3.77,4.01,4.65,205,var45,3
15.47,14.79,18.8,12.37,19.45,25.89,3.52,3.69,4.12,3.83,4.04,4.7,205,var45,3
13.96,13.93,17.85,10.44,17.78,24.8,3.49,3.64,4.12,3.79,4.01,4.59,205,var45,3
15.47,15.77,20.29,13.25,20.65,27.03,3.51,3.63,4.03,3.75,3.99,4.69,206,var19,3
15.33,15.83,20.43,12.55,21.13,27.43,3.49,3.63,4.07,3.79,3.96,4.66,206,var19,3
17.74,16.74,21.7,13.13,20.99,27.49,3.45,3.65,4.11,3.76,3.98,4.61,206,var19,3
17.02,18.52,23.74,16.44,25.71,33.05,3.48,3.63,4.09,3.73,4.01,4.75,207,var48,3
16.79,19.12,24.34,15.53,24.89,32.72,3.5,3.64,4.05,3.75,3.96,4.71,207,var48,3
17.7,19.29,24.67,17.44,26.64,33.88,3.52,3.68,4.11,3.75,4.0,4.71,207,var48,3
15.46,17.36,22.16,15.76,24.16,31.73,3.52,3.61,4.08,3.72,3.97,4.78,208,var30,3
16.2,18.38,23.73,16.32,26.3,34.44,3.52,3.58,4.05,3.76,4.05,4.86,208,var30,3
17.59,18.44,23.83,16.47,25.3,32.48,3.51,3.68,4.11,3.75,4.0,4.87,208,var30,3
16.38,16.36,22.39,14.9,24.69,32.08,3.5,3.73,4.12,3.8,3.96,4.8,209,var4,3
16.34,17.54,23.65,14.79,25.03,32.64,3.52,3.68,4.07,3.76,3.96,4.74,209,var4,3
16.1,18.32,24.04,16.32,26.24,33.76,3.5,3.64,4.11,3.72,3.87,4.64,209,var4,3
15.89,18.89,24.83,16.65,26.5,33.31,3.58,3.71,4.17,3.75,3.95,4.74,210,var55,3
16.96,18.65,24.19,16.33,26.74,34.06,3.51,3.69,4.13,3.76,4.01,4.74,210,var55,3
16.15,18.04,24.3,15.12,25.91,34.75,3.52,3.7,4.14,3.78,4.0,4.75,210,var55,3
15.38,16.58,21.67,12.87,22.94,29.71,3.51,3.66,4.14,3.84,4.0,4.74,211,var36,3
14.19,15.73,20.23,13.34,21.89,28.12,3.48,3.62,4.1,3.81,3.95,4.68,211,var36,3
14.79,14.08,19.12,13.67,20.16,27.41,3.49,3.65,4.06,3.75,3.96,4.65,211,var36,3
13.61,12.29,17.15,10.97,19.78,26.23,3.52,3.68,4.12,3.81,3.98,4.64,212,var8,3
14.24,13.52,17.76,11.97,19.49,25.81,3.53,3.69,4.13,3.85,4.03,4.67,212,var8,3
13.73,14.49,18.7,11.58,20.01,26.3,3.53,3.65,4.08,3.75,3.94,4.59,212,var8,3
16.12,16.6,20.14,14.11,20.56,25.96,3.5,3.61,4.02,3.74,3.93,4.64,213,var41,3
14.25,14.76,18.86,13.38,21.05,26.66,3.54,3.58,3.91,3.79,3.89,4.56,213,var41,3
19.67,15.98,19.96,14.12,22.64,28.68,3.52,3.6,3.89,3.68,3.91,4.55,213,var41,3
16.58,17.17,21.62,14.73,23.64,30.2,3.49,3.57,3.93,3.8,3.89,4.66,214,var18,3
16.24,17.32,21.36,14.5,23.13,29.32,3.51,3.63,4.11,3.81,3.99,4.76,214,var18,3
16.19,16.38,21.3,15.42,23.55,30.15,3.48,3.66,4.1,3.78,3.95,4.66,214,var18,3
17.64,18.65,22.85,17.41,26.05,32.19,3.54,3.68,4.11,3.76,3.92,4.66,215,var29,3
18.01,19.28,23.46,16.69,26.76,33.27,3.5,3.6,4.01,3.82,3.96,4.62,215,var29,3
17.89,19.58,24.38,16.78,27.47,34.33,3.46,3.53,3.99,3.72,3.83,4.82,215,var29,3
14.33,15.81,19.67,13.87,21.69,28.28,3.56,3.7,4.14,3.79,3.96,4.57,216,var63,3
14.65,15.53,19.87,14.35,22.67,30.5,3.56,3.7,4.12,3.79,3.95,4.66,216,var63,3
14.91,16.09,19.84,13.34,21.2,28.28,3.55,3.67,4.13,3.76,3.93,4.59,216,var63,3
