layer1,layer2,layer3,layer4,layer5,layer6,layer7,layer8,layer9,layer10,layer11,layer12,layer13,layer14,depth1,depth2,depth3,depth4,depth5,depth6,depth7,depth8,depth9,depth10,depth11,depth12,depth13,
17.34785927,15.50772285,13.67053999,11.98552149,10.53552051,9.421518749,8.644536653,8.134710811,7.811279488,7.608034084,7.476635514,7.387706856,7.324397568,7.278020378,0.03125,0.10155,0.18945,0.29935,0.43665,0.6083,0.8229,1.0911,1.4264,1.8455,2.3693,3.0242,3.8427,
25.96930428,19.16149306,15.80003476,13.15702914,10.95182293,9.387027129,8.406893653,7.840677435,7.531821948,7.369739848,7.285443684,7.238508867,7.210325186,7.191140515,0.03125,0.10155,0.18945,0.29935,0.43665,0.6083,0.8229,1.0911,1.4264,1.8455,2.3693,3.0242,3.8427,
17.37106328,17.04971697,16.98427256,14.72710671,11.76000188,9.548362456,8.24198467,7.562580352,7.246376812,7.11997152,7.082654579,7.080648587,7.089684509,7.100759781,0.03125,0.10155,0.18945,0.29935,0.43665,0.6083,0.8229,1.0911,1.4264,1.8455,2.3693,3.0242,3.8427,
26.39706465,21.94811466,21.00443194,17.40129118,13.00880696,9.909820632,8.175946366,7.32976618,6.977393246,6.872852234,6.877579092,6.919457515,6.966699178,7.008199594,0.03125,0.10155,0.18945,0.29935,0.43665,0.6083,0.8229,1.0911,1.4264,1.8455,2.3693,3.0242,3.8427,
19.48634008,19.04000305,20.55371714,18.27719189,13.80891227,10.23614793,8.157937673,7.142857143,6.73718251,6.640988179,6.679580522,6.760868095,6.844158511,6.915151096,0.03125,0.10155,0.18945,0.29935,0.43665,0.6083,0.8229,1.0911,1.4264,1.8455,2.3693,3.0242,3.8427,
11.31516118,14.20111621,17.04651995,16.92219176,13.79139141,10.39901001,8.155276464,7.000350018,6.5333856,6.431695395,6.493928177,6.608511763,6.724497344,6.823144105,0.03125,0.10155,0.18945,0.29935,0.43665,0.6083,0.8229,1.0911,1.4264,1.8455,2.3693,3.0242,3.8427,
33.97546971,25.06831115,19.58940605,16.92591527,13.86174298,10.57551979,8.200082001,6.909417536,6.369832473,6.248828345,6.323110971,6.464541987,6.608948516,6.734006734,0.03125,0.10155,0.18945,0.29935,0.43665,0.6083,0.8229,1.0911,1.4264,1.8455,2.3693,3.0242,3.8427,
26.04709314,23.7659529,19.53468383,17.15001115,14.28836784,10.91262263,8.326394671,6.872379905,6.244146113,6.090875868,6.168650916,6.329915179,6.50026001,6.649378283,0.03125,0.10155,0.18945,0.29935,0.43665,0.6083,0.8229,1.0911,1.4264,1.8455,2.3693,3.0242,3.8427,
16.81152598,20.82292187,20.93933874,19.10511635,15.54798887,11.51609374,8.541168432,6.879471657,6.147792942,5.954153022,6.028454304,6.20578379,6.397952655,6.568575933,0.03125,0.10155,0.18945,0.29935,0.43665,0.6083,0.8229,1.0911,1.4264,1.8455,2.3693,3.0242,3.8427,
20.09081046,23.24338145,23.69331375,21.36569524,16.86710409,12.12856277,8.758868354,6.893699159,6.062810719,5.82954413,5.899008966,6.089763108,6.301991429,6.49266329,0.03125,0.10155,0.18945,0.29935,0.43665,0.6083,0.8229,1.0911,1.4264,1.8455,2.3693,3.0242,3.8427,
20.08032129,22.96316708,23.75409758,21.81691247,17.36472876,12.43626415,8.86446237,6.868603613,5.969080165,5.708088361,5.776340111,5.980503558,6.211951795,6.42137032,0.03125,0.10155,0.18945,0.29935,0.43665,0.6083,0.8229,1.0911,1.4264,1.8455,2.3693,3.0242,3.8427,
18.4569952,22.35536082,23.14707652,21.33469875,17.1538356,12.36506621,8.801267383,6.775526797,5.851717479,5.582849486,5.657388549,5.877167205,6.12782646,6.355662896,0.03125,0.10155,0.18945,0.29935,0.43665,0.6083,0.8229,1.0911,1.4264,1.8455,2.3693,3.0242,3.8427,
24.76596166,25.12625945,22.93209806,20.36784325,16.43871647,11.98063929,8.581481164,6.615069127,5.711674663,5.454049632,5.542929993,5.781015146,6.050704907,6.296039791,0.03125,0.10155,0.18945,0.29935,0.43665,0.6083,0.8229,1.0911,1.4264,1.8455,2.3693,3.0242,3.8427,
27.7592716,25.11363922,22.6295542,19.96565907,15.92762487,11.55762052,8.29806655,6.420545746,5.56142595,5.328218244,5.436850976,5.694112288,5.981934558,6.242976651,0.03125,0.10155,0.18945,0.29935,0.43665,0.6083,0.8229,1.0911,1.4264,1.8455,2.3693,3.0242,3.8427,
17.14471857,20.67995699,22.73192244,20.67824648,15.9182439,11.25365744,8.032128514,6.230917814,5.419760447,5.214579966,5.343878587,5.619240279,5.923468783,6.19885941,0.03125,0.10155,0.18945,0.29935,0.43665,0.6083,0.8229,1.0911,1.4264,1.8455,2.3693,3.0242,3.8427,
17.66784452,20.37489813,22.49718785,20.374483,15.49762886,10.89478902,7.787555486,6.067224851,5.300821627,5.121638924,5.268981506,5.560189046,5.877858109,6.164468006,0.03125,0.10155,0.18945,0.29935,0.43665,0.6083,0.8229,1.0911,1.4264,1.8455,2.3693,3.0242,3.8427,
28.46975089,24.50139658,22.25981658,19.00273639,14.58704087,10.45850067,7.572889057,5.942123715,5.214579966,5.056122965,5.217572785,5.519982336,5.847269325,6.14137444,0.03125,0.10155,0.18945,0.29935,0.43665,0.6083,0.8229,1.0911,1.4264,1.8455,2.3693,3.0242,3.8427,
19.75074559,20.95996646,20.05213555,17.44196187,13.73079405,10.08003548,7.411250278,5.862351976,5.166356685,5.022097228,5.192107996,5.500550055,5.83294447,6.130831954,0.03125,0.10155,0.18945,0.29935,0.43665,0.6083,0.8229,1.0911,1.4264,1.8455,2.3693,3.0242,3.8427,
32.36141225,28.45354958,22.09456474,17.21940972,13.21335606,9.794319295,7.301935013,5.827505828,5.157563567,5.021845026,5.194535349,5.503577325,5.83532707,6.132711885,0.03125,0.10155,0.18945,0.29935,0.43665,0.6083,0.8229,1.0911,1.4264,1.8455,2.3693,3.0242,3.8427,
23.23960028,24.58996238,19.79884375,15.64112992,12.36904276,9.467007479,7.219174126,5.832264085,5.187260089,5.055611729,5.225206396,5.528832863,5.855143744,6.147415012,0.03125,0.10155,0.18945,0.29935,0.43665,0.6083,0.8229,1.0911,1.4264,1.8455,2.3693,3.0242,3.8427,
38.46005923,30.52596233,19.26225561,14.22940649,11.50880424,9.152480322,7.17411579,5.879586077,5.256518082,5.123213279,5.283457495,5.575689992,5.8910162,6.173982836,0.03125,0.10155,0.18945,0.29935,0.43665,0.6083,0.8229,1.0911,1.4264,1.8455,2.3693,3.0242,3.8427,
35.77433549,27.22199537,17.14354288,13.02439469,10.92776746,8.981498114,7.204091924,5.976929054,5.364519071,5.222477543,5.367398422,5.642385601,5.941770648,6.211180124,0.03125,0.10155,0.18945,0.29935,0.43665,0.6083,0.8229,1.0911,1.4264,1.8455,2.3693,3.0242,3.8427,
18.68495301,18.40705358,15.07840772,12.73009649,10.94211621,9.065361255,7.332991127,6.123698714,5.50660793,5.348451623,5.472555136,5.725737189,6.004924038,6.257822278,0.03125,0.10155,0.18945,0.29935,0.43665,0.6083,0.8229,1.0911,1.4264,1.8455,2.3693,3.0242,3.8427,
31.64857423,22.21629788,16.89046533,13.88811733,11.53934918,9.355412106,7.528986598,6.298022421,5.6679703,5.491789774,5.592528382,5.821060597,6.077180188,6.311139161,0.03125,0.10155,0.18945,0.29935,0.43665,0.6083,0.8229,1.0911,1.4264,1.8455,2.3693,3.0242,3.8427,
12.99190604,14.13147928,15.16691187,14.35873873,12.08809806,9.637625289,7.702973348,6.458279514,5.82682671,5.639521769,5.719514985,5.922767117,6.15536132,6.369021081,0.03125,0.10155,0.18945,0.29935,0.43665,0.6083,0.8229,1.0911,1.4264,1.8455,2.3693,3.0242,3.8427,
22.36636099,19.86886549,18.98145512,16.2211264,12.67860992,9.762764815,7.763975155,6.559097468,5.960185958,5.778676683,5.845218611,6.026274557,6.23519142,6.428801029,0.03125,0.10155,0.18945,0.29935,0.43665,0.6083,0.8229,1.0911,1.4264,1.8455,2.3693,3.0242,3.8427,
17.99143608,17.4106832,17.39069945,15.2077377,12.04949934,9.411764706,7.630093087,6.574189731,6.055101423,5.901097604,5.963740458,6.126700159,6.313928526,6.488029585,0.03125,0.10155,0.18945,0.29935,0.43665,0.6083,0.8229,1.0911,1.4264,1.8455,2.3693,3.0242,3.8427,
17.90574416,15.62744179,14.98800959,13.28197636,10.88518309,8.803591865,7.372456503,6.525285481,6.116582054,6.00528465,6.072014087,6.220839813,6.388959877,6.544930951,0.03125,0.10155,0.18945,0.29935,0.43665,0.6083,0.8229,1.0911,1.4264,1.8455,2.3693,3.0242,3.8427,
17.93721973,15.839075,14.85310281,12.68729621,10.20428988,8.316008316,7.126567845,6.463706289,6.161049843,6.09570253,6.169412055,6.306760848,6.457862448,6.597611665,0.03125,0.10155,0.18945,0.29935,0.43665,0.6083,0.8229,1.0911,1.4264,1.8455,2.3693,3.0242,3.8427,
18.7726445,16.72492516,15.18280092,12.41912048,9.755145839,7.96812749,6.946373993,6.420545746,6.203089138,6.175507936,6.255473539,6.383250351,6.519754857,6.645401382,0.03125,0.10155,0.18945,0.29935,0.43665,0.6083,0.8229,1.0911,1.4264,1.8455,2.3693,3.0242,3.8427,
21.68915109,17.18213058,14.5241173,11.69549606,9.277298451,7.701786815,6.826404533,6.400409626,6.243756244,6.244146113,6.328713373,6.448284756,6.572893388,6.686726847,0.03125,0.10155,0.18945,0.29935,0.43665,0.6083,0.8229,1.0911,1.4264,1.8455,2.3693,3.0242,3.8427,
20.42817454,16.74284662,14.13367631,11.3391541,9.012256669,7.534659433,6.743997842,6.385288296,6.273525721,6.296436217,6.386103838,6.500682572,6.615944426,6.72088178,0.03125,0.10155,0.18945,0.29935,0.43665,0.6083,0.8229,1.0911,1.4264,1.8455,2.3693,3.0242,3.8427,
18.58494248,15.90684949,13.7498625,11.06121275,8.771160425,7.356727728,6.640988179,6.346788525,6.279434851,6.326311128,6.423845314,6.537656904,6.648494116,6.747183051,0.03125,0.10155,0.18945,0.29935,0.43665,0.6083,0.8229,1.0911,1.4264,1.8455,2.3693,3.0242,3.8427,
19.46093218,15.69021245,13.42678375,10.72857771,8.458090163,7.115918309,6.489292667,6.270378731,6.254299831,6.329915179,6.441638753,6.559527714,6.6693344,6.765442122,0.03125,0.10155,0.18945,0.29935,0.43665,0.6083,0.8229,1.0911,1.4264,1.8455,2.3693,3.0242,3.8427,
23.50121031,17.96945193,14.63336114,10.99710776,8.302889406,6.893223961,6.319115324,6.167889965,6.202704379,6.310740881,6.439979392,6.566850538,6.68002672,6.776445077,0.03125,0.10155,0.18945,0.29935,0.43665,0.6083,0.8229,1.0911,1.4264,1.8455,2.3693,3.0242,3.8427,
22.11900022,18.18843216,14.90690637,10.92323153,8.068420203,6.6653336,6.150061501,6.056935191,6.135722174,6.273919317,6.422607579,6.56167979,6.681365671,6.781040212,0.03125,0.10155,0.18945,0.29935,0.43665,0.6083,0.8229,1.0911,1.4264,1.8455,2.3693,3.0242,3.8427,
36.357026,22.33838181,15.37657225,10.54329605,7.717835919,6.433350489,5.997720866,5.952735282,6.064281383,6.226650062,6.394270733,6.546644845,6.675567423,6.780120686,0.03125,0.10155,0.18945,0.29935,0.43665,0.6083,0.8229,1.0911,1.4264,1.8455,2.3693,3.0242,3.8427,
24.48280083,18.5915074,13.64815068,9.69838037,7.324934076,6.238303182,5.879586077,5.865446654,5.995203837,6.174745292,6.359300477,6.525711303,6.664445185,6.775985906,0.03125,0.10155,0.18945,0.29935,0.43665,0.6083,0.8229,1.0911,1.4264,1.8455,2.3693,3.0242,3.8427,
30.8423033,20.35374814,13.6317784,9.433072352,7.157683774,6.14137444,5.804841238,5.794414185,5.929439668,6.120700208,6.320712976,6.501105188,6.650704975,6.768647624,0.03125,0.10155,0.18945,0.29935,0.43665,0.6083,0.8229,1.0911,1.4264,1.8455,2.3693,3.0242,3.8427,
26.48515507,19.16590003,13.26365493,9.304056569,7.101264025,6.090875868,5.741846578,5.724098454,5.862351976,6.06575276,6.280618013,6.475425759,6.635700066,6.760868095,0.03125,0.10155,0.18945,0.29935,0.43665,0.6083,0.8229,1.0911,1.4264,1.8455,2.3693,3.0242,3.8427,
29.02167919,20.36950278,13.82322855,9.498480243,7.11136396,6.024822268,5.652911249,5.637296353,5.789382273,6.010337781,6.242586928,6.451612903,6.622078008,6.754018641,0.03125,0.10155,0.18945,0.29935,0.43665,0.6083,0.8229,1.0911,1.4264,1.8455,2.3693,3.0242,3.8427,
33.29448976,22.42957115,14.91112967,9.838646202,7.087674534,5.893446488,5.518459246,5.530055854,5.712000914,5.958410296,6.209637357,6.432109089,6.611570248,6.749004522,0.03125,0.10155,0.18945,0.29935,0.43665,0.6083,0.8229,1.0911,1.4264,1.8455,2.3693,3.0242,3.8427,
32.66159323,22.87230393,15.3233221,9.818360334,6.879471657,5.676013168,5.350454789,5.417118093,5.642385601,5.917509912,6.18735305,6.420958007,6.60720185,6.747638327,0.03125,0.10155,0.18945,0.29935,0.43665,0.6083,0.8229,1.0911,1.4264,1.8455,2.3693,3.0242,3.8427,
27.58164166,20.52503027,14.00756408,9.07935355,6.457028475,5.42211137,5.196694902,5.329638118,5.597850425,5.897965202,6.180851721,6.420958007,6.609822196,6.751282744,0.03125,0.10155,0.18945,0.29935,0.43665,0.6083,0.8229,1.0911,1.4264,1.8455,2.3693,3.0242,3.8427,
42.22794645,23.42853127,13.55325753,8.49617672,6.150439756,5.276209571,5.128468127,5.303632989,5.595970901,5.908419498,6.195019205,6.434592369,6.621201086,6.760411033,0.03125,0.10155,0.18945,0.29935,0.43665,0.6083,0.8229,1.0911,1.4264,1.8455,2.3693,3.0242,3.8427,
41.09138725,22.77178121,13.29575068,8.478168716,6.210408645,5.343307507,5.187260089,5.355899523,5.643977876,5.950964056,6.230529595,6.462035541,6.640988179,6.774608766,0.03125,0.10155,0.18945,0.29935,0.43665,0.6083,0.8229,1.0911,1.4264,1.8455,2.3693,3.0242,3.8427,
24.26418848,18.91396039,13.45297513,9.081002543,6.615506748,5.587216449,5.344164173,5.468365506,5.731644409,6.020107158,6.283380459,6.50026001,6.668000267,6.793016779,0.03125,0.10155,0.18945,0.29935,0.43665,0.6083,0.8229,1.0911,1.4264,1.8455,2.3693,3.0242,3.8427,
29.40484592,21.55079522,14.79202414,9.740892266,6.970584135,5.809225049,5.503880236,5.594405594,5.83498658,6.103143119,6.346385733,6.54535934,6.69926978,6.814310051,0.03125,0.10155,0.18945,0.29935,0.43665,0.6083,0.8229,1.0911,1.4264,1.8455,2.3693,3.0242,3.8427,
31.61455534,21.03359064,13.87039503,9.301460329,6.864831468,5.839075091,5.583784689,5.690548,5.929791271,6.185822096,6.411078343,6.592827004,6.731740155,6.835737234,0.03125,0.10155,0.18945,0.29935,0.43665,0.6083,0.8229,1.0911,1.4264,1.8455,2.3693,3.0242,3.8427,
33.63945235,20.07064868,12.96562812,8.824567596,6.652032196,5.767345291,5.592528382,5.745145352,6.00276127,6.257430699,6.470397929,6.636580834,6.762239654,6.855889209,0.03125,0.10155,0.18945,0.29935,0.43665,0.6083,0.8229,1.0911,1.4264,1.8455,2.3693,3.0242,3.8427,
21.4146519,16.74032409,12.56360324,8.849557522,6.625588021,5.72377082,5.579111805,5.770007501,6.052169703,6.312334301,6.51847989,6.673340007,6.78748388,6.872852234,0.03125,0.10155,0.18945,0.29935,0.43665,0.6083,0.8229,1.0911,1.4264,1.8455,2.3693,3.0242,3.8427,
32.13057867,20.29838628,14.0394227,9.377344336,6.758583401,5.733944954,5.572272373,5.780680964,6.081245439,6.349206349,6.552650547,6.699718612,6.805962023,6.885155605,0.03125,0.10155,0.18945,0.29935,0.43665,0.6083,0.8229,1.0911,1.4264,1.8455,2.3693,3.0242,3.8427,
25.52127198,18.44950371,13.77429441,9.471490813,6.838074398,5.765017872,5.579423088,5.785697755,6.093473889,6.366588145,6.569870574,6.7132116,6.815238874,6.890848953,0.03125,0.10155,0.18945,0.29935,0.43665,0.6083,0.8229,1.0911,1.4264,1.8455,2.3693,3.0242,3.8427,
29.45681631,20.03205128,14.45212013,9.80103891,7.018036353,5.855829478,5.613877505,5.791058606,6.090504903,6.364562118,6.56943897,6.712760959,6.814310051,6.889424733,0.03125,0.10155,0.18945,0.29935,0.43665,0.6083,0.8229,1.0911,1.4264,1.8455,2.3693,3.0242,3.8427,
29.87125489,20.43151357,14.88272413,10.20293641,7.296607078,6.008893162,5.673115108,5.794414185,6.070908208,6.341556218,6.550075326,6.697923644,6.80318389,6.881365263,0.03125,0.10155,0.18945,0.29935,0.43665,0.6083,0.8229,1.0911,1.4264,1.8455,2.3693,3.0242,3.8427,
36.25158601,23.01760847,16.3741158,11.0631707,7.748334108,6.220065933,5.744485294,5.789382273,6.032818533,6.298022421,6.512536633,6.66888963,6.781959986,6.865774116,0.03125,0.10155,0.18945,0.29935,0.43665,0.6083,0.8229,1.0911,1.4264,1.8455,2.3693,3.0242,3.8427,
28.93183659,21.82072096,17.18390212,11.93118095,8.232485387,6.434592369,5.806526536,5.769341718,5.977286312,6.23596907,6.45911381,6.627783669,6.751282744,6.844158511,0.03125,0.10155,0.18945,0.29935,0.43665,0.6083,0.8229,1.0911,1.4264,1.8455,2.3693,3.0242,3.8427,
30.14045452,22.61727055,18.12316503,12.64030741,8.621432882,6.608948516,5.852744937,5.739869131,5.910864168,6.161809107,6.393861893,6.57635144,6.713662303,6.81709728,0.03125,0.10155,0.18945,0.29935,0.43665,0.6083,0.8229,1.0911,1.4264,1.8455,2.3693,3.0242,3.8427,
33.00874732,23.53827323,18.53155925,12.96226684,8.872327211,6.757669955,5.904581956,5.71787981,5.846243788,6.084205403,6.322311437,6.519329813,6.671114076,6.786102063,0.03125,0.10155,0.18945,0.29935,0.43665,0.6083,0.8229,1.0911,1.4264,1.8455,2.3693,3.0242,3.8427,
20.30580543,19.24520313,16.91560803,12.64398336,9.010632546,6.933370311,5.998440405,5.725409367,5.797101449,6.012144532,6.251172095,6.460365657,6.626027034,6.753106429,0.03125,0.10155,0.18945,0.29935,0.43665,0.6083,0.8229,1.0911,1.4264,1.8455,2.3693,3.0242,3.8427,
42.60758415,26.90196922,18.27251631,12.85016705,9.310986965,7.224389539,6.171315725,5.780680964,5.774338838,5.952735282,6.185056903,6.402458544,6.581112208,6.719978496,0.03125,0.10155,0.18945,0.29935,0.43665,0.6083,0.8229,1.0911,1.4264,1.8455,2.3693,3.0242,3.8427,
28.11911256,22.28561241,16.80163984,12.81016615,9.787608887,7.672830507,6.438735432,5.889281508,5.781349367,5.909816205,6.12745098,6.348803251,6.537656904,6.687174,0.03125,0.10155,0.18945,0.29935,0.43665,0.6083,0.8229,1.0911,1.4264,1.8455,2.3693,3.0242,3.8427,
22.24149819,20.83810873,17.73364072,14.20858198,10.89633229,8.363301832,6.804109682,6.044852808,5.814967727,5.882698982,6.079396924,6.300800202,6.497725796,6.656460095,0.03125,0.10155,0.18945,0.29935,0.43665,0.6083,0.8229,1.0911,1.4264,1.8455,2.3693,3.0242,3.8427,
23.97104298,23.32905634,20.66030329,16.47337902,12.29241189,9.141603437,7.205649229,6.223162611,5.865790709,5.868200223,6.039741499,6.258213906,6.461617989,6.628222973,0.03125,0.10155,0.18945,0.29935,0.43665,0.6083,0.8229,1.0911,1.4264,1.8455,2.3693,3.0242,3.8427,
20.66030329,20.92181518,19.76245529,16.72017121,12.93493727,9.704027171,7.559150352,6.397543343,5.923117929,5.862351976,6.008171113,6.222000996,6.42921435,6.602839221,0.03125,0.10155,0.18945,0.29935,0.43665,0.6083,0.8229,1.0911,1.4264,1.8455,2.3693,3.0242,3.8427,
15.19756839,16.25778341,16.60853679,15.46957907,12.93192634,10.07110198,7.867201636,6.56512605,5.984082341,5.8630394,5.983008257,6.191183754,6.40163882,6.580246101,0.03125,0.10155,0.18945,0.29935,0.43665,0.6083,0.8229,1.0911,1.4264,1.8455,2.3693,3.0242,3.8427,
15.14119161,15.98899957,16.24932972,15.44425397,13.30973074,10.54218455,8.203445447,6.740361283,6.048874909,5.868544601,5.963384817,6.165228113,6.377957778,6.561249262,0.03125,0.10155,0.18945,0.29935,0.43665,0.6083,0.8229,1.0911,1.4264,1.8455,2.3693,3.0242,3.8427,
11.01212435,14.10297996,15.67054251,15.66833273,13.95342347,11.15225052,8.582217645,6.92089418,6.112843083,5.875785886,5.947778505,6.144015729,6.358087487,6.544930951,0.03125,0.10155,0.18945,0.29935,0.43665,0.6083,0.8229,1.0911,1.4264,1.8455,2.3693,3.0242,3.8427,
11.93203513,14.37525157,15.22070015,15.60963427,14.50789229,11.7568219,8.940545373,7.078142695,6.164088023,5.879931793,5.934013767,6.126324818,6.341958397,6.532105298,0.03125,0.10155,0.18945,0.29935,0.43665,0.6083,0.8229,1.0911,1.4264,1.8455,2.3693,3.0242,3.8427,
8.382229673,12.34750827,13.92971068,15.17865274,14.85155867,12.20658423,9.189487227,7.173086579,6.187735907,5.875440658,5.920312593,6.111722283,6.329514526,6.52273172,0.03125,0.10155,0.18945,0.29935,0.43665,0.6083,0.8229,1.0911,1.4264,1.8455,2.3693,3.0242,3.8427,
14.49758615,18.2855471,16.35510197,16.11863314,15.33930544,12.44198923,9.263547939,7.181328546,6.176652254,5.860634121,5.906674542,6.100536847,6.321112516,6.51678071,0.03125,0.10155,0.18945,0.29935,0.43665,0.6083,0.8229,1.0911,1.4264,1.8455,2.3693,3.0242,3.8427,
17.03258333,20.8142536,18.12875039,17.157073,15.6838143,12.40463934,9.160025648,7.109847138,6.137605106,5.840098114,5.895878781,6.094588006,6.317917614,6.515082416,0.03125,0.10155,0.18945,0.29935,0.43665,0.6083,0.8229,1.0911,1.4264,1.8455,2.3693,3.0242,3.8427,
16.16004913,22.0852934,21.04244261,19.17030903,16.23640201,12.27039032,8.968609865,7.000840101,6.090133983,5.823433496,5.892751915,6.096445772,6.321112516,6.518055012,0.03125,0.10155,0.18945,0.29935,0.43665,0.6083,0.8229,1.0911,1.4264,1.8455,2.3693,3.0242,3.8427,
34.21259708,31.48812898,26.70298272,22.09017208,16.97965837,12.17107665,8.793527963,6.907985631,6.05877007,5.822416303,5.902490851,6.108362348,6.331919205,6.5269891,0.03125,0.10155,0.18945,0.29935,0.43665,0.6083,0.8229,1.0911,1.4264,1.8455,2.3693,3.0242,3.8427,
19.75269624,24.31019813,26.40682352,23.30350485,17.40401685,12.11856807,8.698677801,6.869547297,6.063545962,5.845902023,5.929791271,6.132711885,6.35122261,6.541505855,0.03125,0.10155,0.18945,0.29935,0.43665,0.6083,0.8229,1.0911,1.4264,1.8455,2.3693,3.0242,3.8427,
33.46720214,31.55768745,30.2553552,24.91342585,17.85044894,12.19348624,8.719155986,6.905600442,6.113590512,5.897965202,5.975857536,6.169412055,6.378771449,6.56167979,0.03125,0.10155,0.18945,0.29935,0.43665,0.6083,0.8229,1.0911,1.4264,1.8455,2.3693,3.0242,3.8427,
28.81097122,28.95445464,29.09852761,24.81081752,18.05543017,12.37072591,8.847991506,7.010656197,6.205013651,5.975857536,6.038647343,6.216972334,6.413545408,6.58631364,0.03125,0.10155,0.18945,0.29935,0.43665,0.6083,0.8229,1.0911,1.4264,1.8455,2.3693,3.0242,3.8427,
32.86446694,32.43699114,31.16429818,25.81311306,18.57320629,12.67443187,9.048954846,7.16075904,6.32431065,6.07127679,6.112469438,6.271951831,6.453278265,6.61419406,0.03125,0.10155,0.18945,0.29935,0.43665,0.6083,0.8229,1.0911,1.4264,1.8455,2.3693,3.0242,3.8427,
33.89830508,33.12135665,31.32243313,25.92083776,18.79063475,12.90955565,9.248127254,7.321180174,6.453278265,6.173220569,6.191183754,6.330315883,6.494771709,6.643635397,0.03125,0.10155,0.18945,0.29935,0.43665,0.6083,0.8229,1.0911,1.4264,1.8455,2.3693,3.0242,3.8427,
33.45152873,32.64559937,30.713474,25.58788158,18.79663916,13.05926294,9.415309293,7.467702188,6.574189731,6.270771932,6.26644943,6.386103838,6.535093452,6.67200427,0.03125,0.10155,0.18945,0.29935,0.43665,0.6083,0.8229,1.0911,1.4264,1.8455,2.3693,3.0242,3.8427,
36.80123652,35.4786064,32.54254938,26.43334831,19.14975105,13.2596099,9.566631589,7.592437932,6.677796327,6.355258977,6.33272117,6.436248954,6.571597555,6.698372296,0.03125,0.10155,0.18945,0.29935,0.43665,0.6083,0.8229,1.0911,1.4264,1.8455,2.3693,3.0242,3.8427,
36.27657259,36.29895822,33.57169235,27.12232167,19.51371814,13.45569041,9.692740138,7.68816791,6.757213325,6.420958007,6.385696041,6.477103439,6.601967386,6.720430108,0.03125,0.10155,0.18945,0.29935,0.43665,0.6083,0.8229,1.0911,1.4264,1.8455,2.3693,3.0242,3.8427,
35.82046782,35.12222534,32.50446936,26.74368849,19.54231889,13.55638099,9.77326036,7.749535028,6.808278867,6.465377901,6.423020104,6.50702759,6.625149066,6.737636437,0.03125,0.10155,0.18945,0.29935,0.43665,0.6083,0.8229,1.0911,1.4264,1.8455,2.3693,3.0242,3.8427,
32.38971303,33.37338139,31.78235444,26.60777479,19.614766,13.6330793,9.81932443,7.780284758,6.833401667,6.488871585,6.444129398,6.525285481,6.640106242,6.749004522,0.03125,0.10155,0.18945,0.29935,0.43665,0.6083,0.8229,1.0911,1.4264,1.8455,2.3693,3.0242,3.8427,
38.08798324,38.04740707,34.47562573,27.68702586,19.94773693,13.72890896,9.848335631,7.788768596,6.838074398,6.493928177,6.450780544,6.532532009,6.647168306,6.755387421,0.03125,0.10155,0.18945,0.29935,0.43665,0.6083,0.8229,1.0911,1.4264,1.8455,2.3693,3.0242,3.8427,
31.42480045,34.84199157,32.79118573,26.97162585,19.78004589,13.7232568,9.855129595,7.785130401,6.828735318,6.48466377,6.444960041,6.529972574,6.646726487,6.756756757,0.03125,0.10155,0.18945,0.29935,0.43665,0.6083,0.8229,1.0911,1.4264,1.8455,2.3693,3.0242,3.8427,
37.92475728,36.67436828,31.73897864,26.02404622,19.52019364,13.72758971,9.878494517,7.785130401,6.814310051,6.467050378,6.429627725,6.519329813,6.640547181,6.753562504,0.03125,0.10155,0.18945,0.29935,0.43665,0.6083,0.8229,1.0911,1.4264,1.8455,2.3693,3.0242,3.8427,
35.46099291,35.14320857,31.13712791,26.04166667,19.75191594,13.90627173,9.957184108,7.799703611,6.7999456,6.443714157,6.407791875,6.502796202,6.629101757,6.746272684,0.03125,0.10155,0.18945,0.29935,0.43665,0.6083,0.8229,1.0911,1.4264,1.8455,2.3693,3.0242,3.8427,
24.9675422,29.42474621,30.04175804,26.58655252,20.33470932,14.21544935,10.07871476,7.82778865,6.787023212,6.417661404,6.381620932,6.481721545,6.61419406,6.73627484,0.03125,0.10155,0.18945,0.29935,0.43665,0.6083,0.8229,1.0911,1.4264,1.8455,2.3693,3.0242,3.8427,
25.62525625,29.32895354,30.29293266,27.1392515,20.82899396,14.50536699,10.20220776,7.85792865,6.773690984,6.388959877,6.352029473,6.457445435,6.59674121,6.724497344,0.03125,0.10155,0.18945,0.29935,0.43665,0.6083,0.8229,1.0911,1.4264,1.8455,2.3693,3.0242,3.8427,
27.18056046,29.59630638,30.10506668,27.22570106,21.12780207,14.7446956,10.31448876,7.884569897,6.758126647,6.358087487,6.320712976,6.431695395,6.577649148,6.711409396,0.03125,0.10155,0.18945,0.29935,0.43665,0.6083,0.8229,1.0911,1.4264,1.8455,2.3693,3.0242,3.8427,
25.9235256,29.42041777,30.69933075,27.98455253,21.68538839,15.04076046,10.43275049,7.909515147,6.740815639,6.326311128,6.288517168,6.405329234,6.558237146,6.698372296,0.03125,0.10155,0.18945,0.29935,0.43665,0.6083,0.8229,1.0911,1.4264,1.8455,2.3693,3.0242,3.8427,
27.59153492,31.78639542,32.7858103,29.31777537,22.38989768,15.35815211,10.54807814,7.930214116,6.722237161,6.294850812,6.257430699,6.379992344,6.540222368,6.685385747,0.03125,0.10155,0.18945,0.29935,0.43665,0.6083,0.8229,1.0911,1.4264,1.8455,2.3693,3.0242,3.8427,
21.57218052,28.26136107,30.68802553,28.56000457,22.43611317,15.5286737,10.63026863,7.942811755,6.702862122,6.26566416,6.229365228,6.35768326,6.524008351,6.674676278,0.03125,0.10155,0.18945,0.29935,0.43665,0.6083,0.8229,1.0911,1.4264,1.8455,2.3693,3.0242,3.8427,
34.69692238,36.46707024,32.75788646,28.69275795,22.53775073,15.66685989,10.69461526,7.950389569,6.685385747,6.241028522,6.206168932,6.339546089,6.51084055,6.666222252,0.03125,0.10155,0.18945,0.29935,0.43665,0.6083,0.8229,1.0911,1.4264,1.8455,2.3693,3.0242,3.8427,
32.35408309,36.80123652,33.70180642,29.43773918,22.98058141,15.86269253,10.75870379,7.958615201,6.673340007,6.223937263,6.190034045,6.327111674,6.502796202,6.660893892,0.03125,0.10155,0.18945,0.29935,0.43665,0.6083,0.8229,1.0911,1.4264,1.8455,2.3693,3.0242,3.8427,
26.81180792,34.71498993,34.77414195,30.74368986,23.6066193,16.06554743,10.81677465,7.971938776,6.67200427,6.217745446,6.183909468,6.322311437,6.499837504,6.66000666,0.03125,0.10155,0.18945,0.29935,0.43665,0.6083,0.8229,1.0911,1.4264,1.8455,2.3693,3.0242,3.8427,
29.75039419,35.80764135,35.55049948,31.30282351,23.86463976,16.1718093,10.86826575,8.000640051,6.688068486,6.227037798,6.190034045,6.327111674,6.504065041,6.663557007,0.03125,0.10155,0.18945,0.29935,0.43665,0.6083,0.8229,1.0911,1.4264,1.8455,2.3693,3.0242,3.8427,
29.21755391,34.3997248,34.67767105,31.08969377,23.93489708,16.29062475,10.9621477,8.063865817,6.729475101,6.255473539,6.210408645,6.341958397,6.515506906,6.67200427,0.03125,0.10155,0.18945,0.29935,0.43665,0.6083,0.8229,1.0911,1.4264,1.8455,2.3693,3.0242,3.8427,
32.35408309,35.97769383,36.03473749,32.17503218,24.59177651,16.65140288,11.1642031,8.181966945,6.804109682,6.305567816,6.245316013,6.367398918,6.53381248,6.685385747,0.03125,0.10155,0.18945,0.29935,0.43665,0.6083,0.8229,1.0911,1.4264,1.8455,2.3693,3.0242,3.8427,
24.38548576,31.78134435,35.54418142,33.09066843,25.49394519,17.21555598,11.47618119,8.357709987,6.910850035,6.375924509,6.294058409,6.40163882,6.558237146,6.702862122,0.03125,0.10155,0.18945,0.29935,0.43665,0.6083,0.8229,1.0911,1.4264,1.8455,2.3693,3.0242,3.8427,
19.59785208,28.6475492,33.11039004,32.12748185,25.78582295,17.74150625,11.83600038,8.568980291,7.039774727,6.460783047,6.353240152,6.443298969,6.587615283,6.724045186,0.03125,0.10155,0.18945,0.29935,0.43665,0.6083,0.8229,1.0911,1.4264,1.8455,2.3693,3.0242,3.8427,
21.14343708,26.84635829,28.91259722,29.42474621,25.35818435,18.10905272,12.17359547,8.781173165,7.17411579,6.551791915,6.417249567,6.489292667,6.620324396,6.747183051,0.03125,0.10155,0.18945,0.29935,0.43665,0.6083,0.8229,1.0911,1.4264,1.8455,2.3693,3.0242,3.8427,
18.79451952,25.17686749,27.35454222,28.5624518,25.37491436,18.42706567,12.43781095,8.958165368,7.295542424,6.639224539,6.481301445,6.535947712,6.654245409,6.771397616,0.03125,0.10155,0.18945,0.29935,0.43665,0.6083,0.8229,1.0911,1.4264,1.8455,2.3693,3.0242,3.8427,
14.96065348,22.6295542,27.16210343,29.03769092,25.64102564,18.55631843,12.55508544,9.067827349,7.388798581,6.714563889,6.540650141,6.580679126,6.687174,6.795324817,0.03125,0.10155,0.18945,0.29935,0.43665,0.6083,0.8229,1.0911,1.4264,1.8455,2.3693,3.0242,3.8427,
19.46547797,25.31581479,29.00484381,29.75304969,25.44982567,18.29792684,12.48268028,9.097525473,7.448789572,6.775067751,6.591957811,6.621639518,6.718172657,6.81849175,0.03125,0.10155,0.18945,0.29935,0.43665,0.6083,0.8229,1.0911,1.4264,1.8455,2.3693,3.0242,3.8427,
17.19040088,23.19593607,27.69929644,28.54044181,24.34037582,17.68471687,12.27521021,9.071940488,7.483349547,6.822678584,6.636140421,6.657789614,6.745817593,6.839477464,0.03125,0.10155,0.18945,0.29935,0.43665,0.6083,0.8229,1.0911,1.4264,1.8455,2.3693,3.0242,3.8427,
18.58390634,23.07337333,26.38383199,26.83339147,23.05209774,17.06135262,12.06986035,9.04159132,7.509762691,6.862475981,6.674230795,6.688963211,6.770480704,6.858240176,0.03125,0.10155,0.18945,0.29935,0.43665,0.6083,0.8229,1.0911,1.4264,1.8455,2.3693,3.0242,3.8427,
18.46653863,22.21580432,25.03003604,25.61016211,22.30848168,16.74424835,11.98279271,9.045680687,7.542615779,6.899882702,6.707807888,6.716367788,6.792094003,6.874269609,0.03125,0.10155,0.18945,0.29935,0.43665,0.6083,0.8229,1.0911,1.4264,1.8455,2.3693,3.0242,3.8427,
19.39977108,23.4318251,25.94302911,26.10829722,22.50731488,16.82340472,12.03659124,9.094216079,7.585526815,6.936255809,6.736728645,6.739452756,6.809669731,6.888001102,0.03125,0.10155,0.18945,0.29935,0.43665,0.6083,0.8229,1.0911,1.4264,1.8455,2.3693,3.0242,3.8427,
19.23298842,23.24662343,26.1335424,26.54491399,22.89429703,17.05727834,12.16397032,9.167583425,7.632422531,6.968641115,6.760868095,6.757669955,6.82360969,6.898454746,0.03125,0.10155,0.18945,0.29935,0.43665,0.6083,0.8229,1.0911,1.4264,1.8455,2.3693,3.0242,3.8427,
21.51370423,24.06623027,26.97671909,27.44161796,23.5150261,17.38223536,12.31967082,9.244707405,7.674008134,6.993985173,6.777822963,6.770022341,6.832934745,6.906077348,0.03125,0.10155,0.18945,0.29935,0.43665,0.6083,0.8229,1.0911,1.4264,1.8455,2.3693,3.0242,3.8427,
18.76067013,23.66079879,28.510335,29.13583125,24.45645528,17.76798564,12.47053835,9.306654258,7.701786815,7.007217434,6.785181164,6.775526797,6.838074398,6.910372469,0.03125,0.10155,0.18945,0.29935,0.43665,0.6083,0.8229,1.0911,1.4264,1.8455,2.3693,3.0242,3.8427,
15.35060788,21.90532518,27.44387727,28.72407652,24.48939609,17.88332916,12.5388705,9.333582229,7.708317274,7.00623555,6.783340117,6.774608766,6.838074398,6.911327666,0.03125,0.10155,0.18945,0.29935,0.43665,0.6083,0.8229,1.0911,1.4264,1.8455,2.3693,3.0242,3.8427,
28.73810961,29.29029612,28.09462269,27.32912465,23.68489614,17.67940173,12.50171899,9.317059536,7.692307692,6.992029087,6.772773451,6.767731456,6.834335703,6.910372469,0.03125,0.10155,0.18945,0.29935,0.43665,0.6083,0.8229,1.0911,1.4264,1.8455,2.3693,3.0242,3.8427,
24.16976845,26.75227394,26.31301968,26.06542421,23.06964727,17.46755402,12.42482978,9.273856997,7.659900421,6.967184561,6.7549311,6.75630025,6.828269034,6.907031358,0.03125,0.10155,0.18945,0.29935,0.43665,0.6083,0.8229,1.0911,1.4264,1.8455,2.3693,3.0242,3.8427,
16.75940202,23.04306749,26.38731298,26.88677977,23.40550029,17.48312878,12.37669715,9.226794612,7.621370322,6.937699459,6.734006734,6.743088334,6.82035193,6.903216899,0.03125,0.10155,0.18945,0.29935,0.43665,0.6083,0.8229,1.0911,1.4264,1.8455,2.3693,3.0242,3.8427,
18.55321991,23.89372073,27.63957988,27.93764318,23.83278915,17.56049591,12.35666271,9.190331771,7.586677794,6.90989497,6.714113066,6.72992799,6.812917291,6.899406651,0.03125,0.10155,0.18945,0.29935,0.43665,0.6083,0.8229,1.0911,1.4264,1.8455,2.3693,3.0242,3.8427,
20.22612811,24.70111649,27.76466669,27.94623145,23.9102886,17.6230086,12.36996079,9.175995596,7.56429652,6.888950124,6.698372296,6.719978496,6.80735194,6.897027381,0.03125,0.10155,0.18945,0.29935,0.43665,0.6083,0.8229,1.0911,1.4264,1.8455,2.3693,3.0242,3.8427,
17.14060438,23.39017145,27.0870578,27.73002052,24.04019521,17.78062268,12.44322777,9.192866336,7.559721802,6.878998418,6.689858175,6.714563889,6.804572673,6.896551724,0.03125,0.10155,0.18945,0.29935,0.43665,0.6083,0.8229,1.0911,1.4264,1.8455,2.3693,3.0242,3.8427,
23.34648519,28.834232,29.34788989,28.4770475,24.46363481,18.05347439,12.57197455,9.240436149,7.573462587,6.881838827,6.689858175,6.715014773,6.806425265,6.898930666,0.03125,0.10155,0.18945,0.29935,0.43665,0.6083,0.8229,1.0911,1.4264,1.8455,2.3693,3.0242,3.8427,
20.30704248,27.00877785,27.97046319,27.86058563,24.55614763,18.29625293,12.71763045,9.306654258,7.603406326,6.896551724,6.69926978,6.722237161,6.812453164,6.904170119,0.03125,0.10155,0.18945,0.29935,0.43665,0.6083,0.8229,1.0911,1.4264,1.8455,2.3693,3.0242,3.8427,
18.97533207,25.12941649,27.14661889,27.99316967,25.00937852,18.61989349,12.87780253,9.3835038,7.644675484,6.922810661,6.717721349,6.73627484,6.82360969,6.913238852,0.03125,0.10155,0.18945,0.29935,0.43665,0.6083,0.8229,1.0911,1.4264,1.8455,2.3693,3.0242,3.8427,
25.28892598,29.67799377,31.38239448,31.14100648,26.47113323,19.0970896,13.03916967,9.460737938,7.692899454,6.957489738,6.743997842,6.756756757,6.839477464,6.925207756,0.03125,0.10155,0.18945,0.29935,0.43665,0.6083,0.8229,1.0911,1.4264,1.8455,2.3693,3.0242,3.8427,
17.24613687,25.37362665,31.95909236,32.86014721,27.29183155,19.32143133,13.12284293,9.521089213,7.744133819,6.999370057,6.777822963,6.782880011,6.85965153,6.940588562,0.03125,0.10155,0.18945,0.29935,0.43665,0.6083,0.8229,1.0911,1.4264,1.8455,2.3693,3.0242,3.8427,
17.0575693,24.3973846,30.10053579,31.22853039,26.48796122,19.08469789,13.10495761,9.563886764,7.796663028,7.047713017,6.818026863,6.814774431,6.883733737,6.958942241,0.03125,0.10155,0.18945,0.29935,0.43665,0.6083,0.8229,1.0911,1.4264,1.8455,2.3693,3.0242,3.8427,
27.72002772,30.00120005,29.85520227,29.34616739,25.38844318,18.76137408,13.07172455,9.607070804,7.854225573,7.10176834,6.863417982,6.850722751,6.911805364,6.979828296,0.03125,0.10155,0.18945,0.29935,0.43665,0.6083,0.8229,1.0911,1.4264,1.8455,2.3693,3.0242,3.8427,
27.05261734,30.75882009,30.05710851,29.13922723,25.18828241,18.69158879,13.09089005,9.66276935,7.917656374,7.16075904,6.913238852,6.890374147,6.942034016,7.00280112,0.03125,0.10155,0.18945,0.29935,0.43665,0.6083,0.8229,1.0911,1.4264,1.8455,2.3693,3.0242,3.8427,
19.30986541,26.13149368,29.44120591,29.6647879,25.4796545,18.75679934,13.13249373,9.721952168,7.983394539,7.222824124,6.966213863,6.932889628,6.974959894,7.026913077,0.03125,0.10155,0.18945,0.29935,0.43665,0.6083,0.8229,1.0911,1.4264,1.8455,2.3693,3.0242,3.8427,
25.45824847,29.91772625,32.24246332,31.22755519,25.92083776,18.80441528,13.15841415,9.776126699,8.04893754,7.285974499,7.02000702,6.976419701,7.008199594,7.052186178,0.03125,0.10155,0.18945,0.29935,0.43665,0.6083,0.8229,1.0911,1.4264,1.8455,2.3693,3.0242,3.8427,
25.82911458,30.80619821,33.56380479,32.01639239,26.07357964,18.78675158,13.17661941,9.830908376,8.114907084,7.349158521,7.074637425,7.02000702,7.041757623,7.07764173,0.03125,0.10155,0.18945,0.29935,0.43665,0.6083,0.8229,1.0911,1.4264,1.8455,2.3693,3.0242,3.8427,
28.25098172,32.14090573,34.14134517,32.18745977,26.10148256,18.81821603,13.23451562,9.899029895,8.182636445,7.410701052,7.127075761,7.062146893,7.074637425,7.102272727,0.03125,0.10155,0.18945,0.29935,0.43665,0.6083,0.8229,1.0911,1.4264,1.8455,2.3693,3.0242,3.8427,
26.99419625,31.04722283,33.31334533,31.93153878,26.22606871,18.99046679,13.3539875,9.982032342,8.249463785,7.467702188,7.175660161,7.10176834,7.105805443,7.126060001,0.03125,0.10155,0.18945,0.29935,0.43665,0.6083,0.8229,1.0911,1.4264,1.8455,2.3693,3.0242,3.8427,
24.42956955,29.40484592,31.97442046,31.36369339,26.30678978,19.18796531,13.47690732,10.05398993,8.302889406,7.515406583,7.218131947,7.137249304,7.134194193,7.147962831,0.03125,0.10155,0.18945,0.29935,0.43665,0.6083,0.8229,1.0911,1.4264,1.8455,2.3693,3.0242,3.8427,
18.66855841,23.15672471,27.19386506,29.00400255,25.70099463,19.14315249,13.49746248,10.07414571,8.329168749,7.547169811,7.251105794,7.16794495,7.159221077,7.16794495,0.03125,0.10155,0.18945,0.29935,0.43665,0.6083,0.8229,1.0911,1.4264,1.8455,2.3693,3.0242,3.8427,
18.20598249,22.14447053,26.41868329,28.53392684,25.39424566,18.93616618,13.37864234,10.02224939,8.320159747,7.561436673,7.274843591,7.192692225,7.181328546,7.185972981,0.03125,0.10155,0.18945,0.29935,0.43665,0.6083,0.8229,1.0911,1.4264,1.8455,2.3693,3.0242,3.8427,
19.38886304,24.4977952,29.06469802,29.81692409,25.32735608,18.54736998,13.12129323,9.903931861,8.280887711,7.561436673,7.291286912,7.213966239,7.200979333,7.203054095,0.03125,0.10155,0.18945,0.29935,0.43665,0.6083,0.8229,1.0911,1.4264,1.8455,2.3693,3.0242,3.8427,
16.46415753,22.56114069,27.78472396,28.60821056,24.21424766,17.82562969,12.76340477,9.753242953,8.230452675,7.556865412,7.30513551,7.232749892,7.219695329,7.218131947,0.03125,0.10155,0.18945,0.29935,0.43665,0.6083,0.8229,1.0911,1.4264,1.8455,2.3693,3.0242,3.8427,
29.96524032,31.51790217,29.88732479,27.40326647,22.82062985,17.0633905,12.43332629,9.626492106,8.192692119,7.558007709,7.32171621,7.252157517,7.237461099,7.232749892,0.03125,0.10155,0.18945,0.29935,0.43665,0.6083,0.8229,1.0911,1.4264,1.8455,2.3693,3.0242,3.8427,
18.32643038,25.15533419,24.9538354,23.92001148,21.1380739,16.46063439,12.23810456,9.570293808,8.188666885,7.575183698,7.34484025,7.274314396,7.255840952,7.247427163,0.03125,0.10155,0.18945,0.29935,0.43665,0.6083,0.8229,1.0911,1.4264,1.8455,2.3693,3.0242,3.8427,
19.85663509,23.89429165,22.06141899,21.79693971,20.30044661,16.29460649,12.24170013,9.600614439,8.224360556,7.609191904,7.374631268,7.298737318,7.274314396,7.261109498,0.03125,0.10155,0.18945,0.29935,0.43665,0.6083,0.8229,1.0911,1.4264,1.8455,2.3693,3.0242,3.8427,
22.27072291,24.22539306,22.31246374,22.37436792,20.85114369,16.62703889,12.41156758,9.694619486,8.286377196,7.654623393,7.409053864,7.32386114,7.292350325,7.274314396,0.03125,0.10155,0.18945,0.29935,0.43665,0.6083,0.8229,1.0911,1.4264,1.8455,2.3693,3.0242,3.8427,
10.56356626,15.89951506,20.62961588,23.47087265,21.93463479,17.1183046,12.60811458,9.792401097,8.347942232,7.69882208,7.44047619,7.346459007,7.308338815,7.285443684,0.03125,0.10155,0.18945,0.29935,0.43665,0.6083,0.8229,1.0911,1.4264,1.8455,2.3693,3.0242,3.8427,
16.8725113,20.40857977,24.72860358,26.30817395,23.09415487,17.41826479,12.68439946,9.832841691,8.38293235,7.728572533,7.463800567,7.363228039,7.320108338,7.293414047,0.03125,0.10155,0.18945,0.29935,0.43665,0.6083,0.8229,1.0911,1.4264,1.8455,2.3693,3.0242,3.8427,
15.87578784,19.78356777,24.61417284,26.23157232,22.82062985,17.15766175,12.54579214,9.782821366,8.37520938,7.735746886,7.473841555,7.371913011,7.326544069,7.298204642,0.03125,0.10155,0.18945,0.29935,0.43665,0.6083,0.8229,1.0911,1.4264,1.8455,2.3693,3.0242,3.8427,
15.07499812,19.23668821,23.37595549,24.70660902,21.67457789,16.52510163,12.25039814,9.657170449,8.32570144,7.718431615,7.468817686,7.37082627,7.326544069,7.298737318,0.03125,0.10155,0.18945,0.29935,0.43665,0.6083,0.8229,1.0911,1.4264,1.8455,2.3693,3.0242,3.8427,
19.98920583,21.914446,23.41262409,23.5687855,20.63898291,15.91444395,11.93773279,9.504799924,8.2515059,7.682261658,7.450454478,7.361059993,7.321180174,7.295010213,0.03125,0.10155,0.18945,0.29935,0.43665,0.6083,0.8229,1.0911,1.4264,1.8455,2.3693,3.0242,3.8427,
18.86258606,21.46798051,23.0952216,23.22017369,20.28850251,15.61621588,11.72552882,9.368559116,8.170602173,7.634753397,7.422251911,7.343761475,7.30994152,7.288098535,0.03125,0.10155,0.18945,0.29935,0.43665,0.6083,0.8229,1.0911,1.4264,1.8455,2.3693,3.0242,3.8427,
16.46090535,20.74990144,23.91943933,24.28894125,20.8276925,15.69981945,11.64347674,9.267840593,8.09126952,7.579777155,7.386069872,7.319572537,7.29447808,7.278020378,0.03125,0.10155,0.18945,0.29935,0.43665,0.6083,0.8229,1.0911,1.4264,1.8455,2.3693,3.0242,3.8427,
16.81746325,21.46567638,25.4207128,25.78382838,21.64408467,15.92762487,11.61899008,9.182736455,8.010894817,7.519362358,7.343761475,7.291286912,7.275902212,7.265857735,0.03125,0.10155,0.18945,0.29935,0.43665,0.6083,0.8229,1.0911,1.4264,1.8455,2.3693,3.0242,3.8427,
18.66089423,23.21478317,26.54068687,26.42287164,21.94763295,15.96908385,11.53775152,9.077705156,7.921419518,7.452120128,7.297139521,7.260055176,7.25478816,7.252683493,0.03125,0.10155,0.18945,0.29935,0.43665,0.6083,0.8229,1.0911,1.4264,1.8455,2.3693,3.0242,3.8427,
13.26471056,19.56870573,23.46426393,24.36231637,21.01944298,15.5782652,11.31861913,8.929368694,7.81555295,7.378984652,7.247952453,7.227522405,7.233796296,7.239556939,0.03125,0.10155,0.18945,0.29935,0.43665,0.6083,0.8229,1.0911,1.4264,1.8455,2.3693,3.0242,3.8427,
19.8035488,23.34485013,23.04253652,22.626994,19.75620839,14.93897429,10.99541491,8.745845723,7.701786815,7.305669199,7.1999424,7.196833393,7.215007215,7.227522405,0.03125,0.10155,0.18945,0.29935,0.43665,0.6083,0.8229,1.0911,1.4264,1.8455,2.3693,3.0242,3.8427,
19.46093218,23.23258137,22.85714286,22.02740209,18.98794266,14.37442502,10.6721308,8.566778035,7.59762954,7.242178447,7.160246312,7.172572084,7.1999424,7.218652999,0.03125,0.10155,0.18945,0.29935,0.43665,0.6083,0.8229,1.0911,1.4264,1.8455,2.3693,3.0242,3.8427,
16.36902326,22.70508367,24.42539264,23.0139004,18.94334047,14.05343115,10.44419146,8.440243079,7.527853056,7.200979333,7.135721421,7.157683774,7.191657677,7.214486689,0.03125,0.10155,0.18945,0.29935,0.43665,0.6083,0.8229,1.0911,1.4264,1.8455,2.3693,3.0242,3.8427,
20.93320215,24.58935773,25.60753886,23.55157796,18.92792247,13.91865935,10.3604397,8.403361345,7.512019231,7.19372707,7.132158905,7.156659271,7.192174914,7.216048492,0.03125,0.10155,0.18945,0.29935,0.43665,0.6083,0.8229,1.0911,1.4264,1.8455,2.3693,3.0242,3.8427,
18.03849415,21.84359983,23.97104298,22.95209897,18.85725061,14.0077603,10.46189256,8.481044865,7.56486875,7.227522405,7.153587524,7.171543316,7.203054095,7.224389539,0.03125,0.10155,0.18945,0.29935,0.43665,0.6083,0.8229,1.0911,1.4264,1.8455,2.3693,3.0242,3.8427,
16.91331924,21.07259509,23.1679911,22.63928822,19.08834084,14.38248788,10.7584723,8.676036786,7.686985933,7.303001534,7.200979333,7.202016565,7.223867659,7.239032865,0.03125,0.10155,0.18945,0.29935,0.43665,0.6083,0.8229,1.0911,1.4264,1.8455,2.3693,3.0242,3.8427,
15.01884866,18.55356414,20.97315436,21.75000544,19.32255135,14.92693266,11.19833369,8.965393581,7.866582756,7.414547342,7.271140842,7.247427163,7.254261879,7.260055176,0.03125,0.10155,0.18945,0.29935,0.43665,0.6083,0.8229,1.0911,1.4264,1.8455,2.3693,3.0242,3.8427,
14.48540595,18.06586816,20.64409579,21.89573252,19.92389074,15.60427557,11.71783454,9.310120101,8.086035417,7.552299675,7.358893222,7.304068366,7.292350325,7.285974499,0.03125,0.10155,0.18945,0.29935,0.43665,0.6083,0.8229,1.0911,1.4264,1.8455,2.3693,3.0242,3.8427,
14.39449554,18.79487276,21.83978335,22.94209415,20.72281167,16.26280696,12.23017183,9.669309611,8.322237017,7.704753833,7.457121551,7.369196758,7.335680751,7.315824128,0.03125,0.10155,0.18945,0.29935,0.43665,0.6083,0.8229,1.0911,1.4264,1.8455,2.3693,3.0242,3.8427,
14.39884809,18.57562135,21.62723301,22.76400555,20.79261446,16.6165401,12.6495813,10.00930866,8.560910881,7.862253322,7.560864963,7.437709186,7.382253064,7.348078477,0.03125,0.10155,0.18945,0.29935,0.43665,0.6083,0.8229,1.0911,1.4264,1.8455,2.3693,3.0242,3.8427,
12.73479784,16.08570463,18.87825414,20.67867408,19.92309685,16.65029388,12.98498935,10.33153909,8.795074758,8.019889326,7.665184731,7.507507508,7.429972509,7.381163271,0.03125,0.10155,0.18945,0.29935,0.43665,0.6083,0.8229,1.0911,1.4264,1.8455,2.3693,3.0242,3.8427,
10.87819683,14.03784603,16.62178784,18.9218339,19.24001924,16.78471919,13.36523169,10.66734938,9.030976249,8.175277959,7.766990291,7.575757576,7.476635514,7.412898443,0.03125,0.10155,0.18945,0.29935,0.43665,0.6083,0.8229,1.0911,1.4264,1.8455,2.3693,3.0242,3.8427,
11.98279271,14.9653552,17.20785366,19.43823501,19.87913486,17.46694381,13.91904682,11.04459809,9.270418096,8.32570144,7.862871521,7.639419404,7.519927809,7.443245255,0.03125,0.10155,0.18945,0.29935,0.43665,0.6083,0.8229,1.0911,1.4264,1.8455,2.3693,3.0242,3.8427,
13.28444657,17.04506716,19.82632142,21.9543788,21.77605505,18.66611913,14.61795963,11.44256405,9.49938254,8.461668641,7.947862025,7.695267411,7.558007709,7.469933518,0.03125,0.10155,0.18945,0.29935,0.43665,0.6083,0.8229,1.0911,1.4264,1.8455,2.3693,3.0242,3.8427,
14.09224785,18.87148519,22.22617354,24.29661305,23.59993392,19.82946659,15.26997312,11.79203566,9.690861518,8.572653236,8.016674683,7.740537193,7.58955677,7.492881762,0.03125,0.10155,0.18945,0.29935,0.43665,0.6083,0.8229,1.0911,1.4264,1.8455,2.3693,3.0242,3.8427,
13.49127115,18.04272517,21.42107405,24.1656799,24.14642391,20.47292456,15.69612306,12.02587969,9.817396426,8.646031472,8.06321561,7.772423442,7.612667479,7.510326699,0.03125,0.10155,0.18945,0.29935,0.43665,0.6083,0.8229,1.0911,1.4264,1.8455,2.3693,3.0242,3.8427,
12.79901704,16.58952537,20.01360925,23.49568854,24.18964683,20.71508472,15.8621893,12.1131367,9.865824783,8.676789588,8.086035417,7.790588969,7.627765065,7.522756338,0.03125,0.10155,0.18945,0.29935,0.43665,0.6083,0.8229,1.0911,1.4264,1.8455,2.3693,3.0242,3.8427,
13.66344209,17.42403122,21.000021,24.30015552,24.50439854,20.69450768,15.77088065,12.04920897,9.833808634,8.665511265,8.08538163,7.795447459,7.635336337,7.530687552,0.03125,0.10155,0.18945,0.29935,0.43665,0.6083,0.8229,1.0911,1.4264,1.8455,2.3693,3.0242,3.8427,
11.62263625,16.13189437,20.67995699,24.09174135,23.98426632,20.12882448,15.39266693,11.84637619,9.735202492,8.619946556,8.067118425,7.791195949,7.637085688,7.534659433,0.03125,0.10155,0.18945,0.29935,0.43665,0.6083,0.8229,1.0911,1.4264,1.8455,2.3693,3.0242,3.8427,
11.5797031,15.53301542,19.5599022,22.66032178,22.60960004,19.14938435,14.83459427,11.56350097,9.597850082,8.55578371,8.039231449,7.780890134,7.635336337,7.536930962,0.03125,0.10155,0.18945,0.29935,0.43665,0.6083,0.8229,1.0911,1.4264,1.8455,2.3693,3.0242,3.8427,
21.11887817,22.50174389,22.65518804,23.11924909,21.9091646,18.36682217,14.3258266,11.28973988,9.461633078,8.491126773,8.010894817,7.770611547,7.633587786,7.53920386,0.03125,0.10155,0.18945,0.29935,0.43665,0.6083,0.8229,1.0911,1.4264,1.8455,2.3693,3.0242,3.8427,
21.03403307,23.95266953,24.01883076,23.68433518,21.76610147,17.97203551,13.99678074,11.09004004,9.357162908,8.442380751,7.991688644,7.765180929,7.634753397,7.542615779,0.03125,0.10155,0.18945,0.29935,0.43665,0.6083,0.8229,1.0911,1.4264,1.8455,2.3693,3.0242,3.8427,
19.05124786,23.541598,24.75799064,24.43971943,22.0696961,17.93046565,13.86155083,10.98418278,9.299730308,8.418925745,7.986582541,7.768800497,7.641170627,7.54944889,0.03125,0.10155,0.18945,0.29935,0.43665,0.6083,0.8229,1.0911,1.4264,1.8455,2.3693,3.0242,3.8427,
19.5549298,24.06159769,25.32607319,25.01939003,22.46080589,18.06325753,13.85828518,10.95746313,9.287638154,8.423180593,7.998720205,7.782706825,7.654037505,7.559721802,0.03125,0.10155,0.18945,0.29935,0.43665,0.6083,0.8229,1.0911,1.4264,1.8455,2.3693,3.0242,3.8427,
19.43823501,23.349756,24.67734373,24.8818114,22.6193169,18.19438885,13.90975352,10.98225268,9.313588526,8.453085376,8.028259473,7.807620237,7.673419276,7.574609908,0.03125,0.10155,0.18945,0.29935,0.43665,0.6083,0.8229,1.0911,1.4264,1.8455,2.3693,3.0242,3.8427,
20.98327633,23.74450908,24.76105581,25.04319952,22.803457,18.31233519,13.97682642,11.03570049,9.366804046,8.5041245,8.071676487,7.841907152,7.698229407,7.592437932,0.03125,0.10155,0.18945,0.29935,0.43665,0.6083,0.8229,1.0911,1.4264,1.8455,2.3693,3.0242,3.8427,
16.49566164,21.26799804,24.53205112,25.53626149,23.13368959,18.43555851,14.04395759,11.10420183,9.438414346,8.57118368,8.126777733,7.883326764,7.728572533,7.61324705,0.03125,0.10155,0.18945,0.29935,0.43665,0.6083,0.8229,1.0911,1.4264,1.8455,2.3693,3.0242,3.8427,
18.98145512,23.90171614,26.73725301,26.76516246,23.5211102,18.50686605,14.08946812,11.17518216,9.521089213,8.647526807,8.189337483,7.929585283,7.760962359,7.635919365,0.03125,0.10155,0.18945,0.29935,0.43665,0.6083,0.8229,1.0911,1.4264,1.8455,2.3693,3.0242,3.8427,
26.15473139,28.65822204,28.27574507,26.7730449,23.23474058,18.34828719,14.07360495,11.23481895,9.605225243,8.729050279,8.254911672,7.977662545,7.794232268,7.658140603,0.03125,0.10155,0.18945,0.29935,0.43665,0.6083,0.8229,1.0911,1.4264,1.8455,2.3693,3.0242,3.8427,
25.84313219,27.27843094,26.26119383,25.17053034,22.38638908,18.03036313,14.01070418,11.2778987,9.683354314,8.807468733,8.318775476,8.024394158,7.825338446,7.678722261,0.03125,0.10155,0.18945,0.29935,0.43665,0.6083,0.8229,1.0911,1.4264,1.8455,2.3693,3.0242,3.8427,
17.46023432,20.91393914,23.06432641,23.84301757,21.85553491,17.80499964,13.94427866,11.30275561,9.747538746,8.875477057,8.37520938,8.065166546,7.85299199,7.697044335,0.03125,0.10155,0.18945,0.29935,0.43665,0.6083,0.8229,1.0911,1.4264,1.8455,2.3693,3.0242,3.8427,
23.61052085,24.59540558,25.77917558,25.38650961,22.25684398,17.73143962,13.85060735,11.2871913,9.781864423,8.923790826,8.418217022,8.095854922,7.874015748,7.710100231,0.03125,0.10155,0.18945,0.29935,0.43665,0.6083,0.8229,1.0911,1.4264,1.8455,2.3693,3.0242,3.8427,
20.90432092,24.08071857,26.94836693,26.25223144,22.20544478,17.37287399,13.59915141,11.1860577,9.766578767,8.941344778,8.440243079,8.114248621,7.88519161,7.717240315,0.03125,0.10155,0.18945,0.29935,0.43665,0.6083,0.8229,1.0911,1.4264,1.8455,2.3693,3.0242,3.8427,
24.57062827,25.67789647,27.37850787,25.6160664,21.12646301,16.52264428,13.12870065,10.978274,9.692740138,8.921402444,8.438106489,8.114907084,7.886435331,7.716644803,0.03125,0.10155,0.18945,0.29935,0.43665,0.6083,0.8229,1.0911,1.4264,1.8455,2.3693,3.0242,3.8427,
31.62555345,28.57224492,27.12305731,23.76482331,19.27450754,15.30596627,12.48190124,10.67406735,9.558401835,8.862105636,8.409014464,8.098477486,7.874635798,7.708317274,0.03125,0.10155,0.18945,0.29935,0.43665,0.6083,0.8229,1.0911,1.4264,1.8455,2.3693,3.0242,3.8427,
25.43752544,24.91156395,23.73605507,20.70822116,17.03954879,13.9456399,11.7493626,10.30449791,9.373828271,8.766546857,8.354218881,8.063865817,7.851142341,7.691716022,0.03125,0.10155,0.18945,0.29935,0.43665,0.6083,0.8229,1.0911,1.4264,1.8455,2.3693,3.0242,3.8427,
30.6213063,25.57741003,21.53037937,17.94108149,14.9169128,12.62307498,11.00267365,9.898050084,9.149130833,8.63632438,8.274720728,8.012178511,7.816163827,7.667535654,0.03125,0.10155,0.18945,0.29935,0.43665,0.6083,0.8229,1.0911,1.4264,1.8455,2.3693,3.0242,3.8427,
21.73487796,19.45790283,16.97274178,14.72927591,12.84967169,11.37527016,10.27348004,9.472387989,8.896005693,8.479606546,8.173941475,7.945336088,7.771215418,7.636502482,0.03125,0.10155,0.18945,0.29935,0.43665,0.6083,0.8229,1.0911,1.4264,1.8455,2.3693,3.0242,3.8427,
14.77694206,14.122698,13.14889812,12.10360687,11.11988346,10.27063113,9.578544061,9.036688957,8.619946556,8.301510875,8.056719304,7.865963974,7.717240315,7.600516835,0.03125,0.10155,0.18945,0.29935,0.43665,0.6083,0.8229,1.0911,1.4264,1.8455,2.3693,3.0242,3.8427,
11.24568447,11.00727581,10.62552464,10.17946395,9.725734293,9.299730308,8.921402444,8.599191676,8.329862557,8.108327252,7.927070947,7.77907429,7.658140603,7.560293339,0.03125,0.10155,0.18945,0.29935,0.43665,0.6083,0.8229,1.0911,1.4264,1.8455,2.3693,3.0242,3.8427,
10.12996748,9.9990001,9.778038525,9.506607092,9.217439395,8.931761343,8.664009704,8.422471153,8.210180624,8.027614996,7.872775941,7.741735697,7.633587786,7.543753772,0.03125,0.10155,0.18945,0.29935,0.43665,0.6083,0.8229,1.0911,1.4264,1.8455,2.3693,3.0242,3.8427,
9.731413001,9.631127805,9.458948165,9.244707405,9.010632546,8.774238835,8.548469824,8.34028357,8.15261699,7.988496565,7.846214202,7.724393635,7.62195122,7.536362951,0.03125,0.10155,0.18945,0.29935,0.43665,0.6083,0.8229,1.0911,1.4264,1.8455,2.3693,3.0242,3.8427,
9.597850082,9.506607092,9.350163628,9.153318078,8.936550492,8.716116099,8.5041245,8.307027745,8.128759551,7.971303308,7.834534629,7.716644803,7.616726331,7.532956685,0.03125,0.10155,0.18945,0.29935,0.43665,0.6083,0.8229,1.0911,1.4264,1.8455,2.3693,3.0242,3.8427,
